YEAR,COUNTRY OF PRODUCTION,PORT OF EXPORT,EXPORTER,EXPORTER GROUP,IMPORTER,IMPORTER GROUP,COUNTRY,ECONOMIC BLOC,TYPE,FOB,PALM_OIL_EQUIVALENT_TONNES
2016,COLOMBIA,ADUANAS DE BARRANQUI,C I ACEPALMA S A,C I ACEPALMA S A,IOI LODERS CROKLAAN,IOI LODERS CROKLAAN,GERMANY,EUROPEAN UNION,Palm oil equivalents,1577006.88,3000.679
2013,COLOMBIA,ADUANAS DE BARRANQUI,C I BIOCOSTA S A,C I BIOCOSTA S A,CARGILL AMERICAS INC,CARGILL,CANADA,CANADA,Palm oil equivalents,66490.88,49.9621052631579
2013,COLOMBIA,ADUANAS DE BARRANQUI,C I BIOCOSTA S A,C I BIOCOSTA S A,CARGILL AMERICAS INC,CARGILL,NETHERLANDS,EUROPEAN UNION,Palm oil equivalents,5075524.3,6156.95926315789
2018,COLOMBIA,ADUANAS DE BARRANQUI,GRASAS Y ACEITES VEGETALES LTD,GRASAS Y ACEITES VEGETALES LTD,INKA CROPS S A,INKA CROPS S A,PERU,PERU,Palm oil equivalents,36550.2,45.178947368421
2013,COLOMBIA,ADUANAS DE BARRANQUI,GRASAS Y ACEITES VEGETALES LTD,GRASAS Y ACEITES VEGETALES LTD,NATHAN FOODS CORP,NATHAN FOODS CORP,PANAMA,PANAMA,Palm oil equivalents,499245.44,315.498947368421
2014,COLOMBIA,ADUANAS DE BARRANQUI,GRASAS Y DERIVADOS S A,GRASAS Y DERIVADOS S A,BIOCOMBUSTIBLES SOSTENIBLES DEL CARIBE S A,BIOCOMBUSTIBLES SOSTENIBLES DEL CARIBE S A,AUSTRALIA,AUSTRALIA,Palm oil equivalents,9633.6,9.09473684210526
2014,COLOMBIA,ADUANAS DE BARRANQUI,GRASAS Y DERIVADOS S A,GRASAS Y DERIVADOS S A,BIOCOMBUSTIBLES SOSTENIBLES DEL CARIBE S A,BIOCOMBUSTIBLES SOSTENIBLES DEL CARIBE S A,COLOMBIA,COLOMBIA,Palm oil equivalents,200043.8,84.2289684210526
2014,COLOMBIA,ADUANAS DE BARRANQUI,GRASAS Y DERIVADOS S A,GRASAS Y DERIVADOS S A,BIOCOMBUSTIBLES SOSTENIBLES DEL CARIBE S A,BIOCOMBUSTIBLES SOSTENIBLES DEL CARIBE S A,JAPAN,JAPAN,Palm oil equivalents,24865,13.2631578947368
2014,COLOMBIA,ADUANAS DE BARRANQUI,GRASAS Y DERIVADOS S A,GRASAS Y DERIVADOS S A,BIOCOMBUSTIBLES SOSTENIBLES DEL CARIBE S A,BIOCOMBUSTIBLES SOSTENIBLES DEL CARIBE S A,NETHERLANDS,EUROPEAN UNION,Palm oil equivalents,94682.2,89.6115789473684
2013,COLOMBIA,ADUANAS DE BARRANQUI,GRASAS Y DERIVADOS S A,GRASAS Y DERIVADOS S A,ESPALSA S A,ESPALSA S A,DOMINICAN REPUBLIC,DOMINICAN REPUBLIC,Palm oil equivalents,67467.38,58.6421052631579
2017,COLOMBIA,ADUANAS DE BARRANQUI,GRASAS Y DERIVADOS S A,GRASAS Y DERIVADOS S A,ESPALSA S A,ESPALSA S A,DOMINICAN REPUBLIC,DOMINICAN REPUBLIC,Palm oil equivalents,21087.55,26.3210526315789
2014,COLOMBIA,ADUANAS DE BARRANQUI,GRASAS Y DERIVADOS S A,GRASAS Y DERIVADOS S A,OBM PROD INC,OBM PROD INC,PUERTO RICO,PUERTO RICO,Palm oil equivalents,37615.32,29.1336842105263
2013,COLOMBIA,ADUANAS DE BARRANQUI,GRASAS Y DERIVADOS S A,GRASAS Y DERIVADOS S A,UNILEVER CARIBBEAN LTD,UNILEVER CARIBBEAN LTD,TRINIDAD AND TOBAGO,TRINIDAD AND TOBAGO,Palm oil equivalents,26247.9,21.2526315789474
2013,COLOMBIA,ADUANAS DE BARRANQUI,INDUTRADE COLOMBIA S A S,INDUTRADE COLOMBIA S A S,ADM INCA S A C,ADM,PERU,PERU,Palm oil equivalents,102398.05,88.8968421052631
2013,COLOMBIA,ADUANAS DE BARRANQUI,INDUTRADE COLOMBIA S A S,INDUTRADE COLOMBIA S A S,BAKERY CHOTELAL,BAKERY CHOTELAL,SURINAME,SURINAME,Palm oil equivalents,22283.1,19.3378947368421
2013,COLOMBIA,ADUANAS DE BARRANQUI,INDUTRADE COLOMBIA S A S,INDUTRADE COLOMBIA S A S,CARGILL BV,CARGILL,MEXICO,MEXICO,Palm oil equivalents,326220.12,400.167
2013,COLOMBIA,ADUANAS DE BARRANQUI,INDUTRADE COLOMBIA S A S,INDUTRADE COLOMBIA S A S,ECUAQUIMICA C A,ECUAQUIMICA C A,MEXICO,MEXICO,Palm oil equivalents,1013899.38,987.827473684211
2013,COLOMBIA,ADUANAS DE BARRANQUI,INDUTRADE COLOMBIA S A S,INDUTRADE COLOMBIA S A S,IOI LODERS CROKLAAN,IOI LODERS CROKLAAN,MEXICO,MEXICO,Palm oil equivalents,1490150.46,1719.45173684211
2013,COLOMBIA,ADUANAS DE BARRANQUI,INDUTRADE COLOMBIA S A S,INDUTRADE COLOMBIA S A S,WATTS S A,WATTS S A,CHILE,CHILE,Palm oil equivalents,654788.33,568.401052631579
2015,COLOMBIA,ADUANAS DE BARRANQUI,TEAM FOODS COL S A Y PODRA UTILIZAR LAS SIGLAS ACEGRASAS S A,TEAM FOODS COL S A Y PODRA UTILIZAR LAS SIGLAS ACEGRASAS S A,BIOCOMBUSTIBLES SOSTENIBLES DEL CARIBE S A,BIOCOMBUSTIBLES SOSTENIBLES DEL CARIBE S A,COLOMBIA,COLOMBIA,Palm oil equivalents,578494.58,246.833589473684
2016,COLOMBIA,ADUANAS DE BARRANQUI,TEAM FOODS COL S A Y PODRA UTILIZAR LAS SIGLAS ACEGRASAS S A,TEAM FOODS COL S A Y PODRA UTILIZAR LAS SIGLAS ACEGRASAS S A,CARIBBEAN ECO SOAPS USUARIO INDL DE BIENES Y SERVS,CARIBBEAN ECO SOAPS USUARIO INDL DE BIENES Y SERVS,BOLIVIA,BOLIVIA,Palm oil equivalents,144310.18,213.440526315789
2013,COLOMBIA,ADUANAS DE BARRANQUI,TEAM FOODS COL S A Y PODRA UTILIZAR LAS SIGLAS ACEGRASAS S A,TEAM FOODS COL S A Y PODRA UTILIZAR LAS SIGLAS ACEGRASAS S A,COLOMBINA DEL CAUCA S A,COLOMBINA DEL CAUCA S A,BELGIUM,EUROPEAN UNION,Palm oil equivalents,27799.2,25.0105263157895
2013,COLOMBIA,ADUANAS DE BARRANQUI,TEAM FOODS COL S A Y PODRA UTILIZAR LAS SIGLAS ACEGRASAS S A,TEAM FOODS COL S A Y PODRA UTILIZAR LAS SIGLAS ACEGRASAS S A,COLOMBINA DEL CAUCA S A,COLOMBINA DEL CAUCA S A,COLOMBIA,COLOMBIA,Palm oil equivalents,41207.38,30.9473684210526
2013,COLOMBIA,ADUANAS DE BARRANQUI,TEAM FOODS COL S A Y PODRA UTILIZAR LAS SIGLAS ACEGRASAS S A,TEAM FOODS COL S A Y PODRA UTILIZAR LAS SIGLAS ACEGRASAS S A,COLOMBINA DEL CAUCA S A,COLOMBINA DEL CAUCA S A,GERMANY,EUROPEAN UNION,Palm oil equivalents,27799.2,25.0105263157895
2016,COLOMBIA,ADUANAS DE BARRANQUI,TEAM FOODS COL S A Y PODRA UTILIZAR LAS SIGLAS ACEGRASAS S A,TEAM FOODS COL S A Y PODRA UTILIZAR LAS SIGLAS ACEGRASAS S A,DAABON ORGANIC USA INC,DAABON ORGANIC USA INC,AUSTRALIA,AUSTRALIA,Palm oil equivalents,365324.68,528.029473684211
2016,COLOMBIA,ADUANAS DE BARRANQUI,TEAM FOODS COL S A Y PODRA UTILIZAR LAS SIGLAS ACEGRASAS S A,TEAM FOODS COL S A Y PODRA UTILIZAR LAS SIGLAS ACEGRASAS S A,DAABON ORGANIC USA INC,DAABON ORGANIC USA INC,BELGIUM,EUROPEAN UNION,Palm oil equivalents,29455,43.9578947368421
2016,COLOMBIA,ADUANAS DE BARRANQUI,TEAM FOODS COL S A Y PODRA UTILIZAR LAS SIGLAS ACEGRASAS S A,TEAM FOODS COL S A Y PODRA UTILIZAR LAS SIGLAS ACEGRASAS S A,DAABON ORGANIC USA INC,DAABON ORGANIC USA INC,GERMANY,EUROPEAN UNION,Palm oil equivalents,74014.2,114.789473684211
2016,COLOMBIA,ADUANAS DE BARRANQUI,TEAM FOODS COL S A Y PODRA UTILIZAR LAS SIGLAS ACEGRASAS S A,TEAM FOODS COL S A Y PODRA UTILIZAR LAS SIGLAS ACEGRASAS S A,DAABON ORGANIC USA INC,DAABON ORGANIC USA INC,JAPAN,JAPAN,Palm oil equivalents,20707,13.2631578947368
2016,COLOMBIA,ADUANAS DE BARRANQUI,TEAM FOODS COL S A Y PODRA UTILIZAR LAS SIGLAS ACEGRASAS S A,TEAM FOODS COL S A Y PODRA UTILIZAR LAS SIGLAS ACEGRASAS S A,DAABON ORGANIC USA INC,DAABON ORGANIC USA INC,TRINIDAD AND TOBAGO,TRINIDAD AND TOBAGO,Palm oil equivalents,9,0.0947368421052631
2015,COLOMBIA,ADUANAS DE BARRANQUI,TEAM FOODS COL S A Y PODRA UTILIZAR LAS SIGLAS ACEGRASAS S A,TEAM FOODS COL S A Y PODRA UTILIZAR LAS SIGLAS ACEGRASAS S A,PRODUCTOS ALIMENTICIOS PASCUAL S A,PRODUCTOS ALIMENTICIOS PASCUAL S A,AUSTRALIA,AUSTRALIA,Palm oil equivalents,129291,146
2015,COLOMBIA,ADUANAS DE BARRANQUI,TEAM FOODS COL S A Y PODRA UTILIZAR LAS SIGLAS ACEGRASAS S A,TEAM FOODS COL S A Y PODRA UTILIZAR LAS SIGLAS ACEGRASAS S A,PRODUCTOS ALIMENTICIOS PASCUAL S A,PRODUCTOS ALIMENTICIOS PASCUAL S A,CANADA,CANADA,Palm oil equivalents,16020,18.9473684210526
2014,COLOMBIA,ADUANAS DE BARRANQUI,TEAM FOODS COL S A Y PODRA UTILIZAR LAS SIGLAS ACEGRASAS S A,TEAM FOODS COL S A Y PODRA UTILIZAR LAS SIGLAS ACEGRASAS S A,PRODUCTOS ALIMENTICIOS PASCUAL S A,PRODUCTOS ALIMENTICIOS PASCUAL S A,PANAMA,PANAMA,Palm oil equivalents,95372.14,92.178947368421
2015,COLOMBIA,ADUANAS DE BARRANQUI,TEAM FOODS COL S A Y PODRA UTILIZAR LAS SIGLAS ACEGRASAS S A,TEAM FOODS COL S A Y PODRA UTILIZAR LAS SIGLAS ACEGRASAS S A,PRODUCTOS ALIMENTICIOS PASCUAL S A,PRODUCTOS ALIMENTICIOS PASCUAL S A,PANAMA,PANAMA,Palm oil equivalents,26181.44,22.1052631578947
2015,COLOMBIA,ADUANAS DE BARRANQUI,TEAM FOODS COL S A Y PODRA UTILIZAR LAS SIGLAS ACEGRASAS S A,TEAM FOODS COL S A Y PODRA UTILIZAR LAS SIGLAS ACEGRASAS S A,PRODUCTOS ALIMENTICIOS PASCUAL S A,PRODUCTOS ALIMENTICIOS PASCUAL S A,UNITED STATES,UNITED STATES,Palm oil equivalents,142679.7,167.726315789474
2015,COLOMBIA,ADUANAS DE BARRANQUI,TEAM FOODS COL S A Y PODRA UTILIZAR LAS SIGLAS ACEGRASAS S A,TEAM FOODS COL S A Y PODRA UTILIZAR LAS SIGLAS ACEGRASAS S A,TEAM FOODS CHILE S A,TEAM FOODS CHILE S A,CHILE,CHILE,Palm oil equivalents,103614.21,78.2951578947368
2015,COLOMBIA,ADUANAS DE BARRANQUI,TEAM FOODS COL S A Y PODRA UTILIZAR LAS SIGLAS ACEGRASAS S A,TEAM FOODS COL S A Y PODRA UTILIZAR LAS SIGLAS ACEGRASAS S A,UNILEVER CARIBBEAN LTD,UNILEVER CARIBBEAN LTD,TRINIDAD AND TOBAGO,TRINIDAD AND TOBAGO,Palm oil equivalents,23739.88,21.2526315789474
2016,COLOMBIA,ADUANAS DE BARRANQUI,TEAM FOODS COL S A Y PODRA UTILIZAR LAS SIGLAS ACEGRASAS S A,TEAM FOODS COL S A Y PODRA UTILIZAR LAS SIGLAS ACEGRASAS S A,UNILEVER CARIBBEAN LTD,UNILEVER CARIBBEAN LTD,TRINIDAD AND TOBAGO,TRINIDAD AND TOBAGO,Palm oil equivalents,19402.48,21.1263157894737
2013,COLOMBIA,ADUANAS DE CALI,SOC DE COMERCIALIZACION INTL MIRA LTD,SOC DE COMERCIALIZACION INTL MIRA LTD,FORTINBRAS CIAL E INDL LTD,DOMESTIC CONSUMPTION,AUSTRALIA,AUSTRALIA,Palm oil equivalents,48522.2,45.2
2013,COLOMBIA,ADUANAS DE CALI,SOC DE COMERCIALIZACION INTL MIRA LTD,SOC DE COMERCIALIZACION INTL MIRA LTD,FORTINBRAS CIAL E INDL LTD,DOMESTIC CONSUMPTION,BRAZIL,BRAZIL,Palm oil equivalents,1530.32,0.197894736842105
2013,COLOMBIA,ADUANAS DE CALI,SOC DE COMERCIALIZACION INTL MIRA LTD,SOC DE COMERCIALIZACION INTL MIRA LTD,FORTINBRAS CIAL E INDL LTD,DOMESTIC CONSUMPTION,UNITED STATES,UNITED STATES,Palm oil equivalents,21065.6,19.1157894736842
2018,COLOMBIA,ADUANAS DE CUCUTA,EMPAQUETADORA DEL NORTE S A S,EMPAQUETADORA DEL NORTE S A S,CIA ARGENTINA DE LEVADURAS S A,CIA ARGENTINA DE LEVADURAS S A,NORTH KOREA,NORTH KOREA,Palm oil equivalents,13680298.97,23668.992
2018,COLOMBIA,ADUANAS DE CUCUTA,EMPAQUETADORA DEL NORTE S A S,EMPAQUETADORA DEL NORTE S A S,CIALZDORA LUBEN,CIALZDORA LUBEN,NORTH KOREA,NORTH KOREA,Palm oil equivalents,10154162.52,15674.8156315789
2018,COLOMBIA,ADUANAS DE CUCUTA,EMPAQUETADORA DEL NORTE S A S,EMPAQUETADORA DEL NORTE S A S,EMPRESA DE DISTRIBUCION DE PRODS E INSUMOS VENEZUELA PRO,EMPRESA DE DISTRIBUCION DE PRODS E INSUMOS VENEZUELA PRO,NORTH KOREA,NORTH KOREA,Palm oil equivalents,273313.42,268.983157894737
2018,COLOMBIA,ADUANAS DE CUCUTA,EMPAQUETADORA DEL NORTE S A S,EMPAQUETADORA DEL NORTE S A S,FB FOODS LLC C A,FB FOODS LLC C A,NORTH KOREA,NORTH KOREA,Palm oil equivalents,277442.13,293.255789473684
2018,COLOMBIA,ADUANAS DE MEDELLIN,BIOPLANTA PALMERA PARA EL DESARROLLO S A,BIOPLANTA PALMERA PARA EL DESARROLLO S A,FRANCO PINALES Y ASOCIADOS,FRANCO PINALES Y ASOCIADOS,SPAIN,EUROPEAN UNION,Palm oil equivalents,264806.12,315.683157894737
2016,COLOMBIA,ADUANAS DE MEDELLIN,COMPANIA DE GALLETAS NOEL SA,COMPANIA DE GALLETAS NOEL SA,ESPECIAS Y ADITIVOS ALIMENTARIOS S A,ESPECIAS Y ADITIVOS ALIMENTARIOS S A,ARGENTINA,ARGENTINA,Palm oil equivalents,729412.72,998.961736842105
2016,COLOMBIA,ADUANAS DE MEDELLIN,COMPANIA DE GALLETAS NOEL SA,COMPANIA DE GALLETAS NOEL SA,INDUSTRIAS XHARA LTDA,INDUSTRIAS XHARA LTDA,ARGENTINA,ARGENTINA,Palm oil equivalents,3389560.97,5059.22684210526
2016,COLOMBIA,ADUANAS DE MEDELLIN,COMPANIA DE GALLETAS NOEL SA,COMPANIA DE GALLETAS NOEL SA,INGENIERIA E INVS BEJOS LTD,DOMESTIC CONSUMPTION,ARGENTINA,ARGENTINA,Palm oil equivalents,2462337.34,3546.08936842105
2016,COLOMBIA,ADUANAS DE MEDELLIN,COMPANIA DE GALLETAS NOEL SA,COMPANIA DE GALLETAS NOEL SA,IOI LODERS CROKLAAN,IOI LODERS CROKLAAN,ARGENTINA,ARGENTINA,Palm oil equivalents,12263896.97,16818.0314736842
2016,COLOMBIA,ADUANAS DE MEDELLIN,COMPANIA DE GALLETAS NOEL SA,COMPANIA DE GALLETAS NOEL SA,ITHACA COMPANY PANAMA S A,ITHACA COMPANY PANAMA S A,ARGENTINA,ARGENTINA,Palm oil equivalents,986695.16,1367.23476842105
2016,COLOMBIA,ADUANAS DE MEDELLIN,COMPANIA DE GALLETAS NOEL SA,COMPANIA DE GALLETAS NOEL SA,JI MEI CHINA LOGISTICS LTD,DOMESTIC CONSUMPTION,ARGENTINA,ARGENTINA,Palm oil equivalents,1053179.44,1232.54778947368
2016,COLOMBIA,ADUANAS DE MEDELLIN,COMPANIA DE GALLETAS NOEL SA,COMPANIA DE GALLETAS NOEL SA,PALSGAARO IND DE MEXICO S DE R L DE C V,DOMESTIC CONSUMPTION,ARGENTINA,ARGENTINA,Palm oil equivalents,96182.86,123.205263157895
2016,COLOMBIA,ADUANAS DE MEDELLIN,COMPANIA DE GALLETAS NOEL SA,COMPANIA DE GALLETAS NOEL SA,RAZZO LTD,RAZZO LTD,ARGENTINA,ARGENTINA,Palm oil equivalents,148476.5,180.947368421053
2016,COLOMBIA,ADUANAS DE MEDELLIN,COMPANIA DE GALLETAS NOEL SA,COMPANIA DE GALLETAS NOEL SA,RIS SA,RIS SA,ARGENTINA,ARGENTINA,Palm oil equivalents,81637.09,112.515789473684
2016,COLOMBIA,ADUANAS DE MEDELLIN,COMPANIA DE GALLETAS NOEL SA,COMPANIA DE GALLETAS NOEL SA,SUCESORES DE JOSE SALGADO S A I C,SUCESORES DE JOSE SALGADO S A I C,ARGENTINA,ARGENTINA,Palm oil equivalents,265376539.71,403596.787557895
2016,COLOMBIA,ADUANAS DE MEDELLIN,COMPANIA DE GALLETAS NOEL SA,COMPANIA DE GALLETAS NOEL SA,TEAM FOODS MEXICO S A DE C V,DOMESTIC CONSUMPTION,ARGENTINA,ARGENTINA,Palm oil equivalents,550200,840
2016,COLOMBIA,ADUANAS DE MEDELLIN,COMPANIA DE GALLETAS NOEL SA,COMPANIA DE GALLETAS NOEL SA,TNA NORTH AMERICA,TNA NORTH AMERICA,ARUBA,ARUBA,Palm oil equivalents,50,0.0631578947368421
2016,COLOMBIA,ADUANAS DE MEDELLIN,COMPANIA DE GALLETAS NOEL SA,COMPANIA DE GALLETAS NOEL SA,WILMAR SUGAR BRASIL COM LTD,DOMESTIC CONSUMPTION,ARGENTINA,ARGENTINA,Palm oil equivalents,3527544.62,4685.00178947368
2014,COLOMBIA,BOGOTA,C I ACEPALMA S A,C I ACEPALMA S A,ECUAQUIMICA C A,ECUAQUIMICA C A,ARGENTINA,ARGENTINA,Palm oil equivalents,480276.71,195.328557894737
2014,COLOMBIA,BOGOTA,C I ACEPALMA S A,C I ACEPALMA S A,ECUAQUIMICA C A,ECUAQUIMICA C A,CANADA,CANADA,Palm oil equivalents,127211.4,105.663157894737
2014,COLOMBIA,BOGOTA,C I ACEPALMA S A,C I ACEPALMA S A,ESPALSA S A,ESPALSA S A,DOMINICAN REPUBLIC,DOMINICAN REPUBLIC,Palm oil equivalents,358685.58,338.805263157895
2014,COLOMBIA,BOGOTA,C I ACEPALMA S A,C I ACEPALMA S A,ESPALSA S A,ESPALSA S A,UNITED KINGDOM,EUROPEAN UNION,Palm oil equivalents,1459949.09,1318.95821052632
2014,COLOMBIA,BOGOTA,C I ACEPALMA S A,C I ACEPALMA S A,GUYANA STOCKEEDS INC,GUYANA STOCKEEDS INC,GUYANA,GUYANA,Palm oil equivalents,58547.32,60.86
2014,COLOMBIA,BOGOTA,C I ADM COLOMBIA LTDA,C I ADM COLOMBIA LTDA,TRIANGULO ALIMENTOS LTD,DOMESTIC CONSUMPTION,BRAZIL,BRAZIL,Palm oil equivalents,929916.19,730.983084210526
2015,COLOMBIA,BOGOTA,CIALZDORA INTL SANTANDEREANA DE ACEITES S A S,CIALZDORA INTL SANTANDEREANA DE ACEITES S A S,CIA INTL DE ALIMENTOS S A,CIA INTL DE ALIMENTOS S A,BOLIVIA,BOLIVIA,Palm oil equivalents,72214.43,62.1052631578947
2014,COLOMBIA,BOGOTA,CIALZDORA INTL SANTANDEREANA DE ACEITES S A S,CIALZDORA INTL SANTANDEREANA DE ACEITES S A S,MAYS CHEMICAL CO OF PUERTO RICO INC,DOMESTIC CONSUMPTION,GUYANA,GUYANA,Palm oil equivalents,971696.6,439.832315789474
2015,COLOMBIA,BOGOTA,CIALZDORA INTL SANTANDEREANA DE ACEITES S A S,CIALZDORA INTL SANTANDEREANA DE ACEITES S A S,MAYS CHEMICAL CO OF PUERTO RICO INC,DOMESTIC CONSUMPTION,PUERTO RICO,PUERTO RICO,Palm oil equivalents,57.78,0.0505263157894737
2014,COLOMBIA,BOGOTA,CIALZDORA INTL SANTANDEREANA DE ACEITES S A S,CIALZDORA INTL SANTANDEREANA DE ACEITES S A S,VECO ENTERPRISES GROUP LLC,VECO ENTERPRISES GROUP LLC,GUYANA,GUYANA,Palm oil equivalents,974211.29,875.199578947368
2014,COLOMBIA,BOGOTA,C I BIOCOSTA S A,C I BIOCOSTA S A,BAKERY CHOTELAL,BAKERY CHOTELAL,SURINAME,SURINAME,Palm oil equivalents,5255210.23,5529.75957894737
2014,COLOMBIA,BOGOTA,C I BIOCOSTA S A,C I BIOCOSTA S A,CARGILL BV,CARGILL,ISRAEL,ISRAEL,Palm oil equivalents,3418138.99,2858.91687368421
2014,COLOMBIA,BOGOTA,C I BIOCOSTA S A,C I BIOCOSTA S A,CARGILL DE MEXICO S A DE C V,CARGILL,BRAZIL,BRAZIL,Palm oil equivalents,4966476.51,5637.83908421053
2014,COLOMBIA,BOGOTA,C I BIOCOSTA S A,C I BIOCOSTA S A,CARGILL DE MEXICO S A DE C V,CARGILL,ISRAEL,ISRAEL,Palm oil equivalents,292432.52,179.465221052632
2014,COLOMBIA,BOGOTA,C I BIOCOSTA S A,C I BIOCOSTA S A,CARIBBEAN BAKERY SUPPLIES NV,CARIBBEAN BAKERY SUPPLIES NV,NETHERLANDS ANTILLES,NETHERLANDS ANTILLES,Palm oil equivalents,10901035.34,10559.2449789474
2014,COLOMBIA,BOGOTA,C I BIOCOSTA S A,C I BIOCOSTA S A,CARIBBEAN ECO SOAPS USUARIO INDL DE BIENES Y SERVS,CARIBBEAN ECO SOAPS USUARIO INDL DE BIENES Y SERVS,ISRAEL,ISRAEL,Palm oil equivalents,16091269.87,15516.9119473684
2014,COLOMBIA,BOGOTA,C I BIOCOSTA S A,C I BIOCOSTA S A,DOMINGO RIJO C X A,DOMINGO RIJO C X A,PARAGUAY,PARAGUAY,Palm oil equivalents,817949.93,414.503536842105
2014,COLOMBIA,BOGOTA,C I BIOCOSTA S A,C I BIOCOSTA S A,EMPRESAS Y NUINA INC,DOMESTIC CONSUMPTION,PARAGUAY,PARAGUAY,Palm oil equivalents,35195.91,25.3761157894737
2014,COLOMBIA,BOGOTA,C I BIOCOSTA S A,C I BIOCOSTA S A,GEORGALOS HNOS SAICA,GEORGALOS HNOS SAICA,PARAGUAY,PARAGUAY,Palm oil equivalents,15442856.7,16871.3490631579
2014,COLOMBIA,BOGOTA,C I BIOCOSTA S A,C I BIOCOSTA S A,JOHNSON AND JOHNSON DE ARGENTINA S A COM E IND,DOMESTIC CONSUMPTION,NETHERLANDS ANTILLES,NETHERLANDS ANTILLES,Palm oil equivalents,13675121.76,14411.6021157895
2014,COLOMBIA,BOGOTA,C I BIOCOSTA S A,C I BIOCOSTA S A,LA FABRIL S A,LA FABRIL S A,NETHERLANDS ANTILLES,NETHERLANDS ANTILLES,Palm oil equivalents,1900058.88,2000.062
2014,COLOMBIA,BOGOTA,C I BIOCOSTA S A,C I BIOCOSTA S A,LIPIDOS DE SANTIGA SA,LIPIDOS DE SANTIGA SA,SPAIN,EUROPEAN UNION,Palm oil equivalents,8306439.04,9534.18105263158
2014,COLOMBIA,BOGOTA,C I BIOCOSTA S A,C I BIOCOSTA S A,M DIAS BRANCO S A E CIO DE ALIMENTOS,M DIAS BRANCO S A E CIO DE ALIMENTOS,SPAIN,EUROPEAN UNION,Palm oil equivalents,16833536.68,18467.4270421053
2014,COLOMBIA,BOGOTA,C I BIOCOSTA S A,C I BIOCOSTA S A,PARALEVA SA,PARALEVA SA,PARAGUAY,PARAGUAY,Palm oil equivalents,24282492.01,26769.6597684211
2014,COLOMBIA,BOGOTA,C I BIOCOSTA S A,C I BIOCOSTA S A,PASTERNAK BAUM AND CO INC,PASTERNAK BAUM AND CO INC,BRAZIL,BRAZIL,Palm oil equivalents,11750686.06,14077.3273157895
2014,COLOMBIA,BOGOTA,C I BIOCOSTA S A,C I BIOCOSTA S A,TRIANGULO ALIMENTOS LTD,DOMESTIC CONSUMPTION,BRAZIL,BRAZIL,Palm oil equivalents,1543751.3,1637.84867368421
2014,COLOMBIA,BOGOTA,C I BIOCOSTA S A,C I BIOCOSTA S A,WILMAR EUROPE TRADING B V,WILMAR EUROPE TRADING B V,NETHERLANDS ANTILLES,NETHERLANDS ANTILLES,Palm oil equivalents,9280643.09,8640.86036842105
2013,COLOMBIA,BOGOTA,C I C L R GLOBALES LTDA,C I C L R GLOBALES LTDA,CASA MENDEZ N V,CASA MENDEZ N V,ARGENTINA,ARGENTINA,Palm oil equivalents,3532121.08,3568.07313684211
2013,COLOMBIA,BOGOTA,C I C L R GLOBALES LTDA,C I C L R GLOBALES LTDA,CHOCOLATES INDLS S A,CHOCOLATES INDLS S A,ARGENTINA,ARGENTINA,Palm oil equivalents,7699291.07,9088.55262105263
2013,COLOMBIA,BOGOTA,C I C L R GLOBALES LTDA,C I C L R GLOBALES LTDA,DAABON ORGANIC JAPAN CO LTD,DAABON ORGANIC JAPAN CO LTD,ARGENTINA,ARGENTINA,Palm oil equivalents,27765.28,22.2631578947368
2013,COLOMBIA,BOGOTA,C I C L R GLOBALES LTDA,C I C L R GLOBALES LTDA,FGR LEGAL AND TRADER,DOMESTIC CONSUMPTION,SPAIN,EUROPEAN UNION,Palm oil equivalents,284056.85,239.646315789474
2013,COLOMBIA,BOGOTA,C I C L R GLOBALES LTDA,C I C L R GLOBALES LTDA,FONTANA LTD,FONTANA LTD,ARGENTINA,ARGENTINA,Palm oil equivalents,2229632.92,1360.92528421053
2013,COLOMBIA,BOGOTA,C I C L R GLOBALES LTDA,C I C L R GLOBALES LTDA,GRUPO AFFARE S DE R L DE C V,GRUPO AFFARE S DE R L DE C V,ARGENTINA,ARGENTINA,Palm oil equivalents,4115093.49,2162.57696842105
2013,COLOMBIA,BOGOTA,C I C L R GLOBALES LTDA,C I C L R GLOBALES LTDA,INDUSTRIALIZADORA OLEOFINOS S A DE C V,INDUSTRIALIZADORA OLEOFINOS S A DE C V,SPAIN,EUROPEAN UNION,Palm oil equivalents,181166250.34,187904.595373684
2013,COLOMBIA,BOGOTA,C I C L R GLOBALES LTDA,C I C L R GLOBALES LTDA,MATERIA INVEST S R O,MATERIA INVEST S R O,GUATEMALA,GUATEMALA,Palm oil equivalents,21264,15.1578947368421
2013,COLOMBIA,BOGOTA,C I G Y Y NEGOCIOS S A S,C I G Y Y NEGOCIOS S A S,IMPRESOS SANTILLANA S A,IMPRESOS SANTILLANA S A,GUATEMALA,GUATEMALA,Palm oil equivalents,14811615.85,12751.9768947368
2013,COLOMBIA,BOGOTA,C I G Y Y NEGOCIOS S A S,C I G Y Y NEGOCIOS S A S,PRODUCTOS ALIMENTICIOS PASCUAL S A,PRODUCTOS ALIMENTICIOS PASCUAL S A,GUATEMALA,GUATEMALA,Palm oil equivalents,1185363.94,953.815210526316
2014,COLOMBIA,BOGOTA,C I SOCIEDAD INDUSTRIAL DE GRASAS VEGETALES SIGRA S A,C I SOCIEDAD INDUSTRIAL DE GRASAS VEGETALES SIGRA S A,BUILDMASTER B V,BUILDMASTER B V,HAITI,HAITI,Palm oil equivalents,866865.18,905.275789473684
2014,COLOMBIA,BOGOTA,C I SOCIEDAD INDUSTRIAL DE GRASAS VEGETALES SIGRA S A,C I SOCIEDAD INDUSTRIAL DE GRASAS VEGETALES SIGRA S A,CARGILL REFINED OILS EUROPE B V,CARGILL,ARUBA,ARUBA,Palm oil equivalents,4747787.26,6105.21934736842
2014,COLOMBIA,BOGOTA,C I SOCIEDAD INDUSTRIAL DE GRASAS VEGETALES SIGRA S A,C I SOCIEDAD INDUSTRIAL DE GRASAS VEGETALES SIGRA S A,CARGILL REFINED OILS EUROPE B V,CARGILL,PARAGUAY,PARAGUAY,Palm oil equivalents,2767358.6,3536.96110526316
2014,COLOMBIA,BOGOTA,C I SOCIEDAD INDUSTRIAL DE GRASAS VEGETALES SIGRA S A,C I SOCIEDAD INDUSTRIAL DE GRASAS VEGETALES SIGRA S A,CARIBBEAN GRAIN CO S A,DOMESTIC CONSUMPTION,HAITI,HAITI,Palm oil equivalents,11239293.05,15049.7668421053
2014,COLOMBIA,BOGOTA,C I SOCIEDAD INDUSTRIAL DE GRASAS VEGETALES SIGRA S A,C I SOCIEDAD INDUSTRIAL DE GRASAS VEGETALES SIGRA S A,CHOCOLATE COLONIAL SA,CHOCOLATE COLONIAL SA,PARAGUAY,PARAGUAY,Palm oil equivalents,10180245.4,11412.4368315789
2014,COLOMBIA,BOGOTA,C I SOCIEDAD INDUSTRIAL DE GRASAS VEGETALES SIGRA S A,C I SOCIEDAD INDUSTRIAL DE GRASAS VEGETALES SIGRA S A,CIA INTL DE ALIMENTOS S A,CIA INTL DE ALIMENTOS S A,BOLIVIA,BOLIVIA,Palm oil equivalents,438484.04,346.999494736842
2017,COLOMBIA,BOGOTA,C I SOCIEDAD INDUSTRIAL DE GRASAS VEGETALES SIGRA S A,C I SOCIEDAD INDUSTRIAL DE GRASAS VEGETALES SIGRA S A,CIA NAL DE CHOCOLATES DE COSTA RICA S A,CIA NAL DE CHOCOLATES DE COSTA RICA S A,COSTA RICA,COSTA RICA,Palm oil equivalents,685.8,0.315789473684211
2017,COLOMBIA,BOGOTA,C I SOCIEDAD INDUSTRIAL DE GRASAS VEGETALES SIGRA S A,C I SOCIEDAD INDUSTRIAL DE GRASAS VEGETALES SIGRA S A,CIA NAL DE CHOCOLATES DE COSTA RICA S A,CIA NAL DE CHOCOLATES DE COSTA RICA S A,GERMANY,EUROPEAN UNION,Palm oil equivalents,3131581.8,4092.51568421053
2014,COLOMBIA,BOGOTA,C I SOCIEDAD INDUSTRIAL DE GRASAS VEGETALES SIGRA S A,C I SOCIEDAD INDUSTRIAL DE GRASAS VEGETALES SIGRA S A,COMERCIAL CERRILLOS,COMERCIAL CERRILLOS,PARAGUAY,PARAGUAY,Palm oil equivalents,13669407.48,16138.2229263158
2014,COLOMBIA,BOGOTA,C I SOCIEDAD INDUSTRIAL DE GRASAS VEGETALES SIGRA S A,C I SOCIEDAD INDUSTRIAL DE GRASAS VEGETALES SIGRA S A,DAABON EUROPA GMBH,DAABON EUROPA GMBH,HAITI,HAITI,Palm oil equivalents,3812532.02,3848.92633684211
2014,COLOMBIA,BOGOTA,C I SOCIEDAD INDUSTRIAL DE GRASAS VEGETALES SIGRA S A,C I SOCIEDAD INDUSTRIAL DE GRASAS VEGETALES SIGRA S A,INDUSTRIALIZADORA OLEOFINOS S A DE C V,INDUSTRIALIZADORA OLEOFINOS S A DE C V,HAITI,HAITI,Palm oil equivalents,3387935.5,4405.01675789474
2014,COLOMBIA,BOGOTA,C I SOCIEDAD INDUSTRIAL DE GRASAS VEGETALES SIGRA S A,C I SOCIEDAD INDUSTRIAL DE GRASAS VEGETALES SIGRA S A,MR AND MRS GUAYANA,MR AND MRS GUAYANA,ARUBA,ARUBA,Palm oil equivalents,3497687.1,3152.08214736842
2018,COLOMBIA,BOGOTA,C I SOCIEDAD INDUSTRIAL DE GRASAS VEGETALES SIGRA S A,C I SOCIEDAD INDUSTRIAL DE GRASAS VEGETALES SIGRA S A,PANDURATA ALIMENTOS,PANDURATA ALIMENTOS,TRINIDAD AND TOBAGO,TRINIDAD AND TOBAGO,Palm oil equivalents,7199472.87,11480.0646315789
2014,COLOMBIA,BOGOTA,C I SOCIEDAD INDUSTRIAL DE GRASAS VEGETALES SIGRA S A,C I SOCIEDAD INDUSTRIAL DE GRASAS VEGETALES SIGRA S A,SINTER FUTURA LTD,DOMESTIC CONSUMPTION,ARUBA,ARUBA,Palm oil equivalents,62237.78,61.535
2014,COLOMBIA,BOGOTA,C I SOCIEDAD INDUSTRIAL DE GRASAS VEGETALES SIGRA S A,C I SOCIEDAD INDUSTRIAL DE GRASAS VEGETALES SIGRA S A,WATTS S A,WATTS S A,PARAGUAY,PARAGUAY,Palm oil equivalents,9373747.1,11464.5439368421
2014,COLOMBIA,BOGOTA,DEL LLANO S A,DEL LLANO S A,DESMET BALLESTA PRO S A,DOMESTIC CONSUMPTION,BOLIVIA,BOLIVIA,Palm oil equivalents,233649375.56,249199.983105263
2013,COLOMBIA,BOGOTA,ECOPETROL S A,ECOPETROL S A,INORGANIC CHEMISTRY RESEARCH INSTITUTE CZECH REPUBLIC,INORGANIC CHEMISTRY RESEARCH INSTITUTE CZECH REPUBLIC,CZECH REPUBLIC,EUROPEAN UNION,Palm oil equivalents,4899306.68,5963.53463157895
2018,COLOMBIA,BOGOTA,EMPAQUETADORA DEL NORTE S A S,EMPAQUETADORA DEL NORTE S A S,4PL INDL S A S,4PL INDL S A S,TRINIDAD AND TOBAGO,TRINIDAD AND TOBAGO,Palm oil equivalents,7280958.66,13596.6682105263
2018,COLOMBIA,BOGOTA,EMPAQUETADORA DEL NORTE S A S,EMPAQUETADORA DEL NORTE S A S,CIA ARGENTINA DE LEVADURAS S A,CIA ARGENTINA DE LEVADURAS S A,NORTH KOREA,NORTH KOREA,Palm oil equivalents,6583638.36,9673.51328421052
2018,COLOMBIA,BOGOTA,EMPAQUETADORA DEL NORTE S A S,EMPAQUETADORA DEL NORTE S A S,DIEXCOSUR C A INC,DIEXCOSUR C A INC,NORTH KOREA,NORTH KOREA,Palm oil equivalents,251716.43,290.378947368421
2018,COLOMBIA,BOGOTA,EMPAQUETADORA DEL NORTE S A S,EMPAQUETADORA DEL NORTE S A S,FALCON DISTRIB CO,FALCON DISTRIB CO,TRINIDAD AND TOBAGO,TRINIDAD AND TOBAGO,Palm oil equivalents,34026567.26,57687.0982105263
2018,COLOMBIA,BOGOTA,EMPAQUETADORA DEL NORTE S A S,EMPAQUETADORA DEL NORTE S A S,IND TROPICAL C A,IND TROPICAL C A,TRINIDAD AND TOBAGO,TRINIDAD AND TOBAGO,Palm oil equivalents,906178.84,1454.38157894737
2018,COLOMBIA,BOGOTA,EMPAQUETADORA DEL NORTE S A S,EMPAQUETADORA DEL NORTE S A S,MARGARINE THIBAULT INC,MARGARINE THIBAULT INC,NORTH KOREA,NORTH KOREA,Palm oil equivalents,13507042.08,23332.7280842105
2018,COLOMBIA,BOGOTA,EMPAQUETADORA DEL NORTE S A S,EMPAQUETADORA DEL NORTE S A S,MILESTONE REVOLUTION LTD,MILESTONE REVOLUTION LTD,NORTH KOREA,NORTH KOREA,Palm oil equivalents,37347.2,44.1390184210526
2018,COLOMBIA,BOGOTA,GRASAS S A,GRASAS S A,COMERCIAL CERRILLOS,COMERCIAL CERRILLOS,TRINIDAD AND TOBAGO,TRINIDAD AND TOBAGO,Palm oil equivalents,1448366.02,2636.25401052632
2018,COLOMBIA,BOGOTA,GRASAS S A,GRASAS S A,SOC DE INDS OLEAGINOSAS S A C,SOC DE INDS OLEAGINOSAS S A C,TRINIDAD AND TOBAGO,TRINIDAD AND TOBAGO,Palm oil equivalents,8151229.68,12954.5161052632
2014,COLOMBIA,BOGOTA,GRASAS Y ACEITES VEGETALES LTD,GRASAS Y ACEITES VEGETALES LTD,NATHAN FOODS CORP,NATHAN FOODS CORP,GUYANA,GUYANA,Palm oil equivalents,793756.7,515.963410526316
2013,COLOMBIA,BOGOTA,HDA LA CABANA S A,HDA LA CABANA S A,OBM PROD INC,OBM PROD INC,CZECH REPUBLIC,EUROPEAN UNION,Palm oil equivalents,127369.4,112.532631578947
2016,COLOMBIA,BOGOTA,IMPORTPRODUCTS S A S,IMPORTPRODUCTS S A S,EASTERN SUPERIOR INTL LTD,EASTERN SUPERIOR INTL LTD,CHINA (HONG KONG),CHINA (HONG KONG),Palm oil equivalents,1084,0.842105263157895
2016,COLOMBIA,BOGOTA,IMPORTPRODUCTS S A S,IMPORTPRODUCTS S A S,VECO ENTERPRISES GROUP LLC,VECO ENTERPRISES GROUP LLC,CHINA (HONG KONG),CHINA (HONG KONG),Palm oil equivalents,6255804.05,11622.8191052632
2014,COLOMBIA,BOGOTA,INDUTRADE COLOMBIA S A S,INDUTRADE COLOMBIA S A S,DAABON ORGANIC USA INC,DAABON ORGANIC USA INC,GUYANA,GUYANA,Palm oil equivalents,4.08,0.00858947368421053
2014,COLOMBIA,BOGOTA,INDUTRADE COLOMBIA S A S,INDUTRADE COLOMBIA S A S,GUYANA STOCKEEDS INC,GUYANA STOCKEEDS INC,GUYANA,GUYANA,Palm oil equivalents,2075569.48,979.948589473684
2017,COLOMBIA,BOGOTA,INDUTRADE SOC DE COMERCIALIZACION INTL S A S,INDUTRADE SOC DE COMERCIALIZACION INTL S A S,BIOCOMBUSTIBLES SOSTENIBLES DEL CARIBE S A,BIOCOMBUSTIBLES SOSTENIBLES DEL CARIBE S A,COLOMBIA,COLOMBIA,Palm oil equivalents,1084930.8,1128.66421052632
2017,COLOMBIA,BOGOTA,INDUTRADE SOC DE COMERCIALIZACION INTL S A S,INDUTRADE SOC DE COMERCIALIZACION INTL S A S,CIA NAL DE CHOCOLATES DE COSTA RICA S A,CIA NAL DE CHOCOLATES DE COSTA RICA S A,GERMANY,EUROPEAN UNION,Palm oil equivalents,1226303.5,1628.049
2017,COLOMBIA,BOGOTA,INDUTRADE SOC DE COMERCIALIZACION INTL S A S,INDUTRADE SOC DE COMERCIALIZACION INTL S A S,ESPECIAS Y ADITIVOS ALIMENTARIOS S A,ESPECIAS Y ADITIVOS ALIMENTARIOS S A,GUYANA,GUYANA,Palm oil equivalents,42175.1,52.6421052631579
2017,COLOMBIA,BOGOTA,INDUTRADE SOC DE COMERCIALIZACION INTL S A S,INDUTRADE SOC DE COMERCIALIZACION INTL S A S,GUYANA STOCKEEDS INC,GUYANA STOCKEEDS INC,GUYANA,GUYANA,Palm oil equivalents,4734963.99,6075.37994736842
2017,COLOMBIA,BOGOTA,INDUTRADE SOC DE COMERCIALIZACION INTL S A S,INDUTRADE SOC DE COMERCIALIZACION INTL S A S,LA FABRIL S A,LA FABRIL S A,GUYANA,GUYANA,Palm oil equivalents,1546148.38,2000.192
2017,COLOMBIA,BOGOTA,INDUTRADE SOC DE COMERCIALIZACION INTL S A S,INDUTRADE SOC DE COMERCIALIZACION INTL S A S,MIGUEL MARITANO IND DE JABONES SA,MIGUEL MARITANO IND DE JABONES SA,GERMANY,EUROPEAN UNION,Palm oil equivalents,1016687.42,1140.42242105263
2013,COLOMBIA,BOGOTA,INVS ESPIDEL Y CIA S EN C,INVS ESPIDEL Y CIA S EN C,GLOBAL ENERGY RESOURCES INC,GLOBAL ENERGY RESOURCES INC,GUATEMALA,GUATEMALA,Palm oil equivalents,403620.5,259.667931578947
2014,COLOMBIA,BOGOTA,J SU CARGA S A S,J SU CARGA S A S,J WILLEGHEMS BVBA,J WILLEGHEMS BVBA,PARAGUAY,PARAGUAY,Palm oil equivalents,6084949.12,4834.07
2018,COLOMBIA,BOGOTA,OLEANA S A S,OLEANA S A S,DIVEPA DIST VENEZOLANA DE PAPEL C A,DIVEPA DIST VENEZOLANA DE PAPEL C A,TRINIDAD AND TOBAGO,TRINIDAD AND TOBAGO,Palm oil equivalents,220858.71,271.527894736842
2018,COLOMBIA,BOGOTA,OLEANA S A S,OLEANA S A S,IMPS MULTIPLES S L,IMPS MULTIPLES S L,TRINIDAD AND TOBAGO,TRINIDAD AND TOBAGO,Palm oil equivalents,7092178.93,12676.1887684211
2018,COLOMBIA,BOGOTA,OLEANA S A S,OLEANA S A S,LES HUILERIES DU SOUSS BELHASSAN,LES HUILERIES DU SOUSS BELHASSAN,MOROCCO,MOROCCO,Palm oil equivalents,456627279.43,726064.893828947
2018,COLOMBIA,BOGOTA,OLEANA S A S,OLEANA S A S,MEDINA BAKING AND POWDER PRODS,MEDINA BAKING AND POWDER PRODS,TRINIDAD AND TOBAGO,TRINIDAD AND TOBAGO,Palm oil equivalents,3417259.25,7756.89684210526
2013,COLOMBIA,BOGOTA,ONLY CUEROS S A S,ONLY CUEROS S A S,CARIBBEAN ECO SOAPS USUARIO INDL DE BIENES Y SERVS,CARIBBEAN ECO SOAPS USUARIO INDL DE BIENES Y SERVS,CZECH REPUBLIC,EUROPEAN UNION,Palm oil equivalents,14793039.37,17467.7058842105
2013,COLOMBIA,BOGOTA,ONLY CUEROS S A S,ONLY CUEROS S A S,CIAL CIGARRILLOS S A,CIAL CIGARRILLOS S A,CZECH REPUBLIC,EUROPEAN UNION,Palm oil equivalents,11270108.54,11744.4995263158
2013,COLOMBIA,BOGOTA,ONLY CUEROS S A S,ONLY CUEROS S A S,EXPOPIELES S A C,EXPOPIELES S A C,CZECH REPUBLIC,EUROPEAN UNION,Palm oil equivalents,13129275.51,15622.7217368421
2013,COLOMBIA,BOGOTA,ONLY CUEROS S A S,ONLY CUEROS S A S,PROCESADORA MONTE AZUL S A,PROCESADORA MONTE AZUL S A,CZECH REPUBLIC,EUROPEAN UNION,Palm oil equivalents,1288114.84,702.31167368421
2013,COLOMBIA,BOGOTA,ONLY CUEROS S A S,ONLY CUEROS S A S,TRIANGULO ALIMENTOS LTD,DOMESTIC CONSUMPTION,CZECH REPUBLIC,EUROPEAN UNION,Palm oil equivalents,5324206.65,4949.86352631579
2018,COLOMBIA,BOGOTA,PASABOCAS PATTY S A S,PASABOCAS PATTY S A S,BARBERI INTL CORP,BARBERI INTL CORP,TRINIDAD AND TOBAGO,TRINIDAD AND TOBAGO,Palm oil equivalents,17971.28,18.0821052631579
2018,COLOMBIA,BOGOTA,PASABOCAS PATTY S A S,PASABOCAS PATTY S A S,SOC DE INDS OLEAGINOSAS S A C,SOC DE INDS OLEAGINOSAS S A C,TRINIDAD AND TOBAGO,TRINIDAD AND TOBAGO,Palm oil equivalents,690677.99,953.947684210526
2013,COLOMBIA,BOGOTA,PRODTORA DE CAPSULAS DE GELATINA S A,PRODTORA DE CAPSULAS DE GELATINA S A,COLBRAS IND E CIO LTD,DOMESTIC CONSUMPTION,CZECH REPUBLIC,EUROPEAN UNION,Palm oil equivalents,12853982.52,13467.2641789474
2013,COLOMBIA,BOGOTA,PRODTORA DE CAPSULAS DE GELATINA S A,PRODTORA DE CAPSULAS DE GELATINA S A,OBM PROD INC,OBM PROD INC,CZECH REPUBLIC,EUROPEAN UNION,Palm oil equivalents,362124.18,307.916842105263
2018,COLOMBIA,BOGOTA,RESPLANDOR SERVICIOS S A S,RESPLANDOR SERVICIOS S A S,DIVEPA DIST VENEZOLANA DE PAPEL C A,DIVEPA DIST VENEZOLANA DE PAPEL C A,TRINIDAD AND TOBAGO,TRINIDAD AND TOBAGO,Palm oil equivalents,60675.29,73.4621052631579
2018,COLOMBIA,BOGOTA,SALAMANCA OLEAGINOSAS S A,SALAMANCA OLEAGINOSAS S A,INDS OLEANA S A,INDS OLEANA S A,TRINIDAD AND TOBAGO,TRINIDAD AND TOBAGO,Palm oil equivalents,334078.06,400.675368421053
2014,COLOMBIA,BOGOTA,SOC DE COMERCIALIZACION INTL MIRA LTD,SOC DE COMERCIALIZACION INTL MIRA LTD,BARBERI INTL CORP,BARBERI INTL CORP,GUYANA,GUYANA,Palm oil equivalents,1548565.61,1060.39261052632
2014,COLOMBIA,BOGOTA,SOC DE COMERCIALIZACION INTL MIRA LTD,SOC DE COMERCIALIZACION INTL MIRA LTD,IOI LODERS CROKLAAN,IOI LODERS CROKLAAN,BRAZIL,BRAZIL,Palm oil equivalents,2129627.5,2549.933
2016,COLOMBIA,BOGOTA,SOC DE COMERCIALIZACION INTL MIRA LTD,SOC DE COMERCIALIZACION INTL MIRA LTD,LIPIDOS DE SANTIGA SA,LIPIDOS DE SANTIGA SA,SPAIN,EUROPEAN UNION,Palm oil equivalents,1647103.12,3018.718
2014,COLOMBIA,BOGOTA,SOC DE COMERCIALIZACION INTL MIRA LTD,SOC DE COMERCIALIZACION INTL MIRA LTD,QUAKER CHEMICAL IND E CIO LTD,DOMESTIC CONSUMPTION,BRAZIL,BRAZIL,Palm oil equivalents,316672.75,232.068421052632
2014,COLOMBIA,BOGOTA,SOC DE COMERCIALIZACION INTL MIRA LTD,SOC DE COMERCIALIZACION INTL MIRA LTD,TRIANGULO ALIMENTOS LTD,DOMESTIC CONSUMPTION,BRAZIL,BRAZIL,Palm oil equivalents,1185098.29,851.108242105263
2016,COLOMBIA,BUCARAMANGA,AGROP SANTAMARIA S A,AGROP SANTAMARIA S A,SUMITECH S P A,SUMITECH S P A,ARUBA,ARUBA,Palm oil equivalents,19319.7,20.0484210526316
2016,COLOMBIA,BUCARAMANGA,AGROP SANTAMARIA S A,AGROP SANTAMARIA S A,SUMITECH S P A,SUMITECH S P A,ISRAEL,ISRAEL,Palm oil equivalents,2073365.4,3088.28582105263
2016,COLOMBIA,BUCARAMANGA,GRASAS Y ACEITES VEGETALES LTD,GRASAS Y ACEITES VEGETALES LTD,BREJEIRO PRODS ALIM ORLANDIA S A COM E IND,DOMESTIC CONSUMPTION,ARUBA,ARUBA,Palm oil equivalents,10788451.35,16612.3603684211
2016,COLOMBIA,BUCARAMANGA,GRASAS Y ACEITES VEGETALES LTD,GRASAS Y ACEITES VEGETALES LTD,BUNGE ALIMENTOS S/A,BUNGE,ARUBA,ARUBA,Palm oil equivalents,196703.07,205.836842105263
2016,COLOMBIA,BUCARAMANGA,GRASAS Y ACEITES VEGETALES LTD,GRASAS Y ACEITES VEGETALES LTD,CARGILL AGRICOLA SA,CARGILL,ARUBA,ARUBA,Palm oil equivalents,5225857.3,7650.72147368421
2016,COLOMBIA,BUCARAMANGA,GRASAS Y ACEITES VEGETALES LTD,GRASAS Y ACEITES VEGETALES LTD,CARGILL AMERICAS INC,CARGILL,ARUBA,ARUBA,Palm oil equivalents,1760754.81,2769.00421052632
2016,COLOMBIA,BUCARAMANGA,GRASAS Y ACEITES VEGETALES LTD,GRASAS Y ACEITES VEGETALES LTD,COMERCIAL CERRILLOS,COMERCIAL CERRILLOS,ARUBA,ARUBA,Palm oil equivalents,1998827.05,2575.36457894737
2016,COLOMBIA,BUCARAMANGA,GRASAS Y ACEITES VEGETALES LTD,GRASAS Y ACEITES VEGETALES LTD,DAABON EUROPA GMBH,DAABON EUROPA GMBH,ARUBA,ARUBA,Palm oil equivalents,17234.6,22.169
2016,COLOMBIA,BUCARAMANGA,GRASAS Y ACEITES VEGETALES LTD,GRASAS Y ACEITES VEGETALES LTD,QUAKER CHEMICAL IND E CIO LTD,DOMESTIC CONSUMPTION,ARUBA,ARUBA,Palm oil equivalents,564569.69,558.387010526316
2013,COLOMBIA,BUENAVENTURA,CIALZDORA INTL SANTANDEREANA DE ACEITES S A S,CIALZDORA INTL SANTANDEREANA DE ACEITES S A S,BIOCOMBUSTIBLES SOSTENIBLES DEL CARIBE S A,BIOCOMBUSTIBLES SOSTENIBLES DEL CARIBE S A,ISRAEL,ISRAEL,Palm oil equivalents,897337.73,703.639021052632
2013,COLOMBIA,BUENAVENTURA,CIALZDORA INTL SANTANDEREANA DE ACEITES S A S,CIALZDORA INTL SANTANDEREANA DE ACEITES S A S,MAYS CHEMICAL CO OF PUERTO RICO INC,DOMESTIC CONSUMPTION,ISRAEL,ISRAEL,Palm oil equivalents,939155.84,872.068421052631
2013,COLOMBIA,BUENAVENTURA,CIALZDORA INTL SANTANDEREANA DE ACEITES S A S,CIALZDORA INTL SANTANDEREANA DE ACEITES S A S,MAYS CHEMICAL CO OF PUERTO RICO INC,DOMESTIC CONSUMPTION,PUERTO RICO,PUERTO RICO,Palm oil equivalents,51640,43.2863157894737
2015,COLOMBIA,BUENAVENTURA,CIALZDORA INTL SANTANDEREANA DE ACEITES S A S,CIALZDORA INTL SANTANDEREANA DE ACEITES S A S,MAYS CHEMICAL CO OF PUERTO RICO INC,DOMESTIC CONSUMPTION,PUERTO RICO,PUERTO RICO,Palm oil equivalents,18738,18.9473684210526
2013,COLOMBIA,BUENAVENTURA,CIALZDORA INTL SANTANDEREANA DE ACEITES S A S,CIALZDORA INTL SANTANDEREANA DE ACEITES S A S,QUAKER CHEMICAL IND E CIO LTD,DOMESTIC CONSUMPTION,ISRAEL,ISRAEL,Palm oil equivalents,758433.04,649.176842105263
2018,COLOMBIA,BUENAVENTURA,C I ATLANTIC GLOBAL TRADING S A S,C I ATLANTIC GLOBAL TRADING S A S,A AZEVEDO IND E COM DE OLEOS LTDA,A AZEVEDO IND E COM DE OLEOS LTDA,CUBA,CUBA,Palm oil equivalents,3447685.62,5829.76868421053
2018,COLOMBIA,BUENAVENTURA,C I ATLANTIC GLOBAL TRADING S A S,C I ATLANTIC GLOBAL TRADING S A S,A AZEVEDO IND E COM DE OLEOS LTDA,A AZEVEDO IND E COM DE OLEOS LTDA,NORTH KOREA,NORTH KOREA,Palm oil equivalents,11335006.84,18585.1843894737
2018,COLOMBIA,BUENAVENTURA,C I ATLANTIC GLOBAL TRADING S A S,C I ATLANTIC GLOBAL TRADING S A S,A AZEVEDO IND E COM DE OLEOS LTDA,A AZEVEDO IND E COM DE OLEOS LTDA,SOUTH KOREA,SOUTH KOREA,Palm oil equivalents,1007054.85,1413.14721052632
2018,COLOMBIA,BUENAVENTURA,C I ATLANTIC GLOBAL TRADING S A S,C I ATLANTIC GLOBAL TRADING S A S,DAABON EUROPA GMBH,DAABON EUROPA GMBH,CUBA,CUBA,Palm oil equivalents,228515.9,312.284210526316
2018,COLOMBIA,BUENAVENTURA,C I ATLANTIC GLOBAL TRADING S A S,C I ATLANTIC GLOBAL TRADING S A S,DOMINGO RIJO S A,DOMINGO RIJO S A,CUBA,CUBA,Palm oil equivalents,259718.72,303.654947368421
2018,COLOMBIA,BUENAVENTURA,C I ATLANTIC GLOBAL TRADING S A S,C I ATLANTIC GLOBAL TRADING S A S,INVS COMERCIALES PIHERSA C A,INVS COMERCIALES PIHERSA C A,CUBA,CUBA,Palm oil equivalents,9704665.93,14759.9755578947
2013,COLOMBIA,BUENAVENTURA,C I COMEXA S A,C I COMEXA S A,CARIBON FOODS,CARIBON FOODS,UNITED KINGDOM,EUROPEAN UNION,Palm oil equivalents,8760959.62,8648.83875789474
2013,COLOMBIA,BUENAVENTURA,C I COMEXA S A,C I COMEXA S A,VECO ENTERPRISES GROUP LLC,VECO ENTERPRISES GROUP LLC,UNITED KINGDOM,EUROPEAN UNION,Palm oil equivalents,1150409.81,657.397242105263
2018,COLOMBIA,BUENAVENTURA,CI PELICANOS LTD,CI PELICANOS LTD,IND DE PRODS ALIMENTICIOS PIRAQUE S A,IND DE PRODS ALIMENTICIOS PIRAQUE S A,CUBA,CUBA,Palm oil equivalents,5990959.24,9631.53573684211
2018,COLOMBIA,BUENAVENTURA,CI PELICANOS LTD,CI PELICANOS LTD,INDUSTRIAS XHARA LTDA,INDUSTRIAS XHARA LTDA,CUBA,CUBA,Palm oil equivalents,2105517.75,3307.702
2018,COLOMBIA,BUENAVENTURA,CI PELICANOS LTD,CI PELICANOS LTD,INVS LYH 07 C A,INVS LYH 07 C A,CUBA,CUBA,Palm oil equivalents,12273.07,9.28421052631579
2018,COLOMBIA,BUENAVENTURA,CI PELICANOS LTD,CI PELICANOS LTD,IOI LODERS CROKLAAN,IOI LODERS CROKLAAN,CUBA,CUBA,Palm oil equivalents,6009717.24,8593.96022105263
2018,COLOMBIA,BUENAVENTURA,CI PELICANOS LTD,CI PELICANOS LTD,KARINA PRODUCE TRADERS LLC,KARINA PRODUCE TRADERS LLC,CUBA,CUBA,Palm oil equivalents,17666,19.3842105263158
2013,COLOMBIA,BUENAVENTURA,C I SOCIEDAD INDUSTRIAL DE GRASAS VEGETALES SIGRA S A,C I SOCIEDAD INDUSTRIAL DE GRASAS VEGETALES SIGRA S A,COMERCIAL CERRILLOS,COMERCIAL CERRILLOS,ISRAEL,ISRAEL,Palm oil equivalents,1349742.2,1146.61901052632
2013,COLOMBIA,BUENAVENTURA,C I SOCIEDAD INDUSTRIAL DE GRASAS VEGETALES SIGRA S A,C I SOCIEDAD INDUSTRIAL DE GRASAS VEGETALES SIGRA S A,COMERCIAL CERRILLOS,COMERCIAL CERRILLOS,UNITED KINGDOM,EUROPEAN UNION,Palm oil equivalents,2378454.87,2876.33315789474
2013,COLOMBIA,BUENAVENTURA,C I SOCIEDAD INDUSTRIAL DE GRASAS VEGETALES SIGRA S A,C I SOCIEDAD INDUSTRIAL DE GRASAS VEGETALES SIGRA S A,LA FABRIL S A,LA FABRIL S A,UNITED KINGDOM,EUROPEAN UNION,Palm oil equivalents,1697666.76,2034.17505263158
2013,COLOMBIA,BUENAVENTURA,C I SOCIEDAD INDUSTRIAL DE GRASAS VEGETALES SIGRA S A,C I SOCIEDAD INDUSTRIAL DE GRASAS VEGETALES SIGRA S A,TRIO S A,TRIO S A,UNITED KINGDOM,EUROPEAN UNION,Palm oil equivalents,49138.56,68.0589473684211
2017,COLOMBIA,BUENAVENTURA,FCA DE GRASAS Y PRODS QUIMICOS LTD GRASCO LTD,FCA DE GRASAS Y PRODS QUIMICOS LTD GRASCO LTD,CARIBBEAN BAKERY SUPPLIES NV,CARIBBEAN BAKERY SUPPLIES NV,ARUBA,ARUBA,Palm oil equivalents,147770.39,182.692631578947
2017,COLOMBIA,BUENAVENTURA,FCA DE GRASAS Y PRODS QUIMICOS LTD GRASCO LTD,FCA DE GRASAS Y PRODS QUIMICOS LTD GRASCO LTD,DAABON ORGANIC JAPAN CO LTD,DAABON ORGANIC JAPAN CO LTD,CANADA,CANADA,Palm oil equivalents,101037.27,118.863242105263
2017,COLOMBIA,BUENAVENTURA,FCA DE GRASAS Y PRODS QUIMICOS LTD GRASCO LTD,FCA DE GRASAS Y PRODS QUIMICOS LTD GRASCO LTD,DAABON ORGANIC JAPAN CO LTD,DAABON ORGANIC JAPAN CO LTD,JAPAN,JAPAN,Palm oil equivalents,32163,42.8557894736842
2017,COLOMBIA,BUENAVENTURA,FCA DE GRASAS Y PRODS QUIMICOS LTD GRASCO LTD,FCA DE GRASAS Y PRODS QUIMICOS LTD GRASCO LTD,INKA CROPS S A,INKA CROPS S A,PERU,PERU,Palm oil equivalents,26571.6,23.1157894736842
2017,COLOMBIA,BUENAVENTURA,FCA DE GRASAS Y PRODS QUIMICOS LTD GRASCO LTD,FCA DE GRASAS Y PRODS QUIMICOS LTD GRASCO LTD,WILMAR EUROPE TRADING B V,WILMAR EUROPE TRADING B V,ARUBA,ARUBA,Palm oil equivalents,749094.38,1022.18
2018,COLOMBIA,BUENAVENTURA,FLEISCHMANN FOODS S A,FLEISCHMANN FOODS S A,A AZEVEDO IND E COM DE OLEOS LTDA,A AZEVEDO IND E COM DE OLEOS LTDA,CUBA,CUBA,Palm oil equivalents,14632.12,22.0947368421053
2018,COLOMBIA,BUENAVENTURA,FLEISCHMANN FOODS S A,FLEISCHMANN FOODS S A,BREJEIRO,BREJEIRO,CUBA,CUBA,Palm oil equivalents,17797876.97,27693.1522631579
2018,COLOMBIA,BUENAVENTURA,FLEISCHMANN FOODS S A,FLEISCHMANN FOODS S A,IND ALES C A,IND ALES C A,CUBA,CUBA,Palm oil equivalents,13276720.28,21072.6876842105
2018,COLOMBIA,BUENAVENTURA,FLEISCHMANN FOODS S A,FLEISCHMANN FOODS S A,PRODUCTOS ALIMENTICIOS PASCUAL S A,PRODUCTOS ALIMENTICIOS PASCUAL S A,CUBA,CUBA,Palm oil equivalents,35320067.93,55039.2462842105
2013,COLOMBIA,BUENAVENTURA,INDUTRADE COLOMBIA S A S,INDUTRADE COLOMBIA S A S,TEAM FOODS CHILE S A,TEAM FOODS CHILE S A,SURINAME,SURINAME,Palm oil equivalents,143868.24,117.589473684211
2013,COLOMBIA,BUENAVENTURA,INDUTRADE COLOMBIA S A S,INDUTRADE COLOMBIA S A S,TEAM FOODS MEXICO S A DE C V,DOMESTIC CONSUMPTION,SURINAME,SURINAME,Palm oil equivalents,30668.9,21.2736842105263
2018,COLOMBIA,BUENAVENTURA,SCI Y DE FABRICA DE ACEITES Y MARGARI DEL MAGDALENA S A,SCI Y DE FABRICA DE ACEITES Y MARGARI DEL MAGDALENA S A,BREJEIRO,BREJEIRO,CUBA,CUBA,Palm oil equivalents,9837414.65,14522.4717052632
2018,COLOMBIA,BUENAVENTURA,SCI Y DE FABRICA DE ACEITES Y MARGARI DEL MAGDALENA S A,SCI Y DE FABRICA DE ACEITES Y MARGARI DEL MAGDALENA S A,ICOFORT   AGROINDUSTRIAL LTDA,ICOFORT   AGROINDUSTRIAL LTDA,CUBA,CUBA,Palm oil equivalents,11730225.63,17661.4928
2013,COLOMBIA,BUENAVENTURA,SCI Y DE FABRICA DE ACEITES Y MARGARI DEL MAGDALENA S A,SCI Y DE FABRICA DE ACEITES Y MARGARI DEL MAGDALENA S A,M DIAS BRANCO S A E CIO DE ALIMENTOS,M DIAS BRANCO S A E CIO DE ALIMENTOS,HAITI,HAITI,Palm oil equivalents,10629211.68,9934.66158947368
2013,COLOMBIA,BUENAVENTURA,SCI Y DE FABRICA DE ACEITES Y MARGARI DEL MAGDALENA S A,SCI Y DE FABRICA DE ACEITES Y MARGARI DEL MAGDALENA S A,MEDS AND FOOD FOR KIDS MFK,MEDS AND FOOD FOR KIDS MFK,HAITI,HAITI,Palm oil equivalents,1692450.44,958.379736842105
2013,COLOMBIA,BUENAVENTURA,SCI Y DE FABRICA DE ACEITES Y MARGARI DEL MAGDALENA S A,SCI Y DE FABRICA DE ACEITES Y MARGARI DEL MAGDALENA S A,WILMAR EUROPE TRADING B V,WILMAR EUROPE TRADING B V,HAITI,HAITI,Palm oil equivalents,2511078.83,2492.22925263158
2016,COLOMBIA,BUENAVENTURA,TEAM FOODS COL S A Y PODRA UTILIZAR LAS SIGLAS ACEGRASAS S A,TEAM FOODS COL S A Y PODRA UTILIZAR LAS SIGLAS ACEGRASAS S A,CARIBBEAN ECO SOAPS USUARIO INDL DE BIENES Y SERVS,CARIBBEAN ECO SOAPS USUARIO INDL DE BIENES Y SERVS,BOLIVIA,BOLIVIA,Palm oil equivalents,992678.09,1261.44257894737
2016,COLOMBIA,BUENAVENTURA,TEAM FOODS COL S A Y PODRA UTILIZAR LAS SIGLAS ACEGRASAS S A,TEAM FOODS COL S A Y PODRA UTILIZAR LAS SIGLAS ACEGRASAS S A,CIA INTL DE ALIMENTOS S A,CIA INTL DE ALIMENTOS S A,BOLIVIA,BOLIVIA,Palm oil equivalents,1262619.55,1532.51157894737
2014,COLOMBIA,BUENAVENTURA,TEAM FOODS COL S A Y PODRA UTILIZAR LAS SIGLAS ACEGRASAS S A,TEAM FOODS COL S A Y PODRA UTILIZAR LAS SIGLAS ACEGRASAS S A,DAABON ORGANIC JAPAN CO LTD,DAABON ORGANIC JAPAN CO LTD,MEXICO,MEXICO,Palm oil equivalents,6,0.00745263157894737
2014,COLOMBIA,BUENAVENTURA,TEAM FOODS COL S A Y PODRA UTILIZAR LAS SIGLAS ACEGRASAS S A,TEAM FOODS COL S A Y PODRA UTILIZAR LAS SIGLAS ACEGRASAS S A,TEAM FOODS CHILE S A,TEAM FOODS CHILE S A,BELGIUM,EUROPEAN UNION,Palm oil equivalents,31363.2,25.0105263157895
2016,COLOMBIA,BUENAVENTURA,TEAM FOODS COL S A Y PODRA UTILIZAR LAS SIGLAS ACEGRASAS S A,TEAM FOODS COL S A Y PODRA UTILIZAR LAS SIGLAS ACEGRASAS S A,TEAM FOODS CHILE S A,TEAM FOODS CHILE S A,BOLIVIA,BOLIVIA,Palm oil equivalents,264648.7,317.025263157895
2014,COLOMBIA,BUENAVENTURA,TEAM FOODS COL S A Y PODRA UTILIZAR LAS SIGLAS ACEGRASAS S A,TEAM FOODS COL S A Y PODRA UTILIZAR LAS SIGLAS ACEGRASAS S A,TEAM FOODS CHILE S A,TEAM FOODS CHILE S A,CHILE,CHILE,Palm oil equivalents,30912.81,23.6210526315789
2014,COLOMBIA,BUENAVENTURA,TEAM FOODS COL S A Y PODRA UTILIZAR LAS SIGLAS ACEGRASAS S A,TEAM FOODS COL S A Y PODRA UTILIZAR LAS SIGLAS ACEGRASAS S A,TEAM FOODS MEXICO S A DE C V,DOMESTIC CONSUMPTION,MEXICO,MEXICO,Palm oil equivalents,205587.65,187.532631578947
2014,COLOMBIA,BUENAVENTURA,TEAM FOODS COL S A Y PODRA UTILIZAR LAS SIGLAS ACEGRASAS S A,TEAM FOODS COL S A Y PODRA UTILIZAR LAS SIGLAS ACEGRASAS S A,UNILEVER CARIBBEAN LTD,UNILEVER CARIBBEAN LTD,TRINIDAD AND TOBAGO,TRINIDAD AND TOBAGO,Palm oil equivalents,81598.62,64.1052631578947
2016,COLOMBIA,ESPECIAL DE CARTAGENA,AAK COL S A S,AAK COL S A S,AAK MEXICO SA DE CV,AAK MEXICO SA DE CV,ISRAEL,ISRAEL,Palm oil equivalents,7684319.37,11018.5206842105
2016,COLOMBIA,ESPECIAL DE CARTAGENA,AAK COL S A S,AAK COL S A S,AAK MEXICO SA DE CV,AAK MEXICO SA DE CV,VENEZUELA,VENEZUELA,Palm oil equivalents,82082.4,79.8863157894737
2016,COLOMBIA,ESPECIAL DE CARTAGENA,AAK COL S A S,AAK COL S A S,FERRERO DEL ECUADOR S A,FERRERO,ISRAEL,ISRAEL,Palm oil equivalents,13147045.11,19352.0029473684
2016,COLOMBIA,ESPECIAL DE CARTAGENA,AGROP SANTAMARIA S A,AGROP SANTAMARIA S A,ARCO CIAL TRADING,DOMESTIC CONSUMPTION,ISRAEL,ISRAEL,Palm oil equivalents,16052320.07,23384.4666631579
2016,COLOMBIA,ESPECIAL DE CARTAGENA,AGROP SANTAMARIA S A,AGROP SANTAMARIA S A,GRASAS COMERCIALES GRASCO S A,GRASAS COMERCIALES GRASCO S A,ISRAEL,ISRAEL,Palm oil equivalents,3686662.86,5744.04647368421
2016,COLOMBIA,ESPECIAL DE CARTAGENA,AGROP SANTAMARIA S A,AGROP SANTAMARIA S A,SUMITECH S P A,SUMITECH S P A,ISRAEL,ISRAEL,Palm oil equivalents,334678.37,386.636315789474
2013,COLOMBIA,ESPECIAL DE CARTAGENA,C I ACEPALMA S A,C I ACEPALMA S A,GUYANA STOCKEEDS INC,GUYANA STOCKEEDS INC,GUYANA,GUYANA,Palm oil equivalents,53549.3,58.975
2015,COLOMBIA,ESPECIAL DE CARTAGENA,CIALZDORA INTL SANTANDEREANA DE ACEITES S A S,CIALZDORA INTL SANTANDEREANA DE ACEITES S A S,MAYS CHEMICAL CO OF PUERTO RICO INC,DOMESTIC CONSUMPTION,PUERTO RICO,PUERTO RICO,Palm oil equivalents,83908.48,69.538947368421
2017,COLOMBIA,ESPECIAL DE CARTAGENA,DEL LLANO S A,DEL LLANO S A,AGRIFLORIDA LLC,AGRIFLORIDA LLC,GUYANA,GUYANA,Palm oil equivalents,296235.3,396.73947368421
2016,COLOMBIA,ESPECIAL DE CARTAGENA,DEL LLANO S A,DEL LLANO S A,AGRIFLORIDA LLC,AGRIFLORIDA LLC,PERU,PERU,Palm oil equivalents,14381924.34,21619.9110526316
2016,COLOMBIA,ESPECIAL DE CARTAGENA,DEL LLANO S A,DEL LLANO S A,AGRIFLORIDA LLC,AGRIFLORIDA LLC,SOUTH KOREA,SOUTH KOREA,Palm oil equivalents,447476.32,512.940421052632
2017,COLOMBIA,ESPECIAL DE CARTAGENA,DEL LLANO S A,DEL LLANO S A,CAMILO FERRON CHILE S A,CAMILO FERRON CHILE S A,GUATEMALA,GUATEMALA,Palm oil equivalents,434170.62,559.411894736842
2016,COLOMBIA,ESPECIAL DE CARTAGENA,DEL LLANO S A,DEL LLANO S A,CARGILL GMBH,CARGILL,VENEZUELA,VENEZUELA,Palm oil equivalents,9036285.94,13176.9300842105
2017,COLOMBIA,ESPECIAL DE CARTAGENA,DEL LLANO S A,DEL LLANO S A,COMPANIA NAL DE CHOCOLATES DCR S A,COMPANIA NAL DE CHOCOLATES DCR S A,GUYANA,GUYANA,Palm oil equivalents,584858.74,777.883842105263
2017,COLOMBIA,ESPECIAL DE CARTAGENA,DEL LLANO S A,DEL LLANO S A,LIPIDOS DE SANTIGA SA,LIPIDOS DE SANTIGA SA,SPAIN,EUROPEAN UNION,Palm oil equivalents,15640322.58,19831.2522105263
2016,COLOMBIA,ESPECIAL DE CARTAGENA,DEL LLANO S A,DEL LLANO S A,M DIAS BRANCO S A E CIO DE ALIMENTOS,M DIAS BRANCO S A E CIO DE ALIMENTOS,BRAZIL,BRAZIL,Palm oil equivalents,7671058.07,12026.2401052632
2016,COLOMBIA,ESPECIAL DE CARTAGENA,DEL LLANO S A,DEL LLANO S A,M DIAS BRANCO S A E CIO DE ALIMENTOS,M DIAS BRANCO S A E CIO DE ALIMENTOS,VENEZUELA,VENEZUELA,Palm oil equivalents,12887145.18,19919.3263684211
2017,COLOMBIA,ESPECIAL DE CARTAGENA,DEL LLANO S A,DEL LLANO S A,MERCASID S A,MERCASID S A,GUATEMALA,GUATEMALA,Palm oil equivalents,9434219.78,11857.0243684211
2016,COLOMBIA,ESPECIAL DE CARTAGENA,DEL LLANO S A,DEL LLANO S A,MERCASID S A,MERCASID S A,VENEZUELA,VENEZUELA,Palm oil equivalents,8626688.5,12467.9064736842
2017,COLOMBIA,ESPECIAL DE CARTAGENA,DEL LLANO S A,DEL LLANO S A,NATURACEITES S A,NATURACEITES S A,GUATEMALA,GUATEMALA,Palm oil equivalents,2727366.37,3513.66842105263
2017,COLOMBIA,ESPECIAL DE CARTAGENA,DEL LLANO S A,DEL LLANO S A,PASTERNAK BAUM AND CO INC,PASTERNAK BAUM AND CO INC,GUATEMALA,GUATEMALA,Palm oil equivalents,2992790.8,3809.15584210526
2017,COLOMBIA,ESPECIAL DE CARTAGENA,DEL LLANO S A,DEL LLANO S A,PROCESADORA QUIRIGUA S A PROQUISA,DOMESTIC CONSUMPTION,GUATEMALA,GUATEMALA,Palm oil equivalents,2316393,3000.575
2018,COLOMBIA,ESPECIAL DE CARTAGENA,FCA DE GRASAS Y PRODS QUIMICOS LTD GRASCO LTD,FCA DE GRASAS Y PRODS QUIMICOS LTD GRASCO LTD,ABLE SALES CO INC,ABLE SALES CO INC,PANAMA,PANAMA,Palm oil equivalents,231828.31,259.310294736842
2018,COLOMBIA,ESPECIAL DE CARTAGENA,FCA DE GRASAS Y PRODS QUIMICOS LTD GRASCO LTD,FCA DE GRASAS Y PRODS QUIMICOS LTD GRASCO LTD,MERCASID S A,MERCASID S A,PANAMA,PANAMA,Palm oil equivalents,1406808.7,2148.40510526316
2018,COLOMBIA,ESPECIAL DE CARTAGENA,OLEOFLORES S A S,OLEOFLORES S A S,CARGILL DE MEXICO S A DE C V,CARGILL,PANAMA,PANAMA,Palm oil equivalents,481738.12,670.033684210526
2018,COLOMBIA,ESPECIAL DE CARTAGENA,OLEOFLORES S A S,OLEOFLORES S A S,FRI EL ACERRA SRL,FRI EL ACERRA SRL,ITALY,EUROPEAN UNION,Palm oil equivalents,12079779,18641.8728421053
2018,COLOMBIA,ESPECIAL DE CARTAGENA,OLEOFLORES S A S,OLEOFLORES S A S,MERCASID S A,MERCASID S A,ITALY,EUROPEAN UNION,Palm oil equivalents,650080,1000
2018,COLOMBIA,ESPECIAL DE CARTAGENA,OLEOFLORES S A S,OLEOFLORES S A S,OBM PROD INC,OBM PROD INC,ITALY,EUROPEAN UNION,Palm oil equivalents,201452.47,212.805263157895
2018,COLOMBIA,ESPECIAL DE CARTAGENA,OLEOFLORES S A S,OLEOFLORES S A S,OILFLOWER TRADING LLC,OILFLOWER TRADING LLC,PANAMA,PANAMA,Palm oil equivalents,6096263.36,9124.53415789474
2018,COLOMBIA,ESPECIAL DE CARTAGENA,SCI Y DE FABRICA DE ACEITES Y MARGARI DEL MAGDALENA S A,SCI Y DE FABRICA DE ACEITES Y MARGARI DEL MAGDALENA S A,BREJEIRO,BREJEIRO,CUBA,CUBA,Palm oil equivalents,18918663.25,28880.9705789474
2018,COLOMBIA,ESPECIAL DE CARTAGENA,SCI Y DE FABRICA DE ACEITES Y MARGARI DEL MAGDALENA S A,SCI Y DE FABRICA DE ACEITES Y MARGARI DEL MAGDALENA S A,EURICOM SPA,EURICOM SPA,CUBA,CUBA,Palm oil equivalents,10225155.94,16432.8239368421
2014,COLOMBIA,ESPECIAL DE CARTAGENA,TEAM FOODS COL S A Y PODRA UTILIZAR LAS SIGLAS ACEGRASAS S A,TEAM FOODS COL S A Y PODRA UTILIZAR LAS SIGLAS ACEGRASAS S A,CHOCOLATES INDLS S A,CHOCOLATES INDLS S A,ARGENTINA,ARGENTINA,Palm oil equivalents,3260.05,2.10526315789474
2014,COLOMBIA,ESPECIAL DE CARTAGENA,TEAM FOODS COL S A Y PODRA UTILIZAR LAS SIGLAS ACEGRASAS S A,TEAM FOODS COL S A Y PODRA UTILIZAR LAS SIGLAS ACEGRASAS S A,SUCESORES DE JOSE SALGADO S A I C,SUCESORES DE JOSE SALGADO S A I C,ARGENTINA,ARGENTINA,Palm oil equivalents,10289.86,6.31578947368421
2015,COLOMBIA,IPIALES,AAK COL S A S,AAK COL S A S,AAK MEXICO SA DE CV,AAK MEXICO SA DE CV,ISRAEL,ISRAEL,Palm oil equivalents,270438.8,394.164736842105
2018,COLOMBIA,IPIALES,C I ACEPALMA S A,C I ACEPALMA S A,CARGILL BV,CARGILL,CANADA,CANADA,Palm oil equivalents,325644.31,489.556052631579
2018,COLOMBIA,IPIALES,C I ACEPALMA S A,C I ACEPALMA S A,CARGILL BV,CARGILL,NETHERLANDS,EUROPEAN UNION,Palm oil equivalents,960136.86,1246.96157894737
2018,COLOMBIA,IPIALES,C I ACEPALMA S A,C I ACEPALMA S A,CARGILL BV,CARGILL,UNITED STATES,UNITED STATES,Palm oil equivalents,14709.6,19.1157894736842
2018,COLOMBIA,IPIALES,C I ACEPALMA S A,C I ACEPALMA S A,INDUSTRIALIZADORA OLEOFINOS S A DE C V,INDUSTRIALIZADORA OLEOFINOS S A DE C V,MEXICO,MEXICO,Palm oil equivalents,1453286,2223.52794736842
2018,COLOMBIA,IPIALES,C I ACEPALMA S A,C I ACEPALMA S A,M DIAS BRANCO S A E CIO DE ALIMENTOS,M DIAS BRANCO S A E CIO DE ALIMENTOS,BRAZIL,BRAZIL,Palm oil equivalents,6698498.96,10181.0714210526
2018,COLOMBIA,IPIALES,C I ACEPALMA S A,C I ACEPALMA S A,PASTERNAK BAUM AND CO INC,PASTERNAK BAUM AND CO INC,MEXICO,MEXICO,Palm oil equivalents,415440.11,612.837526315789
2018,COLOMBIA,IPIALES,C I BIOCOSTA S A,C I BIOCOSTA S A,LA FABRIL S A,LA FABRIL S A,DOMINICAN REPUBLIC,DOMINICAN REPUBLIC,Palm oil equivalents,1882941.7,2558.79052631579
2018,COLOMBIA,IPIALES,C I BIOCOSTA S A,C I BIOCOSTA S A,OLENEX SARL,OLENEX SARL,PUERTO RICO,PUERTO RICO,Palm oil equivalents,7374531.1,11607.9552105263
2018,COLOMBIA,IPIALES,C I MACROEXPORT GUTIERREZ Y RAMIREZ S A S,C I MACROEXPORT GUTIERREZ Y RAMIREZ S A S,ITHACA COMPANY PANAMA S A,ITHACA COMPANY PANAMA S A,ECUADOR,ECUADOR,Palm oil equivalents,67853.64,73.0315789473684
2017,COLOMBIA,IPIALES,C I MACROEXPORT GUTIERREZ Y RAMIREZ S A S,C I MACROEXPORT GUTIERREZ Y RAMIREZ S A S,SAO BUSINESS INTL S A,SAO BUSINESS INTL S A,ECUADOR,ECUADOR,Palm oil equivalents,40997.54,36.6842105263158
2015,COLOMBIA,IPIALES,GRASAS S A,GRASAS S A,BAKERY CHOTELAL,BAKERY CHOTELAL,SURINAME,SURINAME,Palm oil equivalents,7177769.27,10954.7532526316
2015,COLOMBIA,IPIALES,GRASAS S A,GRASAS S A,CARGILL GMBH,CARGILL,ISRAEL,ISRAEL,Palm oil equivalents,33016537.72,47773.4213578947
2015,COLOMBIA,IPIALES,GRASAS S A,GRASAS S A,ECUAQUIMICA C A,ECUAQUIMICA C A,ARGENTINA,ARGENTINA,Palm oil equivalents,4084980.51,6279.41636842105
2015,COLOMBIA,IPIALES,GRASAS S A,GRASAS S A,MERCASID S A,MERCASID S A,ARGENTINA,ARGENTINA,Palm oil equivalents,67036.14,50.9002105263158
2015,COLOMBIA,IPIALES,GRASAS S A,GRASAS S A,MIGUEL MARITANO IND DE JABONES SA,MIGUEL MARITANO IND DE JABONES SA,ISRAEL,ISRAEL,Palm oil equivalents,15520512.99,23930.6745684211
2015,COLOMBIA,IPIALES,GRASAS S A,GRASAS S A,MIGUEL MARITANO IND DE JABONES SA,MIGUEL MARITANO IND DE JABONES SA,SURINAME,SURINAME,Palm oil equivalents,1965500.98,2449.02465263158
2015,COLOMBIA,IPIALES,GRASAS S A,GRASAS S A,PASTERNAK BAUM AND CO INC,PASTERNAK BAUM AND CO INC,HAITI,HAITI,Palm oil equivalents,24946268.05,29913.5757052632
2015,COLOMBIA,IPIALES,GRASAS S A,GRASAS S A,REFRICENTRO S A,REFRICENTRO S A,ISRAEL,ISRAEL,Palm oil equivalents,13542960.33,19262.8199894737
2015,COLOMBIA,IPIALES,GRASAS S A,GRASAS S A,WILMAR EUROPE TRADING B V,WILMAR EUROPE TRADING B V,HAITI,HAITI,Palm oil equivalents,4422094.2,5975.50904210526
2016,COLOMBIA,IPIALES,GRASAS Y DERIVADOS S A,GRASAS Y DERIVADOS S A,CARIBBEAN BAKERY SUPPLIES NV,CARIBBEAN BAKERY SUPPLIES NV,CURACAO,CURACAO,Palm oil equivalents,652484.03,842.860526315789
2018,COLOMBIA,IPIALES,GRASAS Y DERIVADOS S A,GRASAS Y DERIVADOS S A,CARIBBEAN BAKERY SUPPLIES NV,CARIBBEAN BAKERY SUPPLIES NV,CURACAO,CURACAO,Palm oil equivalents,9280.6,8.7378947368421
2015,COLOMBIA,IPIALES,INDUTRADE COLOMBIA S A S,INDUTRADE COLOMBIA S A S,AAK MEXICO SA DE CV,AAK MEXICO SA DE CV,ISRAEL,ISRAEL,Palm oil equivalents,153825.98,191.91
2015,COLOMBIA,IPIALES,INDUTRADE COLOMBIA S A S,INDUTRADE COLOMBIA S A S,CAMILO FERRON CHILE S A,CAMILO FERRON CHILE S A,ISRAEL,ISRAEL,Palm oil equivalents,5939863.09,9717.25168421053
2018,COLOMBIA,IPIALES,INDUTRADE COLOMBIA S A S,INDUTRADE COLOMBIA S A S,GOLD IMP INC,GOLD IMP INC,PUERTO RICO,PUERTO RICO,Palm oil equivalents,6762204.7,10369.7635789474
2015,COLOMBIA,IPIALES,INDUTRADE COLOMBIA S A S,INDUTRADE COLOMBIA S A S,LANSEY S A,LANSEY S A,ISRAEL,ISRAEL,Palm oil equivalents,240278.65,317.66552631579
2018,COLOMBIA,IPIALES,INDUTRADE SOC DE COMERCIALIZACION INTL S A S,INDUTRADE SOC DE COMERCIALIZACION INTL S A S,ADM AMERICAS S DE R L,ADM,JAMAICA,JAMAICA,Palm oil equivalents,2305453.5,3445.14715789474
2018,COLOMBIA,IPIALES,INDUTRADE SOC DE COMERCIALIZACION INTL S A S,INDUTRADE SOC DE COMERCIALIZACION INTL S A S,CARIBBEAN ECO SOAPS USUARIO INDL DE BIENES Y SERVS,CARIBBEAN ECO SOAPS USUARIO INDL DE BIENES Y SERVS,COLOMBIA,COLOMBIA,Palm oil equivalents,190764.01,216.263157894737
2018,COLOMBIA,IPIALES,INDUTRADE SOC DE COMERCIALIZACION INTL S A S,INDUTRADE SOC DE COMERCIALIZACION INTL S A S,CEPSA TRADING S A U,CEPSA TRADING S A U,SPAIN,EUROPEAN UNION,Palm oil equivalents,6483894.5,10000.146
2018,COLOMBIA,IPIALES,INDUTRADE SOC DE COMERCIALIZACION INTL S A S,INDUTRADE SOC DE COMERCIALIZACION INTL S A S,DAABON ORGANIC USA INC,DAABON ORGANIC USA INC,COLOMBIA,COLOMBIA,Palm oil equivalents,70.47,0.0326315789473684
2018,COLOMBIA,IPIALES,INDUTRADE SOC DE COMERCIALIZACION INTL S A S,INDUTRADE SOC DE COMERCIALIZACION INTL S A S,ESPECIAS Y ADITIVOS ALIMENTARIOS S A,ESPECIAS Y ADITIVOS ALIMENTARIOS S A,BELGIUM,EUROPEAN UNION,Palm oil equivalents,99825.55,117.521052631579
2018,COLOMBIA,IPIALES,INDUTRADE SOC DE COMERCIALIZACION INTL S A S,INDUTRADE SOC DE COMERCIALIZACION INTL S A S,ESPECIAS Y ADITIVOS ALIMENTARIOS S A,ESPECIAS Y ADITIVOS ALIMENTARIOS S A,UNITED KINGDOM,EUROPEAN UNION,Palm oil equivalents,291753.7,309.631578947368
2018,COLOMBIA,IPIALES,INDUTRADE SOC DE COMERCIALIZACION INTL S A S,INDUTRADE SOC DE COMERCIALIZACION INTL S A S,GLOBAL ORGANICS,GLOBAL ORGANICS,ARUBA,ARUBA,Palm oil equivalents,11786.6,11.1252631578947
2018,COLOMBIA,IPIALES,INDUTRADE SOC DE COMERCIALIZACION INTL S A S,INDUTRADE SOC DE COMERCIALIZACION INTL S A S,GLOBAL ORGANICS,GLOBAL ORGANICS,AUSTRALIA,AUSTRALIA,Palm oil equivalents,24774,28.1052631578947
2018,COLOMBIA,IPIALES,INDUTRADE SOC DE COMERCIALIZACION INTL S A S,INDUTRADE SOC DE COMERCIALIZACION INTL S A S,GLOBAL ORGANICS,GLOBAL ORGANICS,BELGIUM,EUROPEAN UNION,Palm oil equivalents,94117.5,95.3157894736842
2018,COLOMBIA,IPIALES,INDUTRADE SOC DE COMERCIALIZACION INTL S A S,INDUTRADE SOC DE COMERCIALIZACION INTL S A S,GLOBAL ORGANICS,GLOBAL ORGANICS,COLOMBIA,COLOMBIA,Palm oil equivalents,8428466.12,13526.6562631579
2018,COLOMBIA,IPIALES,INDUTRADE SOC DE COMERCIALIZACION INTL S A S,INDUTRADE SOC DE COMERCIALIZACION INTL S A S,SAO BUSINESS INTL S A,SAO BUSINESS INTL S A,BELGIUM,EUROPEAN UNION,Palm oil equivalents,70488,74.9473684210526
2018,COLOMBIA,IPIALES,INDUTRADE SOC DE COMERCIALIZACION INTL S A S,INDUTRADE SOC DE COMERCIALIZACION INTL S A S,TEAM FOODS CHILE S A,TEAM FOODS CHILE S A,BELGIUM,EUROPEAN UNION,Palm oil equivalents,508771.38,656.75252631579
2018,COLOMBIA,IPIALES,INDUTRADE SOC DE COMERCIALIZACION INTL S A S,INDUTRADE SOC DE COMERCIALIZACION INTL S A S,VECO ENTERPRISES GROUP LLC,VECO ENTERPRISES GROUP LLC,JAMAICA,JAMAICA,Palm oil equivalents,75416.63,90.4568421052631
2018,COLOMBIA,IPIALES,INDUTRADE SOC DE COMERCIALIZACION INTL S A S,INDUTRADE SOC DE COMERCIALIZACION INTL S A S,WATTS S A,WATTS S A,COLOMBIA,COLOMBIA,Palm oil equivalents,529358.78,708.875473684211
2015,COLOMBIA,IPIALES,RECAMIER S A,RECAMIER S A,BANN QUIMICA LTD,DOMESTIC CONSUMPTION,ECUADOR,ECUADOR,Palm oil equivalents,111027.34,50.7877684210526
2015,COLOMBIA,IPIALES,RECAMIER S A,RECAMIER S A,CARIBBEAN BAKERY SUPPLIES NV,CARIBBEAN BAKERY SUPPLIES NV,CURACAO,CURACAO,Palm oil equivalents,10583422.57,12954.3744842105
2016,COLOMBIA,IPIALES,RECAMIER S A,RECAMIER S A,LANSEY S A,LANSEY S A,ECUADOR,ECUADOR,Palm oil equivalents,1410.93,0.0378947368421053
2015,COLOMBIA,IPIALES,RECAMIER S A,RECAMIER S A,M DIAS BRANCO S A E CIO DE ALIMENTOS,M DIAS BRANCO S A E CIO DE ALIMENTOS,CURACAO,CURACAO,Palm oil equivalents,2082830.3,3118.47018947368
2015,COLOMBIA,IPIALES,RECAMIER S A,RECAMIER S A,MERCASID S A,MERCASID S A,ARGENTINA,ARGENTINA,Palm oil equivalents,2246767.32,3310.15347368421
2015,COLOMBIA,IPIALES,RECAMIER S A,RECAMIER S A,SUCESORES DE JOSE SALGADO S A I C,SUCESORES DE JOSE SALGADO S A I C,ARGENTINA,ARGENTINA,Palm oil equivalents,2665751.62,4213.51621052632
2016,COLOMBIA,IPIALES,RECAMIER S A,RECAMIER S A,WILMAR EUROPE TRADING B V,WILMAR EUROPE TRADING B V,ECUADOR,ECUADOR,Palm oil equivalents,4034008.5,7525.012
2015,COLOMBIA,IPIALES,SERVS INDUSTRIALES DEL NORTE S A S,SERVS INDUSTRIALES DEL NORTE S A S,BIO OILS HUELVA S L U,BIO OILS HUELVA S L U,ISRAEL,ISRAEL,Palm oil equivalents,36226023.88,61124.6897157895
2015,COLOMBIA,IPIALES,SERVS INDUSTRIALES DEL NORTE S A S,SERVS INDUSTRIALES DEL NORTE S A S,CASA MENDEZ N V,CASA MENDEZ N V,ISRAEL,ISRAEL,Palm oil equivalents,7166187.11,10514.8154947368
2015,COLOMBIA,IPIALES,SERVS INDUSTRIALES DEL NORTE S A S,SERVS INDUSTRIALES DEL NORTE S A S,CESAR IGLESIAS S A,DOMESTIC CONSUMPTION,ISRAEL,ISRAEL,Palm oil equivalents,14055672.08,26281.5438421053
2015,COLOMBIA,IPIALES,SERVS INDUSTRIALES DEL NORTE S A S,SERVS INDUSTRIALES DEL NORTE S A S,C I FONCAR C A,C I FONCAR C A,ISRAEL,ISRAEL,Palm oil equivalents,5795950.26,8681.05135789474
2015,COLOMBIA,IPIALES,SERVS INDUSTRIALES DEL NORTE S A S,SERVS INDUSTRIALES DEL NORTE S A S,DOMINGO RIJO C X A,DOMINGO RIJO C X A,PARAGUAY,PARAGUAY,Palm oil equivalents,6364207.21,11775.8749473684
2015,COLOMBIA,IPIALES,SERVS INDUSTRIALES DEL NORTE S A S,SERVS INDUSTRIALES DEL NORTE S A S,ESPECIAS Y ADITIVOS ALIMENTARIOS S A,ESPECIAS Y ADITIVOS ALIMENTARIOS S A,ARUBA,ARUBA,Palm oil equivalents,32846.88,32.3726315789474
2015,COLOMBIA,IPIALES,SERVS INDUSTRIALES DEL NORTE S A S,SERVS INDUSTRIALES DEL NORTE S A S,ESPECIAS Y ADITIVOS ALIMENTARIOS S A,ESPECIAS Y ADITIVOS ALIMENTARIOS S A,PARAGUAY,PARAGUAY,Palm oil equivalents,16651461.78,28945.4861473684
2015,COLOMBIA,IPIALES,SERVS INDUSTRIALES DEL NORTE S A S,SERVS INDUSTRIALES DEL NORTE S A S,LA FABRIL S A,LA FABRIL S A,PARAGUAY,PARAGUAY,Palm oil equivalents,982353.27,1234.45736842105
2015,COLOMBIA,IPIALES,SERVS INDUSTRIALES DEL NORTE S A S,SERVS INDUSTRIALES DEL NORTE S A S,LUNYSOL S A,LUNYSOL S A,URUGUAY,URUGUAY,Palm oil equivalents,289917000.7,440426.464563158
2015,COLOMBIA,IPIALES,SERVS INDUSTRIALES DEL NORTE S A S,SERVS INDUSTRIALES DEL NORTE S A S,PARALEVA SA,PARALEVA SA,PARAGUAY,PARAGUAY,Palm oil equivalents,2203263.35,3479.89342105263
2013,COLOMBIA,IPIALES,SUPERTIENDAS CANAVERAL S A,SUPERTIENDAS CANAVERAL S A,LA FABRIL S A,LA FABRIL S A,ECUADOR,ECUADOR,Palm oil equivalents,36760,28.3684210526316
2018,COLOMBIA,IPIALES,TEAM FOODS COL S A Y PODRA UTILIZAR LAS SIGLAS ACEGRASAS S A,TEAM FOODS COL S A Y PODRA UTILIZAR LAS SIGLAS ACEGRASAS S A,FERRERO DEL ECUADOR S A,FERRERO,CHILE,CHILE,Palm oil equivalents,20900,14.7368421052632
2018,COLOMBIA,IPIALES,TEAM FOODS COL S A Y PODRA UTILIZAR LAS SIGLAS ACEGRASAS S A,TEAM FOODS COL S A Y PODRA UTILIZAR LAS SIGLAS ACEGRASAS S A,FERRERO DEL ECUADOR S A,FERRERO,JAMAICA,JAMAICA,Palm oil equivalents,9115820.75,13582.2289473684
2018,COLOMBIA,IPIALES,TEAM FOODS COL S A Y PODRA UTILIZAR LAS SIGLAS ACEGRASAS S A,TEAM FOODS COL S A Y PODRA UTILIZAR LAS SIGLAS ACEGRASAS S A,MIGUEL MARITANO IND DE JABONES SA,MIGUEL MARITANO IND DE JABONES SA,CHILE,CHILE,Palm oil equivalents,369031.85,442.335368421053
2018,COLOMBIA,IPIALES,TEAM FOODS COL S A Y PODRA UTILIZAR LAS SIGLAS ACEGRASAS S A,TEAM FOODS COL S A Y PODRA UTILIZAR LAS SIGLAS ACEGRASAS S A,S C I BOLIVARIANA DE NEGOCIOS C A,S C I BOLIVARIANA DE NEGOCIOS C A,CHILE,CHILE,Palm oil equivalents,336310.9,369.694736842105
2018,COLOMBIA,IPIALES,TEAM FOODS COL S A Y PODRA UTILIZAR LAS SIGLAS ACEGRASAS S A,TEAM FOODS COL S A Y PODRA UTILIZAR LAS SIGLAS ACEGRASAS S A,TEAM FOODS CHILE S A,TEAM FOODS CHILE S A,CHILE,CHILE,Palm oil equivalents,298841.5,393.115157894737
2016,COLOMBIA,MAICAO,ALCANCE OPERADOR LOGISTICO S A S,ALCANCE OPERADOR LOGISTICO S A S,EASYBUY USA CORP,EASYBUY USA CORP,PANAMA,PANAMA,Palm oil equivalents,20470,24.2105263157895
2016,COLOMBIA,MAICAO,ALCANCE OPERADOR LOGISTICO S A S,ALCANCE OPERADOR LOGISTICO S A S,ESPALSA S A,ESPALSA S A,DOMINICAN REPUBLIC,DOMINICAN REPUBLIC,Palm oil equivalents,282979.65,454.756315789474
2018,COLOMBIA,MAICAO,ALL IN ONE HOLDING CORP S A S,ALL IN ONE HOLDING CORP S A S,CORP DE ALIMENTOS MULTILIDER C A,CORP DE ALIMENTOS MULTILIDER C A,ANTIGUA AND BARBUDA,ANTIGUA AND BARBUDA,Palm oil equivalents,6322766.64,9083.19689473684
2018,COLOMBIA,MAICAO,ALL IN ONE HOLDING CORP S A S,ALL IN ONE HOLDING CORP S A S,GOLDEN AGRI INTL PTE LTD,GOLDEN AGRI INTL PTE LTD,BOLIVIA,BOLIVIA,Palm oil equivalents,16877914.82,26116.2724736842
2018,COLOMBIA,MAICAO,ALL IN ONE HOLDING CORP S A S,ALL IN ONE HOLDING CORP S A S,IOI LODERS CROKLAAN,IOI LODERS CROKLAAN,BOLIVIA,BOLIVIA,Palm oil equivalents,334838.16,517.722736842105
2018,COLOMBIA,MAICAO,ALL IN ONE HOLDING CORP S A S,ALL IN ONE HOLDING CORP S A S,RAZZO LTD,RAZZO LTD,ANTIGUA AND BARBUDA,ANTIGUA AND BARBUDA,Palm oil equivalents,89352.39,108.294736842105
2018,COLOMBIA,MAICAO,ALL IN ONE HOLDING CORP S A S,ALL IN ONE HOLDING CORP S A S,RIS SA,RIS SA,ANTIGUA AND BARBUDA,ANTIGUA AND BARBUDA,Palm oil equivalents,135157.95,186.873684210526
2018,COLOMBIA,MAICAO,ALL IN ONE HOLDING CORP S A S,ALL IN ONE HOLDING CORP S A S,SOC IND Y CIAL LA FRANCESA S A,SOC IND Y CIAL LA FRANCESA S A,BOLIVIA,BOLIVIA,Palm oil equivalents,868228.35,980.621052631579
2018,COLOMBIA,MAICAO,ALL IN ONE HOLDING CORP S A S,ALL IN ONE HOLDING CORP S A S,YERUVA S A,YERUVA S A,ANTIGUA AND BARBUDA,ANTIGUA AND BARBUDA,Palm oil equivalents,85085.35,103.610526315789
2017,COLOMBIA,MAICAO,CARGILL DE COLOMBIA LTDA,CARGILL,AMCOR INVESTMENTS LTD,AMCOR INVESTMENTS LTD,GREECE,EUROPEAN UNION,Palm oil equivalents,389092328.41,568803.042568421
2017,COLOMBIA,MAICAO,CARGILL DE COLOMBIA LTDA,CARGILL,LIPIDOS DE S ANTIGA S A,DOMESTIC CONSUMPTION,BOLIVIA,BOLIVIA,Palm oil equivalents,7048341.19,10160.9918421053
2015,COLOMBIA,MAICAO,C I ACEPALMA S A,C I ACEPALMA S A,GUYANA STOCKEEDS INC,GUYANA STOCKEEDS INC,GUYANA,GUYANA,Palm oil equivalents,956150.97,696.428821052632
2015,COLOMBIA,MAICAO,C I ACEPALMA S A,C I ACEPALMA S A,WATTS S A,WATTS S A,GUYANA,GUYANA,Palm oil equivalents,70287.92,91.0052631578947
2015,COLOMBIA,MAICAO,C I ALIANZA COL S A S,C I ALIANZA COL S A S,CARIBBEAN CIAL TRADING COR,DOMESTIC CONSUMPTION,VENEZUELA,VENEZUELA,Palm oil equivalents,168216,146.505263157895
2017,COLOMBIA,MAICAO,CIALZDORA ASOPALMAR S A S,CIALZDORA ASOPALMAR S A S,GREEN OIL GROUP,DOMESTIC CONSUMPTION,BOLIVIA,BOLIVIA,Palm oil equivalents,487774.14,657.946157894737
2015,COLOMBIA,MAICAO,C I BIOCOSTA S A,C I BIOCOSTA S A,IOI LODERS CROKLAAN,IOI LODERS CROKLAAN,VENEZUELA,VENEZUELA,Palm oil equivalents,1935206.13,2696.97469473684
2016,COLOMBIA,MAICAO,C I BIOCOSTA S A,C I BIOCOSTA S A,MIGUEL MARITANO IND DE JABONES SA,MIGUEL MARITANO IND DE JABONES SA,DOMINICAN REPUBLIC,DOMINICAN REPUBLIC,Palm oil equivalents,164958.88,254.049473684211
2017,COLOMBIA,MAICAO,C I CARBONES Y FRUITS DEL CARIBE S A S,C I CARBONES Y FRUITS DEL CARIBE S A S,CESAR IGLESIAS S A,DOMESTIC CONSUMPTION,HAITI,HAITI,Palm oil equivalents,66825,105.531578947368
2017,COLOMBIA,MAICAO,C I CARBONES Y FRUITS DEL CARIBE S A S,C I CARBONES Y FRUITS DEL CARIBE S A S,DOMINGO RIJO S A,DOMINGO RIJO S A,HAITI,HAITI,Palm oil equivalents,3816241.45,6213.62342105263
2017,COLOMBIA,MAICAO,C I CARBONES Y FRUITS DEL CARIBE S A S,C I CARBONES Y FRUITS DEL CARIBE S A S,SUCHIATE Y SOCONUSCO INTL S A DE C V,DOMESTIC CONSUMPTION,HAITI,HAITI,Palm oil equivalents,688410.76,954.810210526316
2017,COLOMBIA,MAICAO,C I INVS GROUP KAIROS S A S,C I INVS GROUP KAIROS S A S,BALTIMAR S A R L,BALTIMAR S A R L,MOROCCO,MOROCCO,Palm oil equivalents,10251086.21,15944.2896315789
2017,COLOMBIA,MAICAO,C I INVS GROUP KAIROS S A S,C I INVS GROUP KAIROS S A S,BIOPOWER SARDEGNA S R L,BIOPOWER SARDEGNA S R L,ITALY,EUROPEAN UNION,Palm oil equivalents,3841654.55,5982.09136842105
2017,COLOMBIA,MAICAO,C I INVS GROUP KAIROS S A S,C I INVS GROUP KAIROS S A S,FERRERO DEL ECUADOR S A,FERRERO,VENEZUELA,VENEZUELA,Palm oil equivalents,18665,13.1578947368421
2017,COLOMBIA,MAICAO,C I INVS GROUP KAIROS S A S,C I INVS GROUP KAIROS S A S,ITHACA COMPANY PANAMA S A,ITHACA COMPANY PANAMA S A,VENEZUELA,VENEZUELA,Palm oil equivalents,203808.28,199
2017,COLOMBIA,MAICAO,C I INVS GROUP KAIROS S A S,C I INVS GROUP KAIROS S A S,TRANSP SACA 2012 C A,DOMESTIC CONSUMPTION,VENEZUELA,VENEZUELA,Palm oil equivalents,5598053.78,7429.76631578947
2017,COLOMBIA,MAICAO,C I INVS GROUP KAIROS S A S,C I INVS GROUP KAIROS S A S,VECO ENTERPRISES GROUP LLC,VECO ENTERPRISES GROUP LLC,VENEZUELA,VENEZUELA,Palm oil equivalents,20160,24.0642105263158
2017,COLOMBIA,MAICAO,C I PRODMERCAR LTD,C I PRODMERCAR LTD,A AZEVEDO IND E COM DE OLEOS LTDA,A AZEVEDO IND E COM DE OLEOS LTDA,BOLIVIA,BOLIVIA,Palm oil equivalents,17019148.16,26937.6688421053
2017,COLOMBIA,MAICAO,C I PRODMERCAR LTD,C I PRODMERCAR LTD,ADM AMERICAS S DE R L,ADM,BOLIVIA,BOLIVIA,Palm oil equivalents,1766902.6,2536.55021052632
2017,COLOMBIA,MAICAO,C I PRODMERCAR LTD,C I PRODMERCAR LTD,BODEGON SANTA MARIA C A,BODEGON SANTA MARIA C A,BOLIVIA,BOLIVIA,Palm oil equivalents,8612644.12,14113.9710526316
2017,COLOMBIA,MAICAO,C I PRODMERCAR LTD,C I PRODMERCAR LTD,JOSE GUMA SA,JOSE GUMA SA,BOLIVIA,BOLIVIA,Palm oil equivalents,11337544.8,18632.9081578947
2015,COLOMBIA,MAICAO,C I SOCIEDAD INDUSTRIAL DE GRASAS VEGETALES SIGRA S A,C I SOCIEDAD INDUSTRIAL DE GRASAS VEGETALES SIGRA S A,COMERCIAL CERRILLOS,COMERCIAL CERRILLOS,VENEZUELA,VENEZUELA,Palm oil equivalents,71458.92,84.5684210526316
2017,COLOMBIA,MAICAO,COLGATE PALMOLIVE CIA,COLGATE PALMOLIVE CIA,INDL DANEC S A,DOMESTIC CONSUMPTION,BOLIVIA,BOLIVIA,Palm oil equivalents,92246.2,105.357894736842
2017,COLOMBIA,MAICAO,DEL LLANO ALTO OLEICO S A S,DEL LLANO ALTO OLEICO S A S,AVEX SA,AVEX SA,MOROCCO,MOROCCO,Palm oil equivalents,16422188.26,24952.2823157895
2017,COLOMBIA,MAICAO,DEL LLANO ALTO OLEICO S A S,DEL LLANO ALTO OLEICO S A S,BREJEIRO PRODS ALIM ORLANDIA S A COM E IND,DOMESTIC CONSUMPTION,MOROCCO,MOROCCO,Palm oil equivalents,22127379.35,32945.4815789474
2017,COLOMBIA,MAICAO,DEL LLANO ALTO OLEICO S A S,DEL LLANO ALTO OLEICO S A S,DIST DE ALIMENTOS GLOBE ITALIA LTD,DOMESTIC CONSUMPTION,MOROCCO,MOROCCO,Palm oil equivalents,471377.44,620.913315789474
2017,COLOMBIA,MAICAO,DEL LLANO ALTO OLEICO S A S,DEL LLANO ALTO OLEICO S A S,OLENEX SARL,OLENEX SARL,MOROCCO,MOROCCO,Palm oil equivalents,9745433.82,15225.2898421053
2017,COLOMBIA,MAICAO,EXTRACTORA MARIA LA BAJA S A,EXTRACTORA MARIA LA BAJA S A,A AZEVEDO IND E COM DE OLEOS LTDA,A AZEVEDO IND E COM DE OLEOS LTDA,BOLIVIA,BOLIVIA,Palm oil equivalents,322461.64,420.287578947368
2018,COLOMBIA,MAICAO,EXTRACTORA MARIA LA BAJA S A,EXTRACTORA MARIA LA BAJA S A,GENERAL EXPORT OPERATIONS INC,GENERAL EXPORT OPERATIONS INC,ANTIGUA AND BARBUDA,ANTIGUA AND BARBUDA,Palm oil equivalents,27412949.98,43326.8756947368
2018,COLOMBIA,MAICAO,EXTRACTORA MARIA LA BAJA S A,EXTRACTORA MARIA LA BAJA S A,GREEN OIL GROUP INC,GREEN OIL GROUP INC,VENEZUELA,VENEZUELA,Palm oil equivalents,281132.42,294.431578947368
2018,COLOMBIA,MAICAO,FCA DE GRASAS Y PRODS QUIMICOS LTD GRASCO LTD,FCA DE GRASAS Y PRODS QUIMICOS LTD GRASCO LTD,NATHAN FOODS CORP,NATHAN FOODS CORP,PANAMA,PANAMA,Palm oil equivalents,948731.77,1218.24835789474
2017,COLOMBIA,MAICAO,FLEISCHMANN FOODS S A,FLEISCHMANN FOODS S A,CEREAL DOCKS SPA,CEREAL DOCKS SPA,HAITI,HAITI,Palm oil equivalents,11526703.21,18454.1335263158
2017,COLOMBIA,MAICAO,FLEISCHMANN FOODS S A,FLEISCHMANN FOODS S A,IND ALES C A,IND ALES C A,HAITI,HAITI,Palm oil equivalents,1748331.1,2391.76752631579
2017,COLOMBIA,MAICAO,FLEISCHMANN FOODS S A,FLEISCHMANN FOODS S A,INVS SAYMAR GARCIA C A,DOMESTIC CONSUMPTION,HAITI,HAITI,Palm oil equivalents,961452,1011.31052631579
2017,COLOMBIA,MAICAO,FLEISCHMANN FOODS S A,FLEISCHMANN FOODS S A,SOC IND Y CIAL LA FRANCESA S A,SOC IND Y CIAL LA FRANCESA S A,BOLIVIA,BOLIVIA,Palm oil equivalents,94858.53,91.8583157894737
2017,COLOMBIA,MAICAO,FLEISCHMANN FOODS S A,FLEISCHMANN FOODS S A,VALEMIA INC,VALEMIA INC,HAITI,HAITI,Palm oil equivalents,195358.13,199.885473684211
2017,COLOMBIA,MAICAO,GEG MERCANTIL S A S,GEG MERCANTIL S A S,BENAVIDES TERMAL JOSE LUIS,BENAVIDES TERMAL JOSE LUIS,BOLIVIA,BOLIVIA,Palm oil equivalents,2097747.13,3129.55721052632
2017,COLOMBIA,MAICAO,GEG MERCANTIL S A S,GEG MERCANTIL S A S,LIPIDOS DE S ANTIGA S A,DOMESTIC CONSUMPTION,BOLIVIA,BOLIVIA,Palm oil equivalents,22146331.9,33257.258631579
2015,COLOMBIA,MAICAO,GRASAS Y ACEITES VEGETALES LTD,GRASAS Y ACEITES VEGETALES LTD,NATHAN FOODS CORP,NATHAN FOODS CORP,MEXICO,MEXICO,Palm oil equivalents,1214261.68,781.842526315789
2015,COLOMBIA,MAICAO,GRASAS Y DERIVADOS S A,GRASAS Y DERIVADOS S A,CARGILL DE MEXICO S A DE C V,CARGILL,MEXICO,MEXICO,Palm oil equivalents,953790.22,1250.02515789474
2015,COLOMBIA,MAICAO,GRASAS Y DERIVADOS S A,GRASAS Y DERIVADOS S A,DAABON EUROPA GMBH,DAABON EUROPA GMBH,BELGIUM,EUROPEAN UNION,Palm oil equivalents,915610.01,1341.70894736842
2015,COLOMBIA,MAICAO,GRASAS Y DERIVADOS S A,GRASAS Y DERIVADOS S A,DAABON EUROPA GMBH,DAABON EUROPA GMBH,VENEZUELA,VENEZUELA,Palm oil equivalents,112651,126.952047368421
2015,COLOMBIA,MAICAO,GRASAS Y DERIVADOS S A,GRASAS Y DERIVADOS S A,ESPALSA S A,ESPALSA S A,DOMINICAN REPUBLIC,DOMINICAN REPUBLIC,Palm oil equivalents,2186200.3,1282.55361052632
2015,COLOMBIA,MAICAO,GRASAS Y DERIVADOS S A,GRASAS Y DERIVADOS S A,ESPALSA S A,ESPALSA S A,GERMANY,EUROPEAN UNION,Palm oil equivalents,58214.4,70.1368421052632
2015,COLOMBIA,MAICAO,GRASAS Y DERIVADOS S A,GRASAS Y DERIVADOS S A,INDUSTRIALIZADORA OLEOFINOS S A DE C V,INDUSTRIALIZADORA OLEOFINOS S A DE C V,MEXICO,MEXICO,Palm oil equivalents,3207537,4981.808
2015,COLOMBIA,MAICAO,GRASAS Y DERIVADOS S A,GRASAS Y DERIVADOS S A,OBM PROD INC,OBM PROD INC,BRAZIL,BRAZIL,Palm oil equivalents,442081.92,278.932642105263
2015,COLOMBIA,MAICAO,GRASAS Y DERIVADOS S A,GRASAS Y DERIVADOS S A,QUAKER CHEMICAL IND E CIO LTD,DOMESTIC CONSUMPTION,BRAZIL,BRAZIL,Palm oil equivalents,544754.11,410.166831578947
2015,COLOMBIA,MAICAO,GRASAS Y DERIVADOS S A,GRASAS Y DERIVADOS S A,VECO ENTERPRISES GROUP LLC,VECO ENTERPRISES GROUP LLC,VENEZUELA,VENEZUELA,Palm oil equivalents,387152.04,184.503494736842
2017,COLOMBIA,MAICAO,NVL CARIBE TRADING CORP S A S,NVL CARIBE TRADING CORP S A S,AAK MEXICO SA DE CV,AAK MEXICO SA DE CV,HAITI,HAITI,Palm oil equivalents,1204883.41,2008.38652631579
2017,COLOMBIA,MAICAO,NVL CARIBE TRADING CORP S A S,NVL CARIBE TRADING CORP S A S,FB FOODS LLC C A,FB FOODS LLC C A,HAITI,HAITI,Palm oil equivalents,177424.74,178.031747368421
2017,COLOMBIA,MAICAO,NVL CARIBE TRADING CORP S A S,NVL CARIBE TRADING CORP S A S,LOUIS DREYFUS CO ESPANA S A,LOUIS DREYFUS CO ESPANA S A,HAITI,HAITI,Palm oil equivalents,974100,1700
2017,COLOMBIA,MAICAO,OLEOFLORES S A S,OLEOFLORES S A S,A AZEVEDO IND E COM DE OLEOS LTDA,A AZEVEDO IND E COM DE OLEOS LTDA,MOROCCO,MOROCCO,Palm oil equivalents,869988.76,1176.40396842105
2017,COLOMBIA,MAICAO,OLEOFLORES S A S,OLEOFLORES S A S,DOMINGO RIJO C X A,DOMINGO RIJO C X A,MOROCCO,MOROCCO,Palm oil equivalents,966106.62,1471.36784210526
2017,COLOMBIA,MAICAO,OLEOFLORES S A S,OLEOFLORES S A S,SUCESORES DE JOSE SALGADO S A I C,SUCESORES DE JOSE SALGADO S A I C,MOROCCO,MOROCCO,Palm oil equivalents,1347985.58,2246.43845263158
2017,COLOMBIA,MAICAO,OLEOFLORES S A S,OLEOFLORES S A S,UNIGRA S P A,DOMESTIC CONSUMPTION,MOROCCO,MOROCCO,Palm oil equivalents,2588167.5,4501.161
2017,COLOMBIA,MAICAO,QUIMERCO S A,QUIMERCO S A,ALFA TRADING LTD,DOMESTIC CONSUMPTION,HAITI,HAITI,Palm oil equivalents,1442414.12,2108.79263157895
2017,COLOMBIA,MAICAO,QUIMERCO S A,QUIMERCO S A,ALFA TRADING LTD,DOMESTIC CONSUMPTION,UKRAINE,UKRAINE,Palm oil equivalents,1925905.38,3130.57731578947
2017,COLOMBIA,MAICAO,QUIMERCO S A,QUIMERCO S A,GENERAL EXPORT OPERATIONS INC,GENERAL EXPORT OPERATIONS INC,ANTIGUA AND BARBUDA,ANTIGUA AND BARBUDA,Palm oil equivalents,2021467.67,3292.19236842105
2017,COLOMBIA,MAICAO,QUIMERCO S A,QUIMERCO S A,PALSGAARO IND DE MEXICO S DE R L DE C V,DOMESTIC CONSUMPTION,MOROCCO,MOROCCO,Palm oil equivalents,479,0.269263157894737
2017,COLOMBIA,MAICAO,QUIMERCO S A,QUIMERCO S A,PRODUCTOS ALIMENTICIOS PASCUAL S A,PRODUCTOS ALIMENTICIOS PASCUAL S A,PANAMA,PANAMA,Palm oil equivalents,23516247.59,36809.3566842105
2017,COLOMBIA,MAICAO,RIVERCOL S A,RIVERCOL S A,CARIBBEAN ECO SOAPS USUARIO INDL DE BIENES Y SERVS,CARIBBEAN ECO SOAPS USUARIO INDL DE BIENES Y SERVS,BOLIVIA,BOLIVIA,Palm oil equivalents,3530173.09,5591.72705263158
2017,COLOMBIA,MAICAO,RIVERCOL S A,RIVERCOL S A,CIAL DE PIENSOS Y CEREALES S A,DOMESTIC CONSUMPTION,BOLIVIA,BOLIVIA,Palm oil equivalents,7421554.59,11263.8171578947
2017,COLOMBIA,MAICAO,RIVERCOL S A,RIVERCOL S A,DAABON EUROPA GMBH,DAABON EUROPA GMBH,BOLIVIA,BOLIVIA,Palm oil equivalents,8701874.3,12889.3884210526
2017,COLOMBIA,MAICAO,RIVERCOL S A,RIVERCOL S A,ICOFORT   AGROINDUSTRIAL LTDA,ICOFORT   AGROINDUSTRIAL LTDA,BOLIVIA,BOLIVIA,Palm oil equivalents,5253046.68,8164.64694736842
2017,COLOMBIA,MAICAO,RIVERCOL S A,RIVERCOL S A,JULES BROCHENIN S A,DOMESTIC CONSUMPTION,BOLIVIA,BOLIVIA,Palm oil equivalents,692408.6,929.538947368421
2017,COLOMBIA,MAICAO,RIVERCOL S A,RIVERCOL S A,SAN DANIEL EXTRACTORA SAN DANIEL CIA LTD,DOMESTIC CONSUMPTION,BOLIVIA,BOLIVIA,Palm oil equivalents,49931.93,84.2473684210526
2017,COLOMBIA,MAICAO,RIVERCOL S A,RIVERCOL S A,SEDOTEXT S L,SEDOTEXT S L,BOLIVIA,BOLIVIA,Palm oil equivalents,22255.8,22.4210526315789
2017,COLOMBIA,MAICAO,RIVERCOL S A,RIVERCOL S A,YERUVA S A,YERUVA S A,BOLIVIA,BOLIVIA,Palm oil equivalents,844239.15,1079.001
2016,COLOMBIA,MAICAO,SERVS INDUSTRIALES DEL NORTE S A S,SERVS INDUSTRIALES DEL NORTE S A S,C I FONCAR C A,C I FONCAR C A,PANAMA,PANAMA,Palm oil equivalents,117422.29,146.505263157895
2017,COLOMBIA,SANTA MARTA,C I ACEPALMA S A,C I ACEPALMA S A,ECUAQUIMICA C A,ECUAQUIMICA C A,NETHERLANDS,EUROPEAN UNION,Palm oil equivalents,1484018.62,2000.133
2017,COLOMBIA,SANTA MARTA,C I BIOCOSTA S A,C I BIOCOSTA S A,CARGILL BV,CARGILL,UNITED KINGDOM,EUROPEAN UNION,Palm oil equivalents,754635.5,1019.888
2017,COLOMBIA,SANTA MARTA,C I BIOCOSTA S A,C I BIOCOSTA S A,CARGILL DE MEXICO S A DE C V,CARGILL,MEXICO,MEXICO,Palm oil equivalents,1862546,2475.539
2017,COLOMBIA,SANTA MARTA,C I BIOCOSTA S A,C I BIOCOSTA S A,INDUSTRIALIZADORA OLEOFINOS S A DE C V,INDUSTRIALIZADORA OLEOFINOS S A DE C V,MEXICO,MEXICO,Palm oil equivalents,3076446.62,4086.481
2017,COLOMBIA,SANTA MARTA,C I BIOCOSTA S A,C I BIOCOSTA S A,INDUSTRIALIZADORA OLEOFINOS S A DE C V,INDUSTRIALIZADORA OLEOFINOS S A DE C V,UNITED KINGDOM,EUROPEAN UNION,Palm oil equivalents,133963.46,157.273684210526
2017,COLOMBIA,SANTA MARTA,C I BIOCOSTA S A,C I BIOCOSTA S A,IOI LODERS CROKLAAN,IOI LODERS CROKLAAN,UNITED KINGDOM,EUROPEAN UNION,Palm oil equivalents,8522192.19,11215.225
2016,COLOMBIA,SANTA MARTA,C I TEQUENDAMA S A S,C I TEQUENDAMA S A S,BIOCOMBUSTIBLES SOSTENIBLES DEL CARIBE S A,BIOCOMBUSTIBLES SOSTENIBLES DEL CARIBE S A,COLOMBIA,COLOMBIA,Palm oil equivalents,268688.41,332.7
2016,COLOMBIA,SANTA MARTA,C I TEQUENDAMA S A S,C I TEQUENDAMA S A S,DAABON INTL INC,DAABON INTL INC,CANADA,CANADA,Palm oil equivalents,25920,41.6842105263158
2014,COLOMBIA,SANTA MARTA,C I TEQUENDAMA S A S,C I TEQUENDAMA S A S,DAABON INTL INC,DAABON INTL INC,GERMANY,EUROPEAN UNION,Palm oil equivalents,58608,47.1157894736842
2013,COLOMBIA,SANTA MARTA,C I TEQUENDAMA S A S,C I TEQUENDAMA S A S,DAABON INTL INC,DAABON INTL INC,JAPAN,JAPAN,Palm oil equivalents,24865,13.2631578947368
2015,COLOMBIA,SANTA MARTA,C I TEQUENDAMA S A S,C I TEQUENDAMA S A S,DAABON INTL INC,DAABON INTL INC,JAPAN,JAPAN,Palm oil equivalents,23543.8,12.3688421052632
2015,COLOMBIA,SANTA MARTA,C I TEQUENDAMA S A S,C I TEQUENDAMA S A S,DAABON INTL INC,DAABON INTL INC,NETHERLANDS,EUROPEAN UNION,Palm oil equivalents,62926,86.2
2016,COLOMBIA,SANTA MARTA,C I TEQUENDAMA S A S,C I TEQUENDAMA S A S,DAABON INTL INC,DAABON INTL INC,NETHERLANDS,EUROPEAN UNION,Palm oil equivalents,90349.4,128.36
2014,COLOMBIA,SANTA MARTA,C I TEQUENDAMA S A S,C I TEQUENDAMA S A S,DAABON INTL INC,DAABON INTL INC,UNITED STATES,UNITED STATES,Palm oil equivalents,22743,18
2016,COLOMBIA,SANTA MARTA,C I TEQUENDAMA S A S,C I TEQUENDAMA S A S,DAABON INTL INC,DAABON INTL INC,UNITED STATES,UNITED STATES,Palm oil equivalents,27720,37.8947368421053
2017,COLOMBIA,SANTA MARTA,C I TEQUENDAMA S A S,C I TEQUENDAMA S A S,GLOBAL ORGANICS,GLOBAL ORGANICS,AUSTRALIA,AUSTRALIA,Palm oil equivalents,16920,18.9473684210526
2017,COLOMBIA,SANTA MARTA,C I TEQUENDAMA S A S,C I TEQUENDAMA S A S,GLOBAL ORGANICS,GLOBAL ORGANICS,BELGIUM,EUROPEAN UNION,Palm oil equivalents,39898.45,47.1526315789474
2018,COLOMBIA,SANTA MARTA,C I TEQUENDAMA S A S,C I TEQUENDAMA S A S,GLOBAL ORGANICS,GLOBAL ORGANICS,GERMANY,EUROPEAN UNION,Palm oil equivalents,37231.2,43.9578947368421
2017,COLOMBIA,SANTA MARTA,GRASAS Y ACEITES VEGETALES LTD,GRASAS Y ACEITES VEGETALES LTD,RAZZO LTD,RAZZO LTD,BRAZIL,BRAZIL,Palm oil equivalents,247592.07,271.8
2016,COLOMBIA,SANTA MARTA,INDUTRADE COLOMBIA S A S,INDUTRADE COLOMBIA S A S,WATTS S A,WATTS S A,CHILE,CHILE,Palm oil equivalents,90303.01,135.189473684211
2017,COLOMBIA,SANTA MARTA,INDUTRADE COLOMBIA S A S,INDUTRADE COLOMBIA S A S,WATTS S A,WATTS S A,CHILE,CHILE,Palm oil equivalents,58639.09,68.021052631579
2017,COLOMBIA,SANTA MARTA,INDUTRADE COLOMBIA S A S,INDUTRADE COLOMBIA S A S,WATTS S A,WATTS S A,NETHERLANDS,EUROPEAN UNION,Palm oil equivalents,527406.41,684.158631578947
2017,COLOMBIA,SANTA MARTA,INDUTRADE COLOMBIA S A S,INDUTRADE COLOMBIA S A S,WATTS S A,WATTS S A,UNITED STATES,UNITED STATES,Palm oil equivalents,75439.8,77.4842105263158
2017,COLOMBIA,SANTA MARTA,TEAM FOODS COL S A Y PODRA UTILIZAR LAS SIGLAS ACEGRASAS S A,TEAM FOODS COL S A Y PODRA UTILIZAR LAS SIGLAS ACEGRASAS S A,TEAM FOODS CHILE S A,TEAM FOODS CHILE S A,NETHERLANDS,EUROPEAN UNION,Palm oil equivalents,211254.57,285.863157894737
2018,COLOMBIA,TUMACO,CARGILL DE COLOMBIA LTDA,CARGILL,AAK MEXICO SA DE CV,AAK MEXICO SA DE CV,HONDURAS,HONDURAS,Palm oil equivalents,2178120.41,3280.13231578947
2018,COLOMBIA,TUMACO,CARGILL DE COLOMBIA LTDA,CARGILL,AVEX SA,AVEX SA,ARGENTINA,ARGENTINA,Palm oil equivalents,202863.38,243.273684210526
2018,COLOMBIA,TUMACO,CARGILL DE COLOMBIA LTDA,CARGILL,CAMILO FERRON CHILE S A,CAMILO FERRON CHILE S A,ARGENTINA,ARGENTINA,Palm oil equivalents,1739664.7,2472.22368421053
2018,COLOMBIA,TUMACO,CARGILL DE COLOMBIA LTDA,CARGILL,CAMILO FERRON CHILE S A,CAMILO FERRON CHILE S A,HONDURAS,HONDURAS,Palm oil equivalents,2419218.16,3388.60684210526
2018,COLOMBIA,TUMACO,CARGILL DE COLOMBIA LTDA,CARGILL,CARGILL AMERICAS INC,CARGILL,ISRAEL,ISRAEL,Palm oil equivalents,9991072.5,14909.6628947368
2018,COLOMBIA,TUMACO,CARGILL DE COLOMBIA LTDA,CARGILL,CARGILL BV,CARGILL,HONDURAS,HONDURAS,Palm oil equivalents,8683445.67,13518.5292105263
2018,COLOMBIA,TUMACO,CARGILL DE COLOMBIA LTDA,CARGILL,REFINERIAS DE GRASAS SUDAMERICANA S A,REFINERIAS DE GRASAS SUDAMERICANA S A,ARGENTINA,ARGENTINA,Palm oil equivalents,3172645.53,4587.60321052632
2018,COLOMBIA,TUMACO,CARGILL DE COLOMBIA LTDA,CARGILL,WILMAR EUROPE TRADING B V,WILMAR EUROPE TRADING B V,ARGENTINA,ARGENTINA,Palm oil equivalents,443266.55,591.016842105263
2014,COLOMBIA,TUMACO,C I ACEPALMA S A,C I ACEPALMA S A,ECUAQUIMICA C A,ECUAQUIMICA C A,ARGENTINA,ARGENTINA,Palm oil equivalents,2118617.97,1623.77903157895
2013,COLOMBIA,TUMACO,C I ADM COLOMBIA LTDA,C I ADM COLOMBIA LTDA,ADM AMERICAS S DE R L,ADM,FRANCE,EUROPEAN UNION,Palm oil equivalents,514525.38,518.397263157895
2013,COLOMBIA,TUMACO,C I ADM COLOMBIA LTDA,C I ADM COLOMBIA LTDA,CARGILL DE MEXICO S A DE C V,CARGILL,ARUBA,ARUBA,Palm oil equivalents,3391497.31,4178.02578947368
2013,COLOMBIA,TUMACO,C I ADM COLOMBIA LTDA,C I ADM COLOMBIA LTDA,CARGILL DE MEXICO S A DE C V,CARGILL,SOUTH KOREA,SOUTH KOREA,Palm oil equivalents,408398.94,527.476842105263
2013,COLOMBIA,TUMACO,C I ADM COLOMBIA LTDA,C I ADM COLOMBIA LTDA,DAABON EUROPA GMBH,DAABON EUROPA GMBH,FRANCE,EUROPEAN UNION,Palm oil equivalents,3537526.54,3988.9421368421
2013,COLOMBIA,TUMACO,C I ADM COLOMBIA LTDA,C I ADM COLOMBIA LTDA,DAABON ORGANIC USA INC,DAABON ORGANIC USA INC,FRANCE,EUROPEAN UNION,Palm oil equivalents,6541300.01,7934.41882105263
2013,COLOMBIA,TUMACO,C I ADM COLOMBIA LTDA,C I ADM COLOMBIA LTDA,DAABON ORGANIC USA INC,DAABON ORGANIC USA INC,SOUTH KOREA,SOUTH KOREA,Palm oil equivalents,6423571.11,7311.47557894737
2013,COLOMBIA,TUMACO,C I ADM COLOMBIA LTDA,C I ADM COLOMBIA LTDA,THIN OIL PRODS LLC,DOMESTIC CONSUMPTION,SOUTH KOREA,SOUTH KOREA,Palm oil equivalents,1945113.98,1904.20210526316
2016,COLOMBIA,TUMACO,C I ALIANZA COL S A S,C I ALIANZA COL S A S,IMP TRADING INC,DOMESTIC CONSUMPTION,VIRGIN ISLANDS (UK),VIRGIN ISLANDS (UK),Palm oil equivalents,83448,75.2684210526316
2016,COLOMBIA,TUMACO,C I MACROEXPORT GUTIERREZ Y RAMIREZ S A S,C I MACROEXPORT GUTIERREZ Y RAMIREZ S A S,SAO BUSINESS INTL S A,SAO BUSINESS INTL S A,VIRGIN ISLANDS (UK),VIRGIN ISLANDS (UK),Palm oil equivalents,8248352.42,14354.1381578947
2016,COLOMBIA,TUMACO,C I SOCIEDAD INDUSTRIAL DE GRASAS VEGETALES SIGRA S A,C I SOCIEDAD INDUSTRIAL DE GRASAS VEGETALES SIGRA S A,CAMILO FERRON CHILE S A,CAMILO FERRON CHILE S A,PERU,PERU,Palm oil equivalents,598737.34,781.238421052631
2016,COLOMBIA,TUMACO,C I SOCIEDAD INDUSTRIAL DE GRASAS VEGETALES SIGRA S A,C I SOCIEDAD INDUSTRIAL DE GRASAS VEGETALES SIGRA S A,CARGILL BV,CARGILL,PERU,PERU,Palm oil equivalents,5807132.82,8424.96626315789
2016,COLOMBIA,TUMACO,C I SOCIEDAD INDUSTRIAL DE GRASAS VEGETALES SIGRA S A,C I SOCIEDAD INDUSTRIAL DE GRASAS VEGETALES SIGRA S A,CARGILL GRAIN AND OILSEEDS SUPPLY CHAIN,CARGILL,PERU,PERU,Palm oil equivalents,2401007.13,3639.07578947368
2016,COLOMBIA,TUMACO,C I SOCIEDAD INDUSTRIAL DE GRASAS VEGETALES SIGRA S A,C I SOCIEDAD INDUSTRIAL DE GRASAS VEGETALES SIGRA S A,CIA NAL DE CHOCOLATES DE COSTA RICA S A,CIA NAL DE CHOCOLATES DE COSTA RICA S A,COSTA RICA,COSTA RICA,Palm oil equivalents,114426.48,201.961052631579
2016,COLOMBIA,TUMACO,C I SOCIEDAD INDUSTRIAL DE GRASAS VEGETALES SIGRA S A,C I SOCIEDAD INDUSTRIAL DE GRASAS VEGETALES SIGRA S A,ECUAQUIMICA C A,ECUAQUIMICA C A,COSTA RICA,COSTA RICA,Palm oil equivalents,3795095.5,6000.151
2016,COLOMBIA,TUMACO,C I SOCIEDAD INDUSTRIAL DE GRASAS VEGETALES SIGRA S A,C I SOCIEDAD INDUSTRIAL DE GRASAS VEGETALES SIGRA S A,GLOBAL ORGANICS,GLOBAL ORGANICS,PERU,PERU,Palm oil equivalents,43841.1,43.7894736842105
2016,COLOMBIA,TUMACO,C I SOCIEDAD INDUSTRIAL DE GRASAS VEGETALES SIGRA S A,C I SOCIEDAD INDUSTRIAL DE GRASAS VEGETALES SIGRA S A,INKA CROPS S A,INKA CROPS S A,PERU,PERU,Palm oil equivalents,13017060.53,21286.7243157895
2018,COLOMBIA,TUMACO,EXTRACTORA MARIA LA BAJA S A,EXTRACTORA MARIA LA BAJA S A,VALEMIA INC,VALEMIA INC,HONDURAS,HONDURAS,Palm oil equivalents,176159.8,220.886315789474
2017,COLOMBIA,TUMACO,HADA S A,HADA S A,CIA ARGENTINA DE LEVADURAS S A,CIA ARGENTINA DE LEVADURAS S A,ARGENTINA,ARGENTINA,Palm oil equivalents,3293565.4,5192.26368421053
2017,COLOMBIA,TUMACO,HADA S A,HADA S A,DAABON ORGANIC USA INC,DAABON ORGANIC USA INC,CURACAO,CURACAO,Palm oil equivalents,80.33,0.0536842105263158
2017,COLOMBIA,TUMACO,HADA S A,HADA S A,HADA S A,HADA S A,CURACAO,CURACAO,Palm oil equivalents,631.8,0.189473684210526
2016,COLOMBIA,TUMACO,HADA S A,HADA S A,HADA S A,HADA S A,VIRGIN ISLANDS (UK),VIRGIN ISLANDS (UK),Palm oil equivalents,6900397.61,10784.9164210526
2016,COLOMBIA,TUMACO,INDUTRADE SOC DE COMERCIALIZACION INTL S A S,INDUTRADE SOC DE COMERCIALIZACION INTL S A S,CARGILL DE MEXICO S A DE C V,CARGILL,GUYANA,GUYANA,Palm oil equivalents,12916695.32,22005.6154736842
2016,COLOMBIA,TUMACO,INDUTRADE SOC DE COMERCIALIZACION INTL S A S,INDUTRADE SOC DE COMERCIALIZACION INTL S A S,GUYANA STOCKEEDS INC,GUYANA STOCKEEDS INC,GUYANA,GUYANA,Palm oil equivalents,187986.1,257.487894736842
2016,COLOMBIA,TUMACO,INDUTRADE SOC DE COMERCIALIZACION INTL S A S,INDUTRADE SOC DE COMERCIALIZACION INTL S A S,INDUSTRIALIZADORA OLEOFINOS S A DE C V,INDUSTRIALIZADORA OLEOFINOS S A DE C V,MEXICO,MEXICO,Palm oil equivalents,777053.94,1528.328
2013,COLOMBIA,TUMACO,SCI Y DE FABRICA DE ACEITES Y MARGARI DEL MAGDALENA S A,SCI Y DE FABRICA DE ACEITES Y MARGARI DEL MAGDALENA S A,CARIBBEAN BAKERY SUPPLIES NV,CARIBBEAN BAKERY SUPPLIES NV,NETHERLANDS ANTILLES,NETHERLANDS ANTILLES,Palm oil equivalents,2608937.98,3162.43231578947
2013,COLOMBIA,TUMACO,SCI Y DE FABRICA DE ACEITES Y MARGARI DEL MAGDALENA S A,SCI Y DE FABRICA DE ACEITES Y MARGARI DEL MAGDALENA S A,FRANCES INTL TRADING S A R L,DOMESTIC CONSUMPTION,FRANCE,EUROPEAN UNION,Palm oil equivalents,3076673.03,3273.20947368421
2013,COLOMBIA,TUMACO,SCI Y DE FABRICA DE ACEITES Y MARGARI DEL MAGDALENA S A,SCI Y DE FABRICA DE ACEITES Y MARGARI DEL MAGDALENA S A,M DIAS BRANCO S A E CIO DE ALIMENTOS,M DIAS BRANCO S A E CIO DE ALIMENTOS,HAITI,HAITI,Palm oil equivalents,1683268.98,1612.91889473684
2013,COLOMBIA,TUMACO,SCI Y DE FABRICA DE ACEITES Y MARGARI DEL MAGDALENA S A,SCI Y DE FABRICA DE ACEITES Y MARGARI DEL MAGDALENA S A,PASTERNAK BAUM AND CO INC,PASTERNAK BAUM AND CO INC,FRANCE,EUROPEAN UNION,Palm oil equivalents,8648269.38,9480.57102105263
2013,COLOMBIA,TUMACO,SCI Y DE FABRICA DE ACEITES Y MARGARI DEL MAGDALENA S A,SCI Y DE FABRICA DE ACEITES Y MARGARI DEL MAGDALENA S A,RAZZO LTD,RAZZO LTD,NETHERLANDS ANTILLES,NETHERLANDS ANTILLES,Palm oil equivalents,264104.45,181.837894736842
2017,COLOMBIA,TUMACO,SOC DE COMERCIALIZACION INTL MIRA LTD,SOC DE COMERCIALIZACION INTL MIRA LTD,CARGILL AMERICAS INC,CARGILL,CURACAO,CURACAO,Palm oil equivalents,778207.52,1029.35052631579
2017,COLOMBIA,TUMACO,SOC DE COMERCIALIZACION INTL MIRA LTD,SOC DE COMERCIALIZACION INTL MIRA LTD,CARGILL BV,CARGILL,ISRAEL,ISRAEL,Palm oil equivalents,8067365.99,10665.2607894737
2015,COLOMBIA,TUMACO,SOC DE COMERCIALIZACION INTL MIRA LTD,SOC DE COMERCIALIZACION INTL MIRA LTD,CARGILL BV,CARGILL,UNITED KINGDOM,EUROPEAN UNION,Palm oil equivalents,4893718.35,7366.13478947368
2017,COLOMBIA,TUMACO,SOC DE COMERCIALIZACION INTL MIRA LTD,SOC DE COMERCIALIZACION INTL MIRA LTD,DAABON INTL INC,DAABON INTL INC,SOUTH KOREA,SOUTH KOREA,Palm oil equivalents,3373854.25,4709.15015789474
2015,COLOMBIA,TUMACO,SOC DE COMERCIALIZACION INTL MIRA LTD,SOC DE COMERCIALIZACION INTL MIRA LTD,DAABON ORGANIC USA INC,DAABON ORGANIC USA INC,UNITED KINGDOM,EUROPEAN UNION,Palm oil equivalents,458955.01,599.638421052632
2018,COLOMBIA,TUMACO,SOC DE COMERCIALIZACION INTL MIRA LTD,SOC DE COMERCIALIZACION INTL MIRA LTD,GUYANA STOCKEEDS INC,GUYANA STOCKEEDS INC,GUYANA,GUYANA,Palm oil equivalents,135905.84,168.369473684211
2018,COLOMBIA,TUMACO,SOC DE COMERCIALIZACION INTL MIRA LTD,SOC DE COMERCIALIZACION INTL MIRA LTD,GUYANA STOCKEEDS INC,GUYANA STOCKEEDS INC,ISRAEL,ISRAEL,Palm oil equivalents,46080,54.9
2018,COLOMBIA,TUMACO,SOC DE COMERCIALIZACION INTL MIRA LTD,SOC DE COMERCIALIZACION INTL MIRA LTD,GUYANA STOCKEEDS INC,GUYANA STOCKEEDS INC,JAPAN,JAPAN,Palm oil equivalents,18144,9.09473684210526
2018,COLOMBIA,TUMACO,SOC DE COMERCIALIZACION INTL MIRA LTD,SOC DE COMERCIALIZACION INTL MIRA LTD,HERMANOS VILA SA,HERMANOS VILA SA,SPAIN,EUROPEAN UNION,Palm oil equivalents,1240965.28,2066.072
2017,COLOMBIA,TUMACO,SOC DE COMERCIALIZACION INTL MIRA LTD,SOC DE COMERCIALIZACION INTL MIRA LTD,IOI LODERS CROKLAAN,IOI LODERS CROKLAAN,CURACAO,CURACAO,Palm oil equivalents,8723712.9,12585.2451578947
2017,COLOMBIA,TUMACO,SOC DE COMERCIALIZACION INTL MIRA LTD,SOC DE COMERCIALIZACION INTL MIRA LTD,KEMIN DO BRASIL LTD,DOMESTIC CONSUMPTION,ISRAEL,ISRAEL,Palm oil equivalents,26188.64,32.3789473684211
2015,COLOMBIA,TUMACO,SOC DE COMERCIALIZACION INTL MIRA LTD,SOC DE COMERCIALIZACION INTL MIRA LTD,LA FABRIL S A,LA FABRIL S A,SOUTH KOREA,SOUTH KOREA,Palm oil equivalents,758834.47,718.462884210526
2015,COLOMBIA,TUMACO,SOC DE COMERCIALIZACION INTL MIRA LTD,SOC DE COMERCIALIZACION INTL MIRA LTD,LA FABRIL S A,LA FABRIL S A,UNITED KINGDOM,EUROPEAN UNION,Palm oil equivalents,3002050.24,3200.18812631579
2016,COLOMBIA,TUMACO,SOC DE COMERCIALIZACION INTL MIRA LTD,SOC DE COMERCIALIZACION INTL MIRA LTD,LA FABRIL S A,LA FABRIL S A,UNITED KINGDOM,EUROPEAN UNION,Palm oil equivalents,1295443.59,2174.97889473684
2015,COLOMBIA,TUMACO,SOC DE COMERCIALIZACION INTL MIRA LTD,SOC DE COMERCIALIZACION INTL MIRA LTD,LEVAPAN DO BRASIL,LEVAPAN DO BRASIL,UNITED KINGDOM,EUROPEAN UNION,Palm oil equivalents,234705.5,266.016315789474
2017,COLOMBIA,TUMACO,SOC DE COMERCIALIZACION INTL MIRA LTD,SOC DE COMERCIALIZACION INTL MIRA LTD,LIPIDOS DE SANTIGA SA,LIPIDOS DE SANTIGA SA,ISRAEL,ISRAEL,Palm oil equivalents,2625747.71,3504.33663157895
2015,COLOMBIA,TUMACO,SOC DE COMERCIALIZACION INTL MIRA LTD,SOC DE COMERCIALIZACION INTL MIRA LTD,LIPIDOS DE SANTIGA SA,LIPIDOS DE SANTIGA SA,SPAIN,EUROPEAN UNION,Palm oil equivalents,2288864,3253.69052631579
2016,COLOMBIA,TUMACO,SOC DE COMERCIALIZACION INTL MIRA LTD,SOC DE COMERCIALIZACION INTL MIRA LTD,LIPIDOS DE SANTIGA SA,LIPIDOS DE SANTIGA SA,SPAIN,EUROPEAN UNION,Palm oil equivalents,8616713.69,15572.9251578947
2017,COLOMBIA,TUMACO,SOC DE COMERCIALIZACION INTL MIRA LTD,SOC DE COMERCIALIZACION INTL MIRA LTD,LIPIDOS DE SANTIGA SA,LIPIDOS DE SANTIGA SA,SPAIN,EUROPEAN UNION,Palm oil equivalents,4690859.04,6453.5947368421
2018,COLOMBIA,TUMACO,SOC DE COMERCIALIZACION INTL MIRA LTD,SOC DE COMERCIALIZACION INTL MIRA LTD,LIPIDOS DE SANTIGA SA,LIPIDOS DE SANTIGA SA,SPAIN,EUROPEAN UNION,Palm oil equivalents,2443455.12,4068.086
2015,COLOMBIA,TUMACO,SOC DE COMERCIALIZACION INTL MIRA LTD,SOC DE COMERCIALIZACION INTL MIRA LTD,LIPIDOS DE SANTIGA SA,LIPIDOS DE SANTIGA SA,UNITED KINGDOM,EUROPEAN UNION,Palm oil equivalents,1894637.82,2155.56473684211
2016,COLOMBIA,TUMACO,SOC DE COMERCIALIZACION INTL MIRA LTD,SOC DE COMERCIALIZACION INTL MIRA LTD,LIPIDOS DE SANTIGA SA,LIPIDOS DE SANTIGA SA,UNITED KINGDOM,EUROPEAN UNION,Palm oil equivalents,511841.86,844.376842105263
2017,COLOMBIA,TUMACO,SOC DE COMERCIALIZACION INTL MIRA LTD,SOC DE COMERCIALIZACION INTL MIRA LTD,M DIAS BRANCO S A E CIO DE ALIMENTOS,M DIAS BRANCO S A E CIO DE ALIMENTOS,FRANCE,EUROPEAN UNION,Palm oil equivalents,36618408.94,52127.1924736842
2017,COLOMBIA,TUMACO,SOC DE COMERCIALIZACION INTL MIRA LTD,SOC DE COMERCIALIZACION INTL MIRA LTD,M DIAS BRANCO S A E CIO DE ALIMENTOS,M DIAS BRANCO S A E CIO DE ALIMENTOS,SOUTH KOREA,SOUTH KOREA,Palm oil equivalents,15760141.88,21269.3249473684
2017,COLOMBIA,TUMACO,SOC DE COMERCIALIZACION INTL MIRA LTD,SOC DE COMERCIALIZACION INTL MIRA LTD,OBM PROD INC,OBM PROD INC,CURACAO,CURACAO,Palm oil equivalents,2386822.79,3383.14342105263
2017,COLOMBIA,TUMACO,SOC DE COMERCIALIZACION INTL MIRA LTD,SOC DE COMERCIALIZACION INTL MIRA LTD,OBM PROD INC,OBM PROD INC,PUERTO RICO,PUERTO RICO,Palm oil equivalents,25071,24.1684210526316
2015,COLOMBIA,TUMACO,SOC DE COMERCIALIZACION INTL MIRA LTD,SOC DE COMERCIALIZACION INTL MIRA LTD,PROTEINAS Y OLEICOS S A DE C V,PROTEINAS Y OLEICOS S A DE C V,UNITED KINGDOM,EUROPEAN UNION,Palm oil equivalents,1004492.27,1544.90068421053
2017,COLOMBIA,TUMACO,SOC DE COMERCIALIZACION INTL MIRA LTD,SOC DE COMERCIALIZACION INTL MIRA LTD,SUMITECH S P A,SUMITECH S P A,ISRAEL,ISRAEL,Palm oil equivalents,425737.81,567.841578947368
2015,COLOMBIA,TUMACO,SOC DE COMERCIALIZACION INTL MIRA LTD,SOC DE COMERCIALIZACION INTL MIRA LTD,TEAM FOODS MEXICO S A DE C V,DOMESTIC CONSUMPTION,UNITED KINGDOM,EUROPEAN UNION,Palm oil equivalents,4071492.52,5278.0922
