YEAR,COUNTRY OF PRODUCTION,PORT OF EXPORT,EXPORTER,EXPORTER GROUP,IMPORTER,IMPORTER GROUP,COUNTRY,TYPE,FOB_USD,SOY_EQUIVALENT_TONNES
2013,BOLIVIA,AEROPUERTO VIRU-VIRU,ADM SAO PERU,ADM SAO PERU,ADM JAPAN LTD,ADM JAPAN LTD,MYANMAR,Soy bean equivalents,10,0.00204
2014,BOLIVIA,AEROPUERTO VIRU-VIRU,ADM SAO PERU,ADM SAO PERU,ADM JAPAN LTD,ADM JAPAN LTD,MYANMAR,Soy bean equivalents,10,0.0051
2014,BOLIVIA,FRONTERA ARROYO CONCEPCION,GRAN ALIMENTO SRL,GRAN ALIMENTO SRL,PANTAGRO CORUMBA PROD AGROPEC LTDA,PANTAGRO CORUMBA PROD AGROPEC LTDA,UNKNOWN COUNTRY,Soy bean equivalents,12150,27.54
2013,BOLIVIA,FRONTERA DESAGUADERO,ADM SAO PERU,ADM SAO PERU,ADM ANDINA PERU SRL,ADM ANDINA PERU SRL,CAMEROON,Soy bean equivalents,10410343.77,23537.13648
2014,BOLIVIA,FRONTERA DESAGUADERO,ADM SAO PERU,ADM SAO PERU,ADM ANDINA PERU SRL,ADM ANDINA PERU SRL,CAMEROON,Soy bean equivalents,5162935.68,11616.729
2013,BOLIVIA,FRONTERA DESAGUADERO,ADM SAO PERU,ADM SAO PERU,ADM SAO PERU,ADM SAO PERU,CAMEROON,Soy bean equivalents,205781.41,203.1024
2014,BOLIVIA,FRONTERA DESAGUADERO,ADM SAO PERU,ADM SAO PERU,ADM SAO PERU,ADM SAO PERU,CAMEROON,Soy bean equivalents,546308.59,559.1436
2013,BOLIVIA,FRONTERA DESAGUADERO,ADM SAO PERU,ADM SAO PERU,AGROGRAIN LTD,AGROGRAIN,UNKNOWN COUNTRY,Soy bean equivalents,36066284.35,43709.43882
2014,BOLIVIA,FRONTERA DESAGUADERO,ADM SAO PERU,ADM SAO PERU,AGROGRAIN LTD,AGROGRAIN,UNKNOWN COUNTRY,Soy bean equivalents,1794505.92,2310.0654
2014,BOLIVIA,FRONTERA DESAGUADERO,ADM SAO PERU,ADM SAO PERU,AGROGRAIN LTD SUCURSAL URUGUAY,AGROGRAIN,UNKNOWN COUNTRY,Soy bean equivalents,26072040.26,37723.65552
2013,BOLIVIA,FRONTERA DESAGUADERO,ADM SAO PERU,ADM SAO PERU,CORPORACION SANTA CLARA SAC,CORPORACION SANTA CLARA SAC,CAMEROON,Soy bean equivalents,879750.71,573.36852
2014,BOLIVIA,FRONTERA DESAGUADERO,ADM SAO PERU,ADM SAO PERU,CORPORACION SANTA CLARA SAC,CORPORACION SANTA CLARA SAC,CAMEROON,Soy bean equivalents,99728.19,70.94304
2013,BOLIVIA,FRONTERA DESAGUADERO,ADM SAO PERU,ADM SAO PERU,GRUPO CAZA S A C,GRUPO CAZA S A C,CAMEROON,Soy bean equivalents,1275166.96,901.6341
2014,BOLIVIA,FRONTERA DESAGUADERO,ADM SAO PERU,ADM SAO PERU,GRUPO CAZA S A C,GRUPO CAZA S A C,CAMEROON,Soy bean equivalents,439308.44,334.15914
2013,BOLIVIA,FRONTERA DESAGUADERO,ADM SAO PERU,ADM SAO PERU,MODERNA ALIMENTOS SA,MODERNA ALIMENTOS SA,UNKNOWN COUNTRY,Soy bean equivalents,490813.58,329.55894
2013,BOLIVIA,FRONTERA DESAGUADERO,ADM SAO PERU,ADM SAO PERU,OLIOJOYA INDUSTRIA ACEITERA CIA LTD,OLIOJOYA INDUSTRIA ACEITERA CIA LTD,UNKNOWN COUNTRY,Soy bean equivalents,24042.33,19.023
2014,BOLIVIA,FRONTERA DESAGUADERO,ADM SAO PERU,ADM SAO PERU,OLIOJOYA INDUSTRIA ACEITERA CIA LTD,OLIOJOYA INDUSTRIA ACEITERA CIA LTD,UNKNOWN COUNTRY,Soy bean equivalents,22873.22,20.9304
2014,BOLIVIA,FRONTERA DESAGUADERO,AGROINDUSTRIA CAICO S A,AGROINDUSTRIA CAICO S A,AG COM PERUANA COMAGRO E I R L,AG COM PERUANA COMAGRO E I R L,CAMEROON,Soy bean equivalents,205325,468.69
2014,BOLIVIA,FRONTERA DESAGUADERO,AGROINDUSTRIA CAICO S A,AGROINDUSTRIA CAICO S A,ALIMENTOS Y SERVICIOS AGROPECUARIOS,ALIMENTOS Y SERVICIOS AGROPECUARIOS,CAMEROON,Soy bean equivalents,630907.5,1421.37
2014,BOLIVIA,FRONTERA DESAGUADERO,AGROINDUSTRIA CAICO S A,AGROINDUSTRIA CAICO S A,INVERSIONES HEREIN SAC,INVERSIONES HEREIN SAC,CAMEROON,Soy bean equivalents,262160,591.6
2014,BOLIVIA,FRONTERA DESAGUADERO,AGROINDUSTRIA CAICO S A,AGROINDUSTRIA CAICO S A,INVERSIONES YAZMIL S R L,INVERSIONES YAZMIL S R L,CAMEROON,Soy bean equivalents,54600,122.4
2014,BOLIVIA,FRONTERA DESAGUADERO,AGROINDUSTRIA CAICO S A,AGROINDUSTRIA CAICO S A,MOLINORTE SAC,MOLINORTE SAC,CAMEROON,Soy bean equivalents,68150,147.9
2014,BOLIVIA,FRONTERA DESAGUADERO,AGROINDUSTRIA CAICO S A,AGROINDUSTRIA CAICO S A,NOR ALIMENTOS SRL,NOR ALIMENTOS SRL,CAMEROON,Soy bean equivalents,211120,473.28
2014,BOLIVIA,FRONTERA DESAGUADERO,AGROINDUSTRIA CAICO S A,AGROINDUSTRIA CAICO S A,NUTRICION GONZALES SAC,NUTRICION GONZALES SAC,CAMEROON,Soy bean equivalents,55100,118.32
2014,BOLIVIA,FRONTERA DESAGUADERO,AGROINDUSTRIA CAICO S A,AGROINDUSTRIA CAICO S A,RIOS SAC,RIOS SAC,CAMEROON,Soy bean equivalents,497977.5,1121.49
2014,BOLIVIA,FRONTERA DESAGUADERO,AGROINDUSTRIA CAICO S A,AGROINDUSTRIA CAICO S A,TRADING SEMILLA S A C,TRADING SEMILLA S A C,CAMEROON,Soy bean equivalents,167765,384.54
2013,BOLIVIA,FRONTERA DESAGUADERO,AGROIND VARGAS GOMEZ GARCIA SRL,AGROIND VARGAS GOMEZ GARCIA SRL,AGROPECUARIA E INDUSTRIAS FAFIO SA,AGROPECUARIA E INDUSTRIAS FAFIO SA,CAMEROON,Soy bean equivalents,248530,562.02
2014,BOLIVIA,FRONTERA DESAGUADERO,AGROIND VARGAS GOMEZ GARCIA SRL,AGROIND VARGAS GOMEZ GARCIA SRL,AGROPECUARIA E INDUSTRIAS FAFIO SA,AGROPECUARIA E INDUSTRIAS FAFIO SA,CAMEROON,Soy bean equivalents,58000,118.32
2014,BOLIVIA,FRONTERA DESAGUADERO,AGROIND VARGAS GOMEZ GARCIA SRL,AGROIND VARGAS GOMEZ GARCIA SRL,AGROPROCESADORA COMERCIALIZADORA,AGROPROCESADORA COMERCIALIZADORA,CAMEROON,Soy bean equivalents,43410,88.5564
2014,BOLIVIA,FRONTERA DESAGUADERO,AGROIND VARGAS GOMEZ GARCIA SRL,AGROIND VARGAS GOMEZ GARCIA SRL,ALIMENTOS Y SERVICIOS AGROPECUARIOS,ALIMENTOS Y SERVICIOS AGROPECUARIOS,CAMEROON,Soy bean equivalents,101210,207.06
2013,BOLIVIA,FRONTERA DESAGUADERO,AGROIND VARGAS GOMEZ GARCIA SRL,AGROIND VARGAS GOMEZ GARCIA SRL,AMANQUI CHALCO HERMELINDA BLANCA,AMANQUI CHALCO HERMELINDA BLANCA,CAMEROON,Soy bean equivalents,12180,29.58
2014,BOLIVIA,FRONTERA DESAGUADERO,AGROIND VARGAS GOMEZ GARCIA SRL,AGROIND VARGAS GOMEZ GARCIA SRL,AMANQUI CHALCO HERMELINDA BLANCA,AMANQUI CHALCO HERMELINDA BLANCA,CAMEROON,Soy bean equivalents,14500,29.58
2013,BOLIVIA,FRONTERA DESAGUADERO,AGROIND VARGAS GOMEZ GARCIA SRL,AGROIND VARGAS GOMEZ GARCIA SRL,AVGG PERU S A C,AVGG PERU S A C,CAMEROON,Soy bean equivalents,1382071,3046.23
2014,BOLIVIA,FRONTERA DESAGUADERO,AGROIND VARGAS GOMEZ GARCIA SRL,AGROIND VARGAS GOMEZ GARCIA SRL,AVGG PERU S A C,AVGG PERU S A C,CAMEROON,Soy bean equivalents,819587,1716.66
2013,BOLIVIA,FRONTERA DESAGUADERO,AGROIND VARGAS GOMEZ GARCIA SRL,AGROIND VARGAS GOMEZ GARCIA SRL,CORPORACION DE ALIMENTOS DEL PERU,CORPORACION DE ALIMENTOS DEL PERU,CAMEROON,Soy bean equivalents,194649,473.076
2014,BOLIVIA,FRONTERA DESAGUADERO,AGROIND VARGAS GOMEZ GARCIA SRL,AGROIND VARGAS GOMEZ GARCIA SRL,CORPORACION DE ALIMENTOS DEL PERU,CORPORACION DE ALIMENTOS DEL PERU,CAMEROON,Soy bean equivalents,264045,621.18
2014,BOLIVIA,FRONTERA DESAGUADERO,AGROIND VARGAS GOMEZ GARCIA SRL,AGROIND VARGAS GOMEZ GARCIA SRL,IMPORTACION Y EXPORTACION HUGUI?O,IMPORTACION Y EXPORTACION HUGUI?O,CAMEROON,Soy bean equivalents,15370,29.58
2013,BOLIVIA,FRONTERA DESAGUADERO,AGROIND VARGAS GOMEZ GARCIA SRL,AGROIND VARGAS GOMEZ GARCIA SRL,IMPORTADORA D Y H JOACHIN EIRL,IMPORTADORA D Y H JOACHIN EIRL,CAMEROON,Soy bean equivalents,14065,29.58
2014,BOLIVIA,FRONTERA DESAGUADERO,AGROIND VARGAS GOMEZ GARCIA SRL,AGROIND VARGAS GOMEZ GARCIA SRL,INVERSIONES AGROPECUARIAS MOLINERA,INVERSIONES AGROPECUARIAS MOLINERA,CAMEROON,Soy bean equivalents,14500,29.58
2013,BOLIVIA,FRONTERA DESAGUADERO,AGROIND VARGAS GOMEZ GARCIA SRL,AGROIND VARGAS GOMEZ GARCIA SRL,INVERSIONES HEREIN SAC,INVERSIONES HEREIN SAC,CAMEROON,Soy bean equivalents,52925,118.32
2014,BOLIVIA,FRONTERA DESAGUADERO,AGROIND VARGAS GOMEZ GARCIA SRL,AGROIND VARGAS GOMEZ GARCIA SRL,INVERSIONES HEREIN SAC,INVERSIONES HEREIN SAC,CAMEROON,Soy bean equivalents,94993,206.856
2014,BOLIVIA,FRONTERA DESAGUADERO,AGROIND VARGAS GOMEZ GARCIA SRL,AGROIND VARGAS GOMEZ GARCIA SRL,INVERSIONES YAZMIL S R L,INVERSIONES YAZMIL S R L,CAMEROON,Soy bean equivalents,23220,55.08
2013,BOLIVIA,FRONTERA DESAGUADERO,AGROIND VARGAS GOMEZ GARCIA SRL,AGROIND VARGAS GOMEZ GARCIA SRL,MOLINORTE SAC,MOLINORTE SAC,CAMEROON,Soy bean equivalents,65797.5,144.33
2014,BOLIVIA,FRONTERA DESAGUADERO,AGROIND VARGAS GOMEZ GARCIA SRL,AGROIND VARGAS GOMEZ GARCIA SRL,TINTAYA LARICO BERNARDO,TINTAYA LARICO BERNARDO,CAMEROON,Soy bean equivalents,12470,29.58
2014,BOLIVIA,FRONTERA DESAGUADERO,CAICO,CAICO,AG COM PERUANA COMAGRO E I R L,AG COM PERUANA COMAGRO E I R L,CAMEROON,Soy bean equivalents,58310,121.38
2014,BOLIVIA,FRONTERA DESAGUADERO,CAICO,CAICO,ALIMENTOS Y SERVICIOS AGROPECUARIOS,ALIMENTOS Y SERVICIOS AGROPECUARIOS,CAMEROON,Soy bean equivalents,198940,414.12
2014,BOLIVIA,FRONTERA DESAGUADERO,CAICO,CAICO,MOLINORTE SAC,MOLINORTE SAC,CAMEROON,Soy bean equivalents,71785,149.43
2014,BOLIVIA,FRONTERA DESAGUADERO,CAICO,CAICO,NOR ALIMENTOS SRL,NOR ALIMENTOS SRL,CAMEROON,Soy bean equivalents,56260,118.32
2013,BOLIVIA,FRONTERA DESAGUADERO,CARGILL BOLIVIA S A,CARGILL,CARGILL AMERICAS PERU SRL,CARGILL,CAMEROON,Soy bean equivalents,584738.26,1220.94
2014,BOLIVIA,FRONTERA DESAGUADERO,CARGILL BOLIVIA S A,CARGILL,CARGILL AMERICAS PERU SRL,CARGILL,CAMEROON,Soy bean equivalents,257546.34,558.2256
2013,BOLIVIA,FRONTERA DESAGUADERO,CARGILL BOLIVIA S A,CARGILL,CARGILL INC,CARGILL,UNKNOWN COUNTRY,Soy bean equivalents,21365202.45,35462.3196
2014,BOLIVIA,FRONTERA DESAGUADERO,CARGILL BOLIVIA S A,CARGILL,CARGILL INC,CARGILL,UNKNOWN COUNTRY,Soy bean equivalents,9869833.44,15707.337
2014,BOLIVIA,FRONTERA DESAGUADERO,CARGILL BOLIVIA S A,CARGILL,GRANELES DEL PERU S A C,GRANELES DEL PERU S A C,CAMEROON,Soy bean equivalents,3203264.99,6630
2014,BOLIVIA,FRONTERA DESAGUADERO,CARGILL BOLIVIA S A,CARGILL,MOREIRA CORDOVA ROBERTO LUCIO,MOREIRA CORDOVA ROBERTO LUCIO,CAMEROON,Soy bean equivalents,3383.66,8.0784
2014,BOLIVIA,FRONTERA DESAGUADERO,CARGILL BOLIVIA S A,CARGILL,MOREIRA CORDOVA ROBERTO LUCIO,MOREIRA CORDOVA ROBERTO LUCIO,UNKNOWN COUNTRY,Soy bean equivalents,3072170.44,7773.0324
2014,BOLIVIA,FRONTERA DESAGUADERO,CARGILL BOLIVIA S A,CARGILL,PROVENCESA S A,PROVENCESA S A,CUBA,Soy bean equivalents,1709999.96,4080
2013,BOLIVIA,FRONTERA DESAGUADERO,COOP AGROPECUARIA INTEGRAL COLONIA,COOP AGROPECUARIA INTEGRAL COLONIA,ADM ANDINA PERU SRL,ADM ANDINA PERU SRL,CAMEROON,Soy bean equivalents,1333287,2783.58
2013,BOLIVIA,FRONTERA DESAGUADERO,COOP AGROPECUARIA INTEGRAL COLONIA,COOP AGROPECUARIA INTEGRAL COLONIA,AG COM PERUANA COMAGRO E I R L,AG COM PERUANA COMAGRO E I R L,CAMEROON,Soy bean equivalents,1344898.5,2995.74
2014,BOLIVIA,FRONTERA DESAGUADERO,COOP AGROPECUARIA INTEGRAL COLONIA,COOP AGROPECUARIA INTEGRAL COLONIA,AG COM PERUANA COMAGRO E I R L,AG COM PERUANA COMAGRO E I R L,CAMEROON,Soy bean equivalents,412720,852.72
2013,BOLIVIA,FRONTERA DESAGUADERO,COOP AGROPECUARIA INTEGRAL COLONIA,COOP AGROPECUARIA INTEGRAL COLONIA,AGROPECUARIA E INDUSTRIAS FAFIO SA,AGROPECUARIA E INDUSTRIAS FAFIO SA,CAMEROON,Soy bean equivalents,254770,562.02
2014,BOLIVIA,FRONTERA DESAGUADERO,COOP AGROPECUARIA INTEGRAL COLONIA,COOP AGROPECUARIA INTEGRAL COLONIA,AGROPECUARIA E INDUSTRIAS FAFIO SA,AGROPECUARIA E INDUSTRIAS FAFIO SA,CAMEROON,Soy bean equivalents,59740,118.32
2013,BOLIVIA,FRONTERA DESAGUADERO,COOP AGROPECUARIA INTEGRAL COLONIA,COOP AGROPECUARIA INTEGRAL COLONIA,AGROPROCESADORA COMAGRO E I R L,AGROPROCESADORA COMAGRO E I R L,CAMEROON,Soy bean equivalents,64350,145.86
2013,BOLIVIA,FRONTERA DESAGUADERO,COOP AGROPECUARIA INTEGRAL COLONIA,COOP AGROPECUARIA INTEGRAL COLONIA,AGRO REPRE Y DISTR DIEGO Y GABRIELA,AGRO REPRE Y DISTR DIEGO Y GABRIELA,CAMEROON,Soy bean equivalents,39150,88.74
2013,BOLIVIA,FRONTERA DESAGUADERO,COOP AGROPECUARIA INTEGRAL COLONIA,COOP AGROPECUARIA INTEGRAL COLONIA,ALIMENTOS Y SERVICIOS AGROPECUARIOS,ALIMENTOS Y SERVICIOS AGROPECUARIOS,CAMEROON,Soy bean equivalents,1922395,4291.14
2014,BOLIVIA,FRONTERA DESAGUADERO,COOP AGROPECUARIA INTEGRAL COLONIA,COOP AGROPECUARIA INTEGRAL COLONIA,ALIMENTOS Y SERVICIOS AGROPECUARIOS,ALIMENTOS Y SERVICIOS AGROPECUARIOS,CAMEROON,Soy bean equivalents,980862.5,2010.93
2013,BOLIVIA,FRONTERA DESAGUADERO,COOP AGROPECUARIA INTEGRAL COLONIA,COOP AGROPECUARIA INTEGRAL COLONIA,CARGILL AMERICAS PERU SRL,CARGILL,CAMEROON,Soy bean equivalents,214636,442.68
2014,BOLIVIA,FRONTERA DESAGUADERO,COOP AGROPECUARIA INTEGRAL COLONIA,COOP AGROPECUARIA INTEGRAL COLONIA,CARGILL AMERICAS PERU SRL,CARGILL,CAMEROON,Soy bean equivalents,65778,116.28
2013,BOLIVIA,FRONTERA DESAGUADERO,COOP AGROPECUARIA INTEGRAL COLONIA,COOP AGROPECUARIA INTEGRAL COLONIA,CARGILL GRAIN AND OILSEEDS SUPPLY CHAIN,CARGILL,CAMEROON,Soy bean equivalents,51528,116.28
2013,BOLIVIA,FRONTERA DESAGUADERO,COOP AGROPECUARIA INTEGRAL COLONIA,COOP AGROPECUARIA INTEGRAL COLONIA,CEREALES INTEGRALES S A C,CEREALES INTEGRALES S A C,CAMEROON,Soy bean equivalents,487070,1075.59
2013,BOLIVIA,FRONTERA DESAGUADERO,COOP AGROPECUARIA INTEGRAL COLONIA,COOP AGROPECUARIA INTEGRAL COLONIA,COMERCIAL CLEME GOMEZ E I R L,COMERCIAL CLEME GOMEZ E I R L,CAMEROON,Soy bean equivalents,25960,59.16
2014,BOLIVIA,FRONTERA DESAGUADERO,COOP AGROPECUARIA INTEGRAL COLONIA,COOP AGROPECUARIA INTEGRAL COLONIA,COMERCIAL CLEME GOMEZ E I R L,COMERCIAL CLEME GOMEZ E I R L,CAMEROON,Soy bean equivalents,30020,59.16
2013,BOLIVIA,FRONTERA DESAGUADERO,COOP AGROPECUARIA INTEGRAL COLONIA,COOP AGROPECUARIA INTEGRAL COLONIA,CORPORACION DE NEGOCIOS C Y M S A C,CORPORACION DE NEGOCIOS C Y M S A C,CAMEROON,Soy bean equivalents,12656,28.56
2013,BOLIVIA,FRONTERA DESAGUADERO,COOP AGROPECUARIA INTEGRAL COLONIA,COOP AGROPECUARIA INTEGRAL COLONIA,GLOBAL TRADE Y LOGISTIC SAC,GLOBAL TRADE Y LOGISTIC SAC,CAMEROON,Soy bean equivalents,526291.5,1073.55
2014,BOLIVIA,FRONTERA DESAGUADERO,COOP AGROPECUARIA INTEGRAL COLONIA,COOP AGROPECUARIA INTEGRAL COLONIA,GLOBAL TRADE Y LOGISTIC SAC,GLOBAL TRADE Y LOGISTIC SAC,CAMEROON,Soy bean equivalents,72000,146.88
2013,BOLIVIA,FRONTERA DESAGUADERO,COOP AGROPECUARIA INTEGRAL COLONIA,COOP AGROPECUARIA INTEGRAL COLONIA,IMISER SAC,IMISER SAC,CAMEROON,Soy bean equivalents,2244045.5,4978.11
2014,BOLIVIA,FRONTERA DESAGUADERO,COOP AGROPECUARIA INTEGRAL COLONIA,COOP AGROPECUARIA INTEGRAL COLONIA,IMISER SAC,IMISER SAC,CAMEROON,Soy bean equivalents,41467.5,87.21
2013,BOLIVIA,FRONTERA DESAGUADERO,COOP AGROPECUARIA INTEGRAL COLONIA,COOP AGROPECUARIA INTEGRAL COLONIA,INVERSIONES HEREIN SAC,INVERSIONES HEREIN SAC,CAMEROON,Soy bean equivalents,246573,562.02
2014,BOLIVIA,FRONTERA DESAGUADERO,COOP AGROPECUARIA INTEGRAL COLONIA,COOP AGROPECUARIA INTEGRAL COLONIA,INVERSIONES HEREIN SAC,INVERSIONES HEREIN SAC,CAMEROON,Soy bean equivalents,302069,621.18
2013,BOLIVIA,FRONTERA DESAGUADERO,COOP AGROPECUARIA INTEGRAL COLONIA,COOP AGROPECUARIA INTEGRAL COLONIA,INVERSIONES ROLCAS S A C,INVERSIONES ROLCAS S A C,CAMEROON,Soy bean equivalents,13108,29.58
2013,BOLIVIA,FRONTERA DESAGUADERO,COOP AGROPECUARIA INTEGRAL COLONIA,COOP AGROPECUARIA INTEGRAL COLONIA,INVERSIONES YAZMIL S R L,INVERSIONES YAZMIL S R L,CAMEROON,Soy bean equivalents,229829,511.02
2014,BOLIVIA,FRONTERA DESAGUADERO,COOP AGROPECUARIA INTEGRAL COLONIA,COOP AGROPECUARIA INTEGRAL COLONIA,INVERSIONES YAZMIL S R L,INVERSIONES YAZMIL S R L,CAMEROON,Soy bean equivalents,57570,116.28
2013,BOLIVIA,FRONTERA DESAGUADERO,COOP AGROPECUARIA INTEGRAL COLONIA,COOP AGROPECUARIA INTEGRAL COLONIA,JULI SAGUA GLORIA,JULI SAGUA GLORIA,CAMEROON,Soy bean equivalents,28050,61.2
2013,BOLIVIA,FRONTERA DESAGUADERO,COOP AGROPECUARIA INTEGRAL COLONIA,COOP AGROPECUARIA INTEGRAL COLONIA,LIMAFER Y CIA SRL,LIMAFER Y CIA SRL,CAMEROON,Soy bean equivalents,562223,1242.36
2013,BOLIVIA,FRONTERA DESAGUADERO,COOP AGROPECUARIA INTEGRAL COLONIA,COOP AGROPECUARIA INTEGRAL COLONIA,MAXIMILIAN INVERSIONES SA,MAXIMILIAN INVERSIONES SA,CAMEROON,Soy bean equivalents,1668657.7,3431.178
2014,BOLIVIA,FRONTERA DESAGUADERO,COOP AGROPECUARIA INTEGRAL COLONIA,COOP AGROPECUARIA INTEGRAL COLONIA,MAXIMILIAN INVERSIONES SA,MAXIMILIAN INVERSIONES SA,CAMEROON,Soy bean equivalents,244180,502.86
2013,BOLIVIA,FRONTERA DESAGUADERO,COOP AGROPECUARIA INTEGRAL COLONIA,COOP AGROPECUARIA INTEGRAL COLONIA,MOLINORTE SAC,MOLINORTE SAC,CAMEROON,Soy bean equivalents,2482890,5538.09
2014,BOLIVIA,FRONTERA DESAGUADERO,COOP AGROPECUARIA INTEGRAL COLONIA,COOP AGROPECUARIA INTEGRAL COLONIA,MOLINORTE SAC,MOLINORTE SAC,CAMEROON,Soy bean equivalents,719925,1479
2013,BOLIVIA,FRONTERA DESAGUADERO,COOP AGROPECUARIA INTEGRAL COLONIA,COOP AGROPECUARIA INTEGRAL COLONIA,NOR ALIMENTOS SRL,NOR ALIMENTOS SRL,CAMEROON,Soy bean equivalents,463186,1047.54
2014,BOLIVIA,FRONTERA DESAGUADERO,COOP AGROPECUARIA INTEGRAL COLONIA,COOP AGROPECUARIA INTEGRAL COLONIA,NOR ALIMENTOS SRL,NOR ALIMENTOS SRL,CAMEROON,Soy bean equivalents,175000,357
2014,BOLIVIA,FRONTERA DESAGUADERO,COOP AGROPECUARIA INTEGRAL COLONIA,COOP AGROPECUARIA INTEGRAL COLONIA,NUTRICION GONZALES SAC,NUTRICION GONZALES SAC,CAMEROON,Soy bean equivalents,201372.5,412.59
2013,BOLIVIA,FRONTERA DESAGUADERO,COOP AGROPECUARIA INTEGRAL COLONIA,COOP AGROPECUARIA INTEGRAL COLONIA,PERUVIAN SOYBEAN COMPANY S A C,PERUVIAN SOYBEAN COMPANY S A C,CAMEROON,Soy bean equivalents,609907,1389.75
2013,BOLIVIA,FRONTERA DESAGUADERO,COOP AGROPECUARIA INTEGRAL COLONIA,COOP AGROPECUARIA INTEGRAL COLONIA,REPRESENTACIONES MORAVI SAC,REPRESENTACIONES MORAVI SAC,CAMEROON,Soy bean equivalents,280575,621.18
2014,BOLIVIA,FRONTERA DESAGUADERO,COOP AGROPECUARIA INTEGRAL COLONIA,COOP AGROPECUARIA INTEGRAL COLONIA,REPRESENTACIONES MORAVI SAC,REPRESENTACIONES MORAVI SAC,CAMEROON,Soy bean equivalents,122380,266.22
2013,BOLIVIA,FRONTERA DESAGUADERO,COOP AGROPECUARIA INTEGRAL COLONIA,COOP AGROPECUARIA INTEGRAL COLONIA,RIOS SAC,RIOS SAC,CAMEROON,Soy bean equivalents,930472,2069.07
2014,BOLIVIA,FRONTERA DESAGUADERO,COOP AGROPECUARIA INTEGRAL COLONIA,COOP AGROPECUARIA INTEGRAL COLONIA,RIOS SAC,RIOS SAC,CAMEROON,Soy bean equivalents,417570,851.7
2013,BOLIVIA,FRONTERA DESAGUADERO,COOP AGROPECUARIA INTEGRAL COLONIA,COOP AGROPECUARIA INTEGRAL COLONIA,SAN FERNANDO S A,SAN FERNANDO S A,CAMEROON,Soy bean equivalents,690655,1533.57
2013,BOLIVIA,FRONTERA DESAGUADERO,COOP AGROPECUARIA INTEGRAL COLONIA,COOP AGROPECUARIA INTEGRAL COLONIA,SEPAL IMPORTACIONES S A C,SEPAL IMPORTACIONES S A C,CAMEROON,Soy bean equivalents,13350,30.6
2013,BOLIVIA,FRONTERA DESAGUADERO,COOP AGROPECUARIA INTEGRAL COLONIA,COOP AGROPECUARIA INTEGRAL COLONIA,TICONA TICONA RAMONA PAULINA,TICONA TICONA RAMONA PAULINA,CAMEROON,Soy bean equivalents,15080,29.58
2013,BOLIVIA,FRONTERA DESAGUADERO,EMPRESA DE TRANSFORMACION AGROINDU,EMPRESA DE TRANSFORMACION AGROINDU,AGROPECUARIA GOLD PIG S A C,AGROPECUARIA GOLD PIG S A C,CAMEROON,Soy bean equivalents,46400,118.32
2014,BOLIVIA,FRONTERA DESAGUADERO,EMPRESA DE TRANSFORMACION AGROINDU,EMPRESA DE TRANSFORMACION AGROINDU,ALIMENTOS BALANCEADOS DEL PERU S A,ALIMENTOS BALANCEADOS DEL PERU S A,CAMEROON,Soy bean equivalents,42895,117.3
2013,BOLIVIA,FRONTERA DESAGUADERO,EMPRESA DE TRANSFORMACION AGROINDU,EMPRESA DE TRANSFORMACION AGROINDU,ALIMENTOS Y SERVICIOS AGROPECUARIOS,ALIMENTOS Y SERVICIOS AGROPECUARIOS,CAMEROON,Soy bean equivalents,2660892,7106.85
2014,BOLIVIA,FRONTERA DESAGUADERO,EMPRESA DE TRANSFORMACION AGROINDU,EMPRESA DE TRANSFORMACION AGROINDU,ALIMENTOS Y SERVICIOS AGROPECUARIOS,ALIMENTOS Y SERVICIOS AGROPECUARIOS,CAMEROON,Soy bean equivalents,1162380,3056.43
2013,BOLIVIA,FRONTERA DESAGUADERO,EMPRESA DE TRANSFORMACION AGROINDU,EMPRESA DE TRANSFORMACION AGROINDU,BR NEGOCIOS Y REPRESENTACIONES EIRL,BR NEGOCIOS Y REPRESENTACIONES EIRL,CAMEROON,Soy bean equivalents,87240,228.48
2013,BOLIVIA,FRONTERA DESAGUADERO,EMPRESA DE TRANSFORMACION AGROINDU,EMPRESA DE TRANSFORMACION AGROINDU,IMISER SAC,IMISER SAC,CAMEROON,Soy bean equivalents,40890,119.85
2013,BOLIVIA,FRONTERA DESAGUADERO,EMPRESA DE TRANSFORMACION AGROINDU,EMPRESA DE TRANSFORMACION AGROINDU,INVERSIONES PRESMONT S A C,INVERSIONES PRESMONT S A C,CAMEROON,Soy bean equivalents,43125,117.3
2014,BOLIVIA,FRONTERA DESAGUADERO,EMPRESA DE TRANSFORMACION AGROINDU,EMPRESA DE TRANSFORMACION AGROINDU,INVERSIONES PRESMONT S A C,INVERSIONES PRESMONT S A C,CAMEROON,Soy bean equivalents,150615,389.64
2013,BOLIVIA,FRONTERA DESAGUADERO,EMPRESA DE TRANSFORMACION AGROINDU,EMPRESA DE TRANSFORMACION AGROINDU,MAXIMILIAN INVERSIONES SA,MAXIMILIAN INVERSIONES SA,CAMEROON,Soy bean equivalents,724710,1952.28
2013,BOLIVIA,FRONTERA DESAGUADERO,EMPRESA DE TRANSFORMACION AGROINDU,EMPRESA DE TRANSFORMACION AGROINDU,MOLINORTE SAC,MOLINORTE SAC,CAMEROON,Soy bean equivalents,171138,415.14
2013,BOLIVIA,FRONTERA DESAGUADERO,EMPRESA DE TRANSFORMACION AGROINDU,EMPRESA DE TRANSFORMACION AGROINDU,MULTIOIL S A C,MULTIOIL S A C,CAMEROON,Soy bean equivalents,42750,116.28
2014,BOLIVIA,FRONTERA DESAGUADERO,EMPRESA DE TRANSFORMACION AGROINDU,EMPRESA DE TRANSFORMACION AGROINDU,ROMERO TRADING S A,ROMERO TRADING S A,CAMEROON,Soy bean equivalents,1051875.5,2725.44
2014,BOLIVIA,FRONTERA DESAGUADERO,ETASA,ETASA,ALIMENTOS Y SERVICIOS AGROPECUARIOS,ALIMENTOS Y SERVICIOS AGROPECUARIOS,CAMEROON,Soy bean equivalents,641924.5,1892.814
2014,BOLIVIA,FRONTERA DESAGUADERO,ETASA,ETASA,LOCK H D M S C R L,LOCK H D M S C R L,CAMEROON,Soy bean equivalents,128925,393.21
2014,BOLIVIA,FRONTERA DESAGUADERO,ETASA,ETASA,ROMERO TRADING S A,ROMERO TRADING S A,CAMEROON,Soy bean equivalents,589386,1741.548
2014,BOLIVIA,FRONTERA DESAGUADERO,GRAN ALIMENTO SRL,GRAN ALIMENTO SRL,AGROPECUARIA E INDUSTRIAS FAFIO SA,AGROPECUARIA E INDUSTRIAS FAFIO SA,CAMEROON,Soy bean equivalents,249690,532.44
2014,BOLIVIA,FRONTERA DESAGUADERO,GRAN ALIMENTO SRL,GRAN ALIMENTO SRL,AVIKAMAN E I R L,AVIKAMAN E I R L,CAMEROON,Soy bean equivalents,57420,118.32
2013,BOLIVIA,FRONTERA DESAGUADERO,GRAN ALIMENTO SRL,GRAN ALIMENTO SRL,BATTILANA NUTRICION SAC,BATTILANA NUTRICION SAC,CAMEROON,Soy bean equivalents,1459570,3327.24
2014,BOLIVIA,FRONTERA DESAGUADERO,GRAN ALIMENTO SRL,GRAN ALIMENTO SRL,BATTILANA NUTRICION SAC,BATTILANA NUTRICION SAC,CAMEROON,Soy bean equivalents,1330285,2797.86
2013,BOLIVIA,FRONTERA DESAGUADERO,GRAN ALIMENTO SRL,GRAN ALIMENTO SRL,GLOBAL TRADE Y LOGISTIC SAC,GLOBAL TRADE Y LOGISTIC SAC,CAMEROON,Soy bean equivalents,3257771.8,7428.9966
2014,BOLIVIA,FRONTERA DESAGUADERO,GRAN ALIMENTO SRL,GRAN ALIMENTO SRL,GLOBAL TRADE Y LOGISTIC SAC,GLOBAL TRADE Y LOGISTIC SAC,CAMEROON,Soy bean equivalents,6918126.77,14900.15796
2013,BOLIVIA,FRONTERA DESAGUADERO,GRAN ALIMENTO SRL,GRAN ALIMENTO SRL,IMISER SAC,IMISER SAC,CAMEROON,Soy bean equivalents,256855,591.09
2014,BOLIVIA,FRONTERA DESAGUADERO,GRAN ALIMENTO SRL,GRAN ALIMENTO SRL,IMISER SAC,IMISER SAC,CAMEROON,Soy bean equivalents,92115,208.59
2014,BOLIVIA,FRONTERA DESAGUADERO,GRAN ALIMENTO SRL,GRAN ALIMENTO SRL,LOCK HIGAKI DISTRIBUIDORES MAYORIST,LOCK HIGAKI DISTRIBUIDORES MAYORIST,CAMEROON,Soy bean equivalents,124500,269.28
2013,BOLIVIA,FRONTERA DESAGUADERO,GRAN ALIMENTO SRL,GRAN ALIMENTO SRL,MAXIMILIAN INVERSIONES SA,MAXIMILIAN INVERSIONES SA,CAMEROON,Soy bean equivalents,2676845,6093.48
2014,BOLIVIA,FRONTERA DESAGUADERO,GRAN ALIMENTO SRL,GRAN ALIMENTO SRL,MAXIMILIAN INVERSIONES SA,MAXIMILIAN INVERSIONES SA,CAMEROON,Soy bean equivalents,4817256,10162.26
2013,BOLIVIA,FRONTERA DESAGUADERO,GRAN ALIMENTO SRL,GRAN ALIMENTO SRL,MOLINORTE SAC,MOLINORTE SAC,CAMEROON,Soy bean equivalents,641625,1479
2014,BOLIVIA,FRONTERA DESAGUADERO,GRAN ALIMENTO SRL,GRAN ALIMENTO SRL,MOLINORTE SAC,MOLINORTE SAC,CAMEROON,Soy bean equivalents,3004557.5,6537.69
2014,BOLIVIA,FRONTERA DESAGUADERO,GRAN ALIMENTO SRL,GRAN ALIMENTO SRL,NUTRICION GONZALES SAC,NUTRICION GONZALES SAC,CAMEROON,Soy bean equivalents,609507.5,1297.95
2014,BOLIVIA,FRONTERA DESAGUADERO,GRAN ALIMENTO SRL,GRAN ALIMENTO SRL,TRADING SEMILLA S A C,TRADING SEMILLA S A C,CAMEROON,Soy bean equivalents,645250,1479
2014,BOLIVIA,FRONTERA DESAGUADERO,HUGO SPECHAR GONZALES,HUGO SPECHAR GONZALES,AGERSA S R L,AGERSA S R L,CAMEROON,Soy bean equivalents,136635,419.22
2013,BOLIVIA,FRONTERA DESAGUADERO,HUGO SPECHAR GONZALES,HUGO SPECHAR GONZALES,AGROANDINA S A,AGROANDINA S A,UNKNOWN COUNTRY,Soy bean equivalents,7185090.8,7873.278
2014,BOLIVIA,FRONTERA DESAGUADERO,HUGO SPECHAR GONZALES,HUGO SPECHAR GONZALES,AGROANDINA S A,AGROANDINA S A,UNKNOWN COUNTRY,Soy bean equivalents,6276147.21,8120.8218
2013,BOLIVIA,FRONTERA DESAGUADERO,HUGO SPECHAR GONZALES,HUGO SPECHAR GONZALES,AGROGRAIN LTD,AGROGRAIN,UNKNOWN COUNTRY,Soy bean equivalents,4991960,5338.68
2014,BOLIVIA,FRONTERA DESAGUADERO,HUGO SPECHAR GONZALES,HUGO SPECHAR GONZALES,AGROGRAIN LTD,AGROGRAIN,UNKNOWN COUNTRY,Soy bean equivalents,220740,288.66
2014,BOLIVIA,FRONTERA DESAGUADERO,HUGO SPECHAR GONZALES,HUGO SPECHAR GONZALES,AGROGRAIN LTD SUCURSAL URUGUAY,AGROGRAIN,UNKNOWN COUNTRY,Soy bean equivalents,6532697.5,9022.002
2013,BOLIVIA,FRONTERA DESAGUADERO,HUGO SPECHAR GONZALES,HUGO SPECHAR GONZALES,AGROPECUARIA E INDUSTRIAS FAFIO SA,AGROPECUARIA E INDUSTRIAS FAFIO SA,CAMEROON,Soy bean equivalents,530256,1300.5
2014,BOLIVIA,FRONTERA DESAGUADERO,HUGO SPECHAR GONZALES,HUGO SPECHAR GONZALES,AGROPECUARIA E INDUSTRIAS FAFIO SA,AGROPECUARIA E INDUSTRIAS FAFIO SA,CAMEROON,Soy bean equivalents,645105,1567.74
2014,BOLIVIA,FRONTERA DESAGUADERO,HUGO SPECHAR GONZALES,HUGO SPECHAR GONZALES,ALICORP S A A,ALICORP S A A,CAMEROON,Soy bean equivalents,368400.5,486.54
2013,BOLIVIA,FRONTERA DESAGUADERO,HUGO SPECHAR GONZALES,HUGO SPECHAR GONZALES,ALIMENTOS Y SERVICIOS AGROPECUARIOS,ALIMENTOS Y SERVICIOS AGROPECUARIOS,CAMEROON,Soy bean equivalents,2184973.5,5847.15
2014,BOLIVIA,FRONTERA DESAGUADERO,HUGO SPECHAR GONZALES,HUGO SPECHAR GONZALES,ALIMENTOS Y SERVICIOS AGROPECUARIOS,ALIMENTOS Y SERVICIOS AGROPECUARIOS,CAMEROON,Soy bean equivalents,5638865,15333.15
2013,BOLIVIA,FRONTERA DESAGUADERO,HUGO SPECHAR GONZALES,HUGO SPECHAR GONZALES,BATTILANA NUTRICION SAC,BATTILANA NUTRICION SAC,CAMEROON,Soy bean equivalents,1266049,3288.48
2014,BOLIVIA,FRONTERA DESAGUADERO,HUGO SPECHAR GONZALES,HUGO SPECHAR GONZALES,BATTILANA NUTRICION SAC,BATTILANA NUTRICION SAC,CAMEROON,Soy bean equivalents,1362902.5,3504.21
2014,BOLIVIA,FRONTERA DESAGUADERO,HUGO SPECHAR GONZALES,HUGO SPECHAR GONZALES,BROOM PANAMA S A,BROOM PANAMA S A,UNKNOWN COUNTRY,Soy bean equivalents,521176.5,704.106
2014,BOLIVIA,FRONTERA DESAGUADERO,HUGO SPECHAR GONZALES,HUGO SPECHAR GONZALES,CARGILL INC,CARGILL,UNKNOWN COUNTRY,Soy bean equivalents,3337000,4590
2013,BOLIVIA,FRONTERA DESAGUADERO,HUGO SPECHAR GONZALES,HUGO SPECHAR GONZALES,CONTILATIN DEL PERU SA,CONTILATIN DEL PERU SA,CAMEROON,Soy bean equivalents,8965257.23,19578.186
2014,BOLIVIA,FRONTERA DESAGUADERO,HUGO SPECHAR GONZALES,HUGO SPECHAR GONZALES,CONTILATIN DEL PERU SA,CONTILATIN DEL PERU SA,CAMEROON,Soy bean equivalents,9179489.36,20729.46
2013,BOLIVIA,FRONTERA DESAGUADERO,HUGO SPECHAR GONZALES,HUGO SPECHAR GONZALES,CORPORACION DE ALIMENTOS DEL PERU,CORPORACION DE ALIMENTOS DEL PERU,CAMEROON,Soy bean equivalents,113100,295.8
2014,BOLIVIA,FRONTERA DESAGUADERO,HUGO SPECHAR GONZALES,HUGO SPECHAR GONZALES,CORPORACION DE ALIMENTOS DEL PERU,CORPORACION DE ALIMENTOS DEL PERU,CAMEROON,Soy bean equivalents,572045.5,1565.7
2014,BOLIVIA,FRONTERA DESAGUADERO,HUGO SPECHAR GONZALES,HUGO SPECHAR GONZALES,CORPORACION DE CEREALES S A C,CORPORACION DE CEREALES S A C,CAMEROON,Soy bean equivalents,66990,207.06
2013,BOLIVIA,FRONTERA DESAGUADERO,HUGO SPECHAR GONZALES,HUGO SPECHAR GONZALES,EMPRESA COMERCIALIZADORA OLEAGINOSA,EMPRESA COMERCIALIZADORA OLEAGINOSA,CAMEROON,Soy bean equivalents,3831142.5,10441.74
2014,BOLIVIA,FRONTERA DESAGUADERO,HUGO SPECHAR GONZALES,HUGO SPECHAR GONZALES,EMPRESA COMERCIALIZADORA OLEAGINOSA,EMPRESA COMERCIALIZADORA OLEAGINOSA,CAMEROON,Soy bean equivalents,5206993,14294.79
2013,BOLIVIA,FRONTERA DESAGUADERO,HUGO SPECHAR GONZALES,HUGO SPECHAR GONZALES,EMPRESA COMERCIAL PERUANA E I R L,EMPRESA COMERCIAL PERUANA E I R L,CAMEROON,Soy bean equivalents,11723324.09,29387.22
2014,BOLIVIA,FRONTERA DESAGUADERO,HUGO SPECHAR GONZALES,HUGO SPECHAR GONZALES,EMPRESA COMERCIAL PERUANA E I R L,EMPRESA COMERCIAL PERUANA E I R L,CAMEROON,Soy bean equivalents,12730310.87,31359.39
2013,BOLIVIA,FRONTERA DESAGUADERO,HUGO SPECHAR GONZALES,HUGO SPECHAR GONZALES,GRANELES DEL PERU S A C,GRANELES DEL PERU S A C,CAMEROON,Soy bean equivalents,4957473.07,10034.5254
2014,BOLIVIA,FRONTERA DESAGUADERO,HUGO SPECHAR GONZALES,HUGO SPECHAR GONZALES,GRANELES DEL PERU S A C,GRANELES DEL PERU S A C,CAMEROON,Soy bean equivalents,5704795.08,12210.012
2013,BOLIVIA,FRONTERA DESAGUADERO,HUGO SPECHAR GONZALES,HUGO SPECHAR GONZALES,IMISER SAC,IMISER SAC,CAMEROON,Soy bean equivalents,2138338.5,5809.41
2014,BOLIVIA,FRONTERA DESAGUADERO,HUGO SPECHAR GONZALES,HUGO SPECHAR GONZALES,IMISER SAC,IMISER SAC,CAMEROON,Soy bean equivalents,5172919,14158.11
2013,BOLIVIA,FRONTERA DESAGUADERO,HUGO SPECHAR GONZALES,HUGO SPECHAR GONZALES,INTEGRACION LUZ SCRL,INTEGRACION LUZ SCRL,CAMEROON,Soy bean equivalents,43500,118.32
2014,BOLIVIA,FRONTERA DESAGUADERO,HUGO SPECHAR GONZALES,HUGO SPECHAR GONZALES,INVERSIONES COMERCIALES SOL S A C,INVERSIONES COMERCIALES SOL S A C,CAMEROON,Soy bean equivalents,951837,2638.74
2014,BOLIVIA,FRONTERA DESAGUADERO,HUGO SPECHAR GONZALES,HUGO SPECHAR GONZALES,INVERSIONES HEREIN SAC,INVERSIONES HEREIN SAC,CAMEROON,Soy bean equivalents,56550,147.9
2013,BOLIVIA,FRONTERA DESAGUADERO,HUGO SPECHAR GONZALES,HUGO SPECHAR GONZALES,INVERSIONES PBT Y F S A C,INVERSIONES PBT Y F S A C,CAMEROON,Soy bean equivalents,256360,709.92
2013,BOLIVIA,FRONTERA DESAGUADERO,HUGO SPECHAR GONZALES,HUGO SPECHAR GONZALES,INVERSIONES YAZMIL S R L,INVERSIONES YAZMIL S R L,CAMEROON,Soy bean equivalents,24600,61.2
2013,BOLIVIA,FRONTERA DESAGUADERO,HUGO SPECHAR GONZALES,HUGO SPECHAR GONZALES,LA SEMILLA DE ORO S A C,LA SEMILLA DE ORO S A C,CAMEROON,Soy bean equivalents,18321525.5,49224.69
2014,BOLIVIA,FRONTERA DESAGUADERO,HUGO SPECHAR GONZALES,HUGO SPECHAR GONZALES,LA SEMILLA DE ORO S A C,LA SEMILLA DE ORO S A C,CAMEROON,Soy bean equivalents,20983455,55875.6
2014,BOLIVIA,FRONTERA DESAGUADERO,HUGO SPECHAR GONZALES,HUGO SPECHAR GONZALES,LDC TRADING Y SERVICE CO S A,LDC TRADING Y SERVICE CO S A,UNKNOWN COUNTRY,Soy bean equivalents,2604472.5,3572.55
2013,BOLIVIA,FRONTERA DESAGUADERO,HUGO SPECHAR GONZALES,HUGO SPECHAR GONZALES,LIMAFER Y CIA SRL,LIMAFER Y CIA SRL,CAMEROON,Soy bean equivalents,58725,147.9
2014,BOLIVIA,FRONTERA DESAGUADERO,HUGO SPECHAR GONZALES,HUGO SPECHAR GONZALES,LIMA TRADER SAC,LIMA TRADER SAC,CAMEROON,Soy bean equivalents,38080,114.24
2013,BOLIVIA,FRONTERA DESAGUADERO,HUGO SPECHAR GONZALES,HUGO SPECHAR GONZALES,MAXIMILIAN INVERSIONES SA,MAXIMILIAN INVERSIONES SA,CAMEROON,Soy bean equivalents,131196,354.96
2014,BOLIVIA,FRONTERA DESAGUADERO,HUGO SPECHAR GONZALES,HUGO SPECHAR GONZALES,MAXIMILIAN INVERSIONES SA,MAXIMILIAN INVERSIONES SA,CAMEROON,Soy bean equivalents,2027730.5,5943.03
2013,BOLIVIA,FRONTERA DESAGUADERO,HUGO SPECHAR GONZALES,HUGO SPECHAR GONZALES,MIMPEXGROUP PERU SAC,MIMPEXGROUP PERU SAC,CAMEROON,Soy bean equivalents,9210795.58,12156.87
2014,BOLIVIA,FRONTERA DESAGUADERO,HUGO SPECHAR GONZALES,HUGO SPECHAR GONZALES,MIMPEXGROUP PERU SAC,MIMPEXGROUP PERU SAC,CAMEROON,Soy bean equivalents,4922313.37,7273.62
2013,BOLIVIA,FRONTERA DESAGUADERO,HUGO SPECHAR GONZALES,HUGO SPECHAR GONZALES,MOLINORTE SAC,MOLINORTE SAC,CAMEROON,Soy bean equivalents,6623720,17573.07
2014,BOLIVIA,FRONTERA DESAGUADERO,HUGO SPECHAR GONZALES,HUGO SPECHAR GONZALES,MOLINORTE SAC,MOLINORTE SAC,CAMEROON,Soy bean equivalents,11087636,30178.23
2013,BOLIVIA,FRONTERA DESAGUADERO,HUGO SPECHAR GONZALES,HUGO SPECHAR GONZALES,MONTANA S A,MONTANA S A,CAMEROON,Soy bean equivalents,2009656,4805.22
2014,BOLIVIA,FRONTERA DESAGUADERO,HUGO SPECHAR GONZALES,HUGO SPECHAR GONZALES,MONTANA S A,MONTANA S A,CAMEROON,Soy bean equivalents,1740107.5,4161.6
2013,BOLIVIA,FRONTERA DESAGUADERO,HUGO SPECHAR GONZALES,HUGO SPECHAR GONZALES,MUNDO PECUARIO SAC,MUNDO PECUARIO SAC,CAMEROON,Soy bean equivalents,137982,354.96
2014,BOLIVIA,FRONTERA DESAGUADERO,HUGO SPECHAR GONZALES,HUGO SPECHAR GONZALES,MUNDO PECUARIO SAC,MUNDO PECUARIO SAC,CAMEROON,Soy bean equivalents,463777,1185.24
2013,BOLIVIA,FRONTERA DESAGUADERO,HUGO SPECHAR GONZALES,HUGO SPECHAR GONZALES,NOR ALIMENTOS SRL,NOR ALIMENTOS SRL,CAMEROON,Soy bean equivalents,748785,2004.81
2014,BOLIVIA,FRONTERA DESAGUADERO,HUGO SPECHAR GONZALES,HUGO SPECHAR GONZALES,NOR ALIMENTOS SRL,NOR ALIMENTOS SRL,CAMEROON,Soy bean equivalents,712910,1897.2
2014,BOLIVIA,FRONTERA DESAGUADERO,HUGO SPECHAR GONZALES,HUGO SPECHAR GONZALES,PERUVIAN SOYBEAN COMPANY S A C,PERUVIAN SOYBEAN COMPANY S A C,CAMEROON,Soy bean equivalents,2799141.5,7413.36
2014,BOLIVIA,FRONTERA DESAGUADERO,HUGO SPECHAR GONZALES,HUGO SPECHAR GONZALES,PRODUCTOS COSTASOL SAC,PRODUCTOS COSTASOL SAC,CAMEROON,Soy bean equivalents,48720,118.32
2013,BOLIVIA,FRONTERA DESAGUADERO,HUGO SPECHAR GONZALES,HUGO SPECHAR GONZALES,REPRESENTACIONES MORAVI SAC,REPRESENTACIONES MORAVI SAC,CAMEROON,Soy bean equivalents,608440.5,1658.01
2014,BOLIVIA,FRONTERA DESAGUADERO,HUGO SPECHAR GONZALES,HUGO SPECHAR GONZALES,REPRESENTACIONES MORAVI SAC,REPRESENTACIONES MORAVI SAC,CAMEROON,Soy bean equivalents,634005,1666.17
2013,BOLIVIA,FRONTERA DESAGUADERO,HUGO SPECHAR GONZALES,HUGO SPECHAR GONZALES,RIOS SAC,RIOS SAC,CAMEROON,Soy bean equivalents,520004,1360.68
2014,BOLIVIA,FRONTERA DESAGUADERO,HUGO SPECHAR GONZALES,HUGO SPECHAR GONZALES,RIOS SAC,RIOS SAC,CAMEROON,Soy bean equivalents,444615,1210.74
2014,BOLIVIA,FRONTERA DESAGUADERO,HUGO SPECHAR GONZALES,HUGO SPECHAR GONZALES,ROMERO TRADING S A,ROMERO TRADING S A,CAMEROON,Soy bean equivalents,1194861,1629.603
2014,BOLIVIA,FRONTERA DESAGUADERO,HUGO SPECHAR GONZALES,HUGO SPECHAR GONZALES,TILIN S A C,TILIN S A C,CAMEROON,Soy bean equivalents,23520,57.12
2013,BOLIVIA,FRONTERA DESAGUADERO,INDUSTRIAS DE ACEITE S A,INDUSTRIAS DE ACEITE S A,ALICORP S A A,ALICORP S A A,CAMEROON,Soy bean equivalents,1070692.6,2179.6176
2014,BOLIVIA,FRONTERA DESAGUADERO,INDUSTRIAS DE ACEITE S A,INDUSTRIAS DE ACEITE S A,COLCUN S A,COLCUN S A,UNKNOWN COUNTRY,Soy bean equivalents,4660353.77,6379.6308
2013,BOLIVIA,FRONTERA DESAGUADERO,INDUSTRIAS DE ACEITE S A,INDUSTRIAS DE ACEITE S A,CORPORACION EL ROSADO S A,CORPORACION EL ROSADO S A,UNKNOWN COUNTRY,Soy bean equivalents,458585.15,298.1868
2014,BOLIVIA,FRONTERA DESAGUADERO,INDUSTRIAS DE ACEITE S A,INDUSTRIAS DE ACEITE S A,CORPORACION EL ROSADO S A,CORPORACION EL ROSADO S A,UNKNOWN COUNTRY,Soy bean equivalents,141394.93,99.32046
2013,BOLIVIA,FRONTERA DESAGUADERO,INDUSTRIAS DE ACEITE S A,INDUSTRIAS DE ACEITE S A,GRANJA RINCONADA DEL SUR S A,GRANJA RINCONADA DEL SUR S A,CAMEROON,Soy bean equivalents,1489514.5,3062.55
2013,BOLIVIA,FRONTERA DESAGUADERO,INDUSTRIAS DE ACEITE S A,INDUSTRIAS DE ACEITE S A,INBALNOR SA,INBALNOR SA,UNKNOWN COUNTRY,Soy bean equivalents,1625070.85,3400.5066
2014,BOLIVIA,FRONTERA DESAGUADERO,INDUSTRIAS DE ACEITE S A,INDUSTRIAS DE ACEITE S A,INBALNOR SA,INBALNOR SA,UNKNOWN COUNTRY,Soy bean equivalents,5074983.84,9667.4376
2013,BOLIVIA,FRONTERA DESAGUADERO,INDUSTRIAS DE ACEITE S A,INDUSTRIAS DE ACEITE S A,MESEROLE CORPORATION,MESEROLE CORPORATION,CUBA,Soy bean equivalents,2027288.51,3097.179
2013,BOLIVIA,FRONTERA DESAGUADERO,INDUSTRIAS DE ACEITE S A,INDUSTRIAS DE ACEITE S A,MESEROLE CORPORATION,MESEROLE CORPORATION,UNKNOWN COUNTRY,Soy bean equivalents,24349814.71,26299.8024
2014,BOLIVIA,FRONTERA DESAGUADERO,INDUSTRIAS DE ACEITE S A,INDUSTRIAS DE ACEITE S A,MESEROLE CORPORATION,MESEROLE CORPORATION,UNKNOWN COUNTRY,Soy bean equivalents,16002019.04,20169.9492
2013,BOLIVIA,FRONTERA DESAGUADERO,INDUSTRIAS DE ACEITE S A,INDUSTRIAS DE ACEITE S A,PIERRE MICHEL VINCENT,PIERRE MICHEL VINCENT,UNKNOWN COUNTRY,Soy bean equivalents,46245537.15,51780.2796
2014,BOLIVIA,FRONTERA DESAGUADERO,INDUSTRIAS DE ACEITE S A,INDUSTRIAS DE ACEITE S A,PIERRE MICHEL VINCENT,PIERRE MICHEL VINCENT,UNKNOWN COUNTRY,Soy bean equivalents,17365402.62,16955.7048
2013,BOLIVIA,FRONTERA DESAGUADERO,INDUSTRIAS DE ACEITE S A,INDUSTRIAS DE ACEITE S A,ROMERO TRADING S A,ROMERO TRADING S A,CAMEROON,Soy bean equivalents,68311136.31,146977.8486
2014,BOLIVIA,FRONTERA DESAGUADERO,INDUSTRIAS DE ACEITE S A,INDUSTRIAS DE ACEITE S A,ROMERO TRADING S A,ROMERO TRADING S A,CAMEROON,Soy bean equivalents,66504817.02,142915.3008
2013,BOLIVIA,FRONTERA DESAGUADERO,INDUSTRIAS DE ACEITE S A,INDUSTRIAS DE ACEITE S A,SAN FERNANDO S A,SAN FERNANDO S A,CAMEROON,Soy bean equivalents,439785,1031.22
2014,BOLIVIA,FRONTERA DESAGUADERO,INDUSTRIAS OLEAGINOSAS S A,INDUSTRIAS OLEAGINOSAS S A,AGRO FARM MANAGEMENT CORP,AGRO FARM MANAGEMENT CORP,UNKNOWN COUNTRY,Soy bean equivalents,357842.7,474.0552
2013,BOLIVIA,FRONTERA DESAGUADERO,INDUSTRIAS OLEAGINOSAS S A,INDUSTRIAS OLEAGINOSAS S A,AGROINVERSIONES EIRL,AGROINVERSIONES EIRL,CAMEROON,Soy bean equivalents,31752,85.68
2013,BOLIVIA,FRONTERA DESAGUADERO,INDUSTRIAS OLEAGINOSAS S A,INDUSTRIAS OLEAGINOSAS S A,AGROINVERSIONES OROMAR EIRL,AGROINVERSIONES OROMAR EIRL,CAMEROON,Soy bean equivalents,188065,443.7
2013,BOLIVIA,FRONTERA DESAGUADERO,INDUSTRIAS OLEAGINOSAS S A,INDUSTRIAS OLEAGINOSAS S A,AGROPECUARIA E INDUSTRIAS FAFIO SA,AGROPECUARIA E INDUSTRIAS FAFIO SA,CAMEROON,Soy bean equivalents,149350,354.96
2014,BOLIVIA,FRONTERA DESAGUADERO,INDUSTRIAS OLEAGINOSAS S A,INDUSTRIAS OLEAGINOSAS S A,AGROPECUARIA E INDUSTRIAS FAFIO SA,AGROPECUARIA E INDUSTRIAS FAFIO SA,CAMEROON,Soy bean equivalents,62060,147.9
2013,BOLIVIA,FRONTERA DESAGUADERO,INDUSTRIAS OLEAGINOSAS S A,INDUSTRIAS OLEAGINOSAS S A,ALIMENTOS PROCESADOS S A,ALIMENTOS PROCESADOS S A,CAMEROON,Soy bean equivalents,275460,650.76
2013,BOLIVIA,FRONTERA DESAGUADERO,INDUSTRIAS OLEAGINOSAS S A,INDUSTRIAS OLEAGINOSAS S A,ALIMENTOS Y SERVICIOS AGROPECUARIOS,ALIMENTOS Y SERVICIOS AGROPECUARIOS,CAMEROON,Soy bean equivalents,1954243.5,4562.97
2014,BOLIVIA,FRONTERA DESAGUADERO,INDUSTRIAS OLEAGINOSAS S A,INDUSTRIAS OLEAGINOSAS S A,ALIMENTOS Y SERVICIOS AGROPECUARIOS,ALIMENTOS Y SERVICIOS AGROPECUARIOS,CAMEROON,Soy bean equivalents,1310602.31,3091.6812
2013,BOLIVIA,FRONTERA DESAGUADERO,INDUSTRIAS OLEAGINOSAS S A,INDUSTRIAS OLEAGINOSAS S A,BATTILANA NUTRICION SAC,BATTILANA NUTRICION SAC,CAMEROON,Soy bean equivalents,1521193.5,3644.46
2014,BOLIVIA,FRONTERA DESAGUADERO,INDUSTRIAS OLEAGINOSAS S A,INDUSTRIAS OLEAGINOSAS S A,BATTILANA NUTRICION SAC,BATTILANA NUTRICION SAC,CAMEROON,Soy bean equivalents,507080.85,1164.3606
2013,BOLIVIA,FRONTERA DESAGUADERO,INDUSTRIAS OLEAGINOSAS S A,INDUSTRIAS OLEAGINOSAS S A,BR NEGOCIOS Y REPRESENTACIONES EIRL,BR NEGOCIOS Y REPRESENTACIONES EIRL,CAMEROON,Soy bean equivalents,1130875.5,2931.48
2013,BOLIVIA,FRONTERA DESAGUADERO,INDUSTRIAS OLEAGINOSAS S A,INDUSTRIAS OLEAGINOSAS S A,CARGILL AMERICAS PERU SRL,CARGILL,CAMEROON,Soy bean equivalents,1044014.81,2452.0086
2014,BOLIVIA,FRONTERA DESAGUADERO,INDUSTRIAS OLEAGINOSAS S A,INDUSTRIAS OLEAGINOSAS S A,CARGILL AMERICAS PERU SRL,CARGILL,CAMEROON,Soy bean equivalents,1291473.14,3009.6018
2013,BOLIVIA,FRONTERA DESAGUADERO,INDUSTRIAS OLEAGINOSAS S A,INDUSTRIAS OLEAGINOSAS S A,EMCOPER EIRL,EMCOPER EIRL,CAMEROON,Soy bean equivalents,1434207,3471.57
2014,BOLIVIA,FRONTERA DESAGUADERO,INDUSTRIAS OLEAGINOSAS S A,INDUSTRIAS OLEAGINOSAS S A,EMCOPER EIRL,EMCOPER EIRL,CAMEROON,Soy bean equivalents,197712.5,474.3
2013,BOLIVIA,FRONTERA DESAGUADERO,INDUSTRIAS OLEAGINOSAS S A,INDUSTRIAS OLEAGINOSAS S A,EMPRESA COMERCIALIZADORA OLEAGINOSA,EMPRESA COMERCIALIZADORA OLEAGINOSA,CAMEROON,Soy bean equivalents,2328046,5692.11
2014,BOLIVIA,FRONTERA DESAGUADERO,INDUSTRIAS OLEAGINOSAS S A,INDUSTRIAS OLEAGINOSAS S A,EMPRESA COMERCIALIZADORA OLEAGINOSA,EMPRESA COMERCIALIZADORA OLEAGINOSA,CAMEROON,Soy bean equivalents,1109466.28,2558.313
2013,BOLIVIA,FRONTERA DESAGUADERO,INDUSTRIAS OLEAGINOSAS S A,INDUSTRIAS OLEAGINOSAS S A,GRADEPER S A C,GRADEPER S A C,CAMEROON,Soy bean equivalents,678075,1535.1
2014,BOLIVIA,FRONTERA DESAGUADERO,INDUSTRIAS OLEAGINOSAS S A,INDUSTRIAS OLEAGINOSAS S A,GRADEPER S A C,GRADEPER S A C,CAMEROON,Soy bean equivalents,3028245.82,7002.2898
2013,BOLIVIA,FRONTERA DESAGUADERO,INDUSTRIAS OLEAGINOSAS S A,INDUSTRIAS OLEAGINOSAS S A,IMISER SAC,IMISER SAC,CAMEROON,Soy bean equivalents,963493.5,2372.01
2014,BOLIVIA,FRONTERA DESAGUADERO,INDUSTRIAS OLEAGINOSAS S A,INDUSTRIAS OLEAGINOSAS S A,IMISER SAC,IMISER SAC,CAMEROON,Soy bean equivalents,382741.81,903.9138
2013,BOLIVIA,FRONTERA DESAGUADERO,INDUSTRIAS OLEAGINOSAS S A,INDUSTRIAS OLEAGINOSAS S A,INVERSIONES AVICOLA CAF E I R L,INVERSIONES AVICOLA CAF E I R L,CAMEROON,Soy bean equivalents,24650,59.16
2013,BOLIVIA,FRONTERA DESAGUADERO,INDUSTRIAS OLEAGINOSAS S A,INDUSTRIAS OLEAGINOSAS S A,INVERSIONES GLOALC DEL SUR EIRL,INVERSIONES GLOALC DEL SUR EIRL,CAMEROON,Soy bean equivalents,54000,122.4
2014,BOLIVIA,FRONTERA DESAGUADERO,INDUSTRIAS OLEAGINOSAS S A,INDUSTRIAS OLEAGINOSAS S A,INVERSIONES GLOALC DEL SUR EIRL,INVERSIONES GLOALC DEL SUR EIRL,CAMEROON,Soy bean equivalents,25252,60.18
2013,BOLIVIA,FRONTERA DESAGUADERO,INDUSTRIAS OLEAGINOSAS S A,INDUSTRIAS OLEAGINOSAS S A,INVERSIONES HEREIN SAC,INVERSIONES HEREIN SAC,CAMEROON,Soy bean equivalents,101260,238.68
2014,BOLIVIA,FRONTERA DESAGUADERO,INDUSTRIAS OLEAGINOSAS S A,INDUSTRIAS OLEAGINOSAS S A,INVERSIONES HEREIN SAC,INVERSIONES HEREIN SAC,CAMEROON,Soy bean equivalents,75891.4,176.766
2013,BOLIVIA,FRONTERA DESAGUADERO,INDUSTRIAS OLEAGINOSAS S A,INDUSTRIAS OLEAGINOSAS S A,INVERSIONES MUNDO SUR CYB SRL,INVERSIONES MUNDO SUR CYB SRL,CAMEROON,Soy bean equivalents,216015,536.52
2014,BOLIVIA,FRONTERA DESAGUADERO,INDUSTRIAS OLEAGINOSAS S A,INDUSTRIAS OLEAGINOSAS S A,INVERSIONES MUNDO SUR CYB SRL,INVERSIONES MUNDO SUR CYB SRL,CAMEROON,Soy bean equivalents,98139,233.07
2013,BOLIVIA,FRONTERA DESAGUADERO,INDUSTRIAS OLEAGINOSAS S A,INDUSTRIAS OLEAGINOSAS S A,INVERSIONES PBT Y F S A C,INVERSIONES PBT Y F S A C,CAMEROON,Soy bean equivalents,1203638,2900.37
2013,BOLIVIA,FRONTERA DESAGUADERO,INDUSTRIAS OLEAGINOSAS S A,INDUSTRIAS OLEAGINOSAS S A,MAXIMILIAN INVERSIONES SA,MAXIMILIAN INVERSIONES SA,CAMEROON,Soy bean equivalents,2439248,5916
2014,BOLIVIA,FRONTERA DESAGUADERO,INDUSTRIAS OLEAGINOSAS S A,INDUSTRIAS OLEAGINOSAS S A,MAXIMILIAN INVERSIONES SA,MAXIMILIAN INVERSIONES SA,CAMEROON,Soy bean equivalents,1922747.23,4523.3022
2013,BOLIVIA,FRONTERA DESAGUADERO,INDUSTRIAS OLEAGINOSAS S A,INDUSTRIAS OLEAGINOSAS S A,MOLINORTE SAC,MOLINORTE SAC,CAMEROON,Soy bean equivalents,661666.75,1627.92
2013,BOLIVIA,FRONTERA DESAGUADERO,INDUSTRIAS OLEAGINOSAS S A,INDUSTRIAS OLEAGINOSAS S A,MONTANA S A,MONTANA S A,CAMEROON,Soy bean equivalents,347485.46,852.72
2013,BOLIVIA,FRONTERA DESAGUADERO,INDUSTRIAS OLEAGINOSAS S A,INDUSTRIAS OLEAGINOSAS S A,MUNDO PECUARIO SAC,MUNDO PECUARIO SAC,CAMEROON,Soy bean equivalents,48140,118.32
2014,BOLIVIA,FRONTERA DESAGUADERO,INDUSTRIAS OLEAGINOSAS S A,INDUSTRIAS OLEAGINOSAS S A,MUNDO PECUARIO SAC,MUNDO PECUARIO SAC,CAMEROON,Soy bean equivalents,138479.8,323.493
2013,BOLIVIA,FRONTERA DESAGUADERO,INDUSTRIAS OLEAGINOSAS S A,INDUSTRIAS OLEAGINOSAS S A,NOR ALIMENTOS SRL,NOR ALIMENTOS SRL,CAMEROON,Soy bean equivalents,182164,418.2
2014,BOLIVIA,FRONTERA DESAGUADERO,INDUSTRIAS OLEAGINOSAS S A,INDUSTRIAS OLEAGINOSAS S A,NOR ALIMENTOS SRL,NOR ALIMENTOS SRL,CAMEROON,Soy bean equivalents,268206.12,619.9968
2013,BOLIVIA,FRONTERA DESAGUADERO,INDUSTRIAS OLEAGINOSAS S A,INDUSTRIAS OLEAGINOSAS S A,OLEAGINOSA HUACHO SAC,OLEAGINOSA HUACHO SAC,CAMEROON,Soy bean equivalents,361179,974.61
2014,BOLIVIA,FRONTERA DESAGUADERO,INDUSTRIAS OLEAGINOSAS S A,INDUSTRIAS OLEAGINOSAS S A,OLEAGINOSA HUACHO SAC,OLEAGINOSA HUACHO SAC,CAMEROON,Soy bean equivalents,22423.5,59.16
2013,BOLIVIA,FRONTERA DESAGUADERO,INDUSTRIAS OLEAGINOSAS S A,INDUSTRIAS OLEAGINOSAS S A,OWC TRADING S A C,OWC TRADING S A C,CAMEROON,Soy bean equivalents,84480,195.84
2013,BOLIVIA,FRONTERA DESAGUADERO,INDUSTRIAS OLEAGINOSAS S A,INDUSTRIAS OLEAGINOSAS S A,RADSIL CORP,RADSIL CORP,UNKNOWN COUNTRY,Soy bean equivalents,11549721.53,13491.2136
2014,BOLIVIA,FRONTERA DESAGUADERO,INDUSTRIAS OLEAGINOSAS S A,INDUSTRIAS OLEAGINOSAS S A,RADSIL CORP,RADSIL CORP,UNKNOWN COUNTRY,Soy bean equivalents,4878337.22,6195.4188
2014,BOLIVIA,FRONTERA DESAGUADERO,INDUSTRIAS OLEAGINOSAS S A,INDUSTRIAS OLEAGINOSAS S A,ROMERO TRADING S A,ROMERO TRADING S A,CAMEROON,Soy bean equivalents,2405812.74,5542.2822
2013,BOLIVIA,FRONTERA DESAGUADERO,INDUSTRIAS OLEAGINOSAS S A,INDUSTRIAS OLEAGINOSAS S A,TRANOR S A C,TRANOR S A C,CAMEROON,Soy bean equivalents,282967.12,265.4244
2014,BOLIVIA,FRONTERA DESAGUADERO,INDUSTRIAS OLEAGINOSAS S A,INDUSTRIAS OLEAGINOSAS S A,TRANOR S A C,TRANOR S A C,CAMEROON,Soy bean equivalents,56908.8,58.752
2013,BOLIVIA,FRONTERA DESAGUADERO,ITIKA S A,ITIKA S A,AGROANDINA S A,AGROANDINA S A,UNKNOWN COUNTRY,Soy bean equivalents,607279,657.9
2013,BOLIVIA,FRONTERA DESAGUADERO,ITIKA S A,ITIKA S A,AGROPECUARIA E INDUSTRIAS FAFIO SA,AGROPECUARIA E INDUSTRIAS FAFIO SA,CAMEROON,Soy bean equivalents,45240,118.32
2014,BOLIVIA,FRONTERA DESAGUADERO,ITIKA S A,ITIKA S A,AGROPECUARIA E INDUSTRIAS FAFIO SA,AGROPECUARIA E INDUSTRIAS FAFIO SA,CAMEROON,Soy bean equivalents,84245,207.06
2013,BOLIVIA,FRONTERA PISIGA,ADM SAO PERU,ADM SAO PERU,SOC COM IMPORT Y EXPORT SOGANOL,SOC COM IMPORT Y EXPORT SOGANOL,UNKNOWN COUNTRY,Soy bean equivalents,1328727.01,954.30792
2014,BOLIVIA,FRONTERA PISIGA,ADM SAO PERU,ADM SAO PERU,SOC COM IMPORT Y EXPORT SOGANOL,SOC COM IMPORT Y EXPORT SOGANOL,UNKNOWN COUNTRY,Soy bean equivalents,1033354.17,828.21756
2013,BOLIVIA,FRONTERA PUERTO SUAREZ,ADM SAO PERU,ADM SAO PERU,AGROGRAIN LTD,AGROGRAIN,UNKNOWN COUNTRY,Soy bean equivalents,36027080.56,83088.3942
2014,BOLIVIA,FRONTERA PUERTO SUAREZ,ADM SAO PERU,ADM SAO PERU,AGROGRAIN LTD SUCURSAL URUGUAY,AGROGRAIN,UNKNOWN COUNTRY,Soy bean equivalents,26002159.12,56784.27924
2014,BOLIVIA,FRONTERA PUERTO SUAREZ,CARGILL BOLIVIA S A,CARGILL,AGROPECUARIA NIVAR C A,AGROPECUARIA NIVAR C A,CUBA,Soy bean equivalents,2387750,5100
2013,BOLIVIA,FRONTERA PUERTO SUAREZ,CARGILL BOLIVIA S A,CARGILL,CARGILL INC,CARGILL,UNKNOWN COUNTRY,Soy bean equivalents,24188399.6,43645.99074
2014,BOLIVIA,FRONTERA PUERTO SUAREZ,CARGILL BOLIVIA S A,CARGILL,CARGILL INC,CARGILL,UNKNOWN COUNTRY,Soy bean equivalents,12723051.09,23411.8305
2014,BOLIVIA,FRONTERA PUERTO SUAREZ,CARGILL BOLIVIA S A,CARGILL,GRANJA LA ROSA C A,GRANJA LA ROSA C A,CUBA,Soy bean equivalents,1080321.72,2547.5163
2014,BOLIVIA,FRONTERA PUERTO SUAREZ,CARGILL BOLIVIA S A,CARGILL,MOREIRA CORDOVA ROBERTO LUCIO,MOREIRA CORDOVA ROBERTO LUCIO,UNKNOWN COUNTRY,Soy bean equivalents,16244681.91,38460.54126
2013,BOLIVIA,FRONTERA PUERTO SUAREZ,GRAVETAL BOLIVIA SA,GRAVETAL BOLIVIA SA,AMERINTER USA CORP,AMERINTER USA CORP,CHANNEL ISLANDS,Soy bean equivalents,2726468.31,6356.4207
2013,BOLIVIA,FRONTERA PUERTO SUAREZ,GRAVETAL BOLIVIA SA,GRAVETAL BOLIVIA SA,AMERINTER USA CORP,AMERINTER USA CORP,CUBA,Soy bean equivalents,49881215.38,115256.98998
2014,BOLIVIA,FRONTERA PUERTO SUAREZ,GRAVETAL BOLIVIA SA,GRAVETAL BOLIVIA SA,AMERINTER USA CORP,AMERINTER USA CORP,CUBA,Soy bean equivalents,3607005.37,8160
2013,BOLIVIA,FRONTERA PUERTO SUAREZ,GRAVETAL BOLIVIA SA,GRAVETAL BOLIVIA SA,BUNGE AGRITRADE,BUNGE,CHANNEL ISLANDS,Soy bean equivalents,1626780,2040
2013,BOLIVIA,FRONTERA PUERTO SUAREZ,GRAVETAL BOLIVIA SA,GRAVETAL BOLIVIA SA,BUNGE AGRITRADE,BUNGE,UNKNOWN COUNTRY,Soy bean equivalents,38123837.51,65143.371
2014,BOLIVIA,FRONTERA PUERTO SUAREZ,GRAVETAL BOLIVIA SA,GRAVETAL BOLIVIA SA,BUNGE AGRITRADE,BUNGE,UNKNOWN COUNTRY,Soy bean equivalents,101780943.58,184735.0968
2013,BOLIVIA,FRONTERA PUERTO SUAREZ,GRAVETAL BOLIVIA SA,GRAVETAL BOLIVIA SA,BUNGE LATIN AMERICA LLC,BUNGE,CANADA,Soy bean equivalents,6415990.74,16589.1984
2013,BOLIVIA,FRONTERA PUERTO SUAREZ,GRAVETAL BOLIVIA SA,GRAVETAL BOLIVIA SA,BUNGE LATIN AMERICA LLC,BUNGE,CHANNEL ISLANDS,Soy bean equivalents,1891822,2091
2013,BOLIVIA,FRONTERA PUERTO SUAREZ,GRAVETAL BOLIVIA SA,GRAVETAL BOLIVIA SA,BUNGE LATIN AMERICA LLC,BUNGE,UNKNOWN COUNTRY,Soy bean equivalents,92648372.26,155640.6831
2013,BOLIVIA,FRONTERA PUERTO SUAREZ,GRAVETAL BOLIVIA SA,GRAVETAL BOLIVIA SA,GRAVETAL BOLIVIA SA,GRAVETAL BOLIVIA SA,CUBA,Soy bean equivalents,99305945.12,197813.04108
2013,BOLIVIA,FRONTERA PUERTO SUAREZ,GRAVETAL BOLIVIA SA,GRAVETAL BOLIVIA SA,GRAVETAL BOLIVIA SA,GRAVETAL BOLIVIA SA,UNKNOWN COUNTRY,Soy bean equivalents,114614329.64,212556.77388
2014,BOLIVIA,FRONTERA PUERTO SUAREZ,GRAVETAL BOLIVIA SA,GRAVETAL BOLIVIA SA,GRAVETAL BOLIVIA SA,GRAVETAL BOLIVIA SA,UNKNOWN COUNTRY,Soy bean equivalents,173371939.84,351506.13822
2013,BOLIVIA,FRONTERA PUERTO SUAREZ,GRAVETAL BOLIVIA SA,GRAVETAL BOLIVIA SA,LUZAR TRADING S A,LUZAR TRADING S A,CAMEROON,Soy bean equivalents,8385253.5,20831.0163
2013,BOLIVIA,FRONTERA PUERTO SUAREZ,GRAVETAL BOLIVIA SA,GRAVETAL BOLIVIA SA,LUZAR TRADING S A,LUZAR TRADING S A,CUBA,Soy bean equivalents,13445321.07,30600
2014,BOLIVIA,FRONTERA PUERTO SUAREZ,GRAVETAL BOLIVIA SA,GRAVETAL BOLIVIA SA,LUZAR TRADING S A,LUZAR TRADING S A,CUBA,Soy bean equivalents,26133230.64,62504.4168
2014,BOLIVIA,FRONTERA PUERTO SUAREZ,GRAVETAL BOLIVIA SA,GRAVETAL BOLIVIA SA,LUZAR TRADING S A,LUZAR TRADING S A,UNKNOWN COUNTRY,Soy bean equivalents,9734952.22,23202.2766
2013,BOLIVIA,FRONTERA PUERTO SUAREZ,GRAVETAL BOLIVIA SA,GRAVETAL BOLIVIA SA,VENEZOLANA DE ALIMENTOS LA CASA S A,VENEZOLANA DE ALIMENTOS LA CASA S A,CUBA,Soy bean equivalents,6114384.12,6120
2014,BOLIVIA,FRONTERA PUERTO SUAREZ,INDUSTRIAS DE ACEITE S A,INDUSTRIAS DE ACEITE S A,COLCUN S A,COLCUN S A,CAMEROON,Soy bean equivalents,1871574.95,5111.1282
2014,BOLIVIA,FRONTERA PUERTO SUAREZ,INDUSTRIAS DE ACEITE S A,INDUSTRIAS DE ACEITE S A,COLCUN S A,COLCUN S A,CUBA,Soy bean equivalents,4132261.46,11495.62848
2014,BOLIVIA,FRONTERA PUERTO SUAREZ,INDUSTRIAS DE ACEITE S A,INDUSTRIAS DE ACEITE S A,COLCUN S A,COLCUN S A,UNKNOWN COUNTRY,Soy bean equivalents,1568099.52,4645.54614
2013,BOLIVIA,FRONTERA PUERTO SUAREZ,INDUSTRIAS DE ACEITE S A,INDUSTRIAS DE ACEITE S A,MESEROLE CORPORATION,MESEROLE CORPORATION,CAMEROON,Soy bean equivalents,13035541.08,29613.34074
2013,BOLIVIA,FRONTERA PUERTO SUAREZ,INDUSTRIAS DE ACEITE S A,INDUSTRIAS DE ACEITE S A,MESEROLE CORPORATION,MESEROLE CORPORATION,CUBA,Soy bean equivalents,4633492.85,9547.5621
2014,BOLIVIA,FRONTERA PUERTO SUAREZ,INDUSTRIAS DE ACEITE S A,INDUSTRIAS DE ACEITE S A,MESEROLE CORPORATION,MESEROLE CORPORATION,CUBA,Soy bean equivalents,5641613.14,12016.2732
2014,BOLIVIA,FRONTERA PUERTO SUAREZ,INDUSTRIAS DE ACEITE S A,INDUSTRIAS DE ACEITE S A,MESEROLE CORPORATION,MESEROLE CORPORATION,UNKNOWN COUNTRY,Soy bean equivalents,7465883.99,15733.8876
2013,BOLIVIA,FRONTERA PUERTO SUAREZ,INDUSTRIAS DE ACEITE S A,INDUSTRIAS DE ACEITE S A,PIERRE MICHEL VINCENT,PIERRE MICHEL VINCENT,UNKNOWN COUNTRY,Soy bean equivalents,29296034.61,65436.6414
2014,BOLIVIA,FRONTERA PUERTO SUAREZ,INDUSTRIAS DE ACEITE S A,INDUSTRIAS DE ACEITE S A,PIERRE MICHEL VINCENT,PIERRE MICHEL VINCENT,UNKNOWN COUNTRY,Soy bean equivalents,28000766.07,61335.6498
2014,BOLIVIA,FRONTERA PUERTO SUAREZ,INDUSTRIAS DE ACEITE S A,INDUSTRIAS DE ACEITE S A,VITAPRO SA,VITAPRO SA,CAMEROON,Soy bean equivalents,2797795.06,6537.50334
2014,BOLIVIA,FRONTERA PUERTO SUAREZ,INDUSTRIAS OLEAGINOSAS S A,INDUSTRIAS OLEAGINOSAS S A,AGRO FARM MANAGEMENT CORP,AGRO FARM MANAGEMENT CORP,UNKNOWN COUNTRY,Soy bean equivalents,28945916.25,61176.85722
2013,BOLIVIA,FRONTERA PUERTO SUAREZ,INDUSTRIAS OLEAGINOSAS S A,INDUSTRIAS OLEAGINOSAS S A,RADSIL CORP,RADSIL CORP,UNKNOWN COUNTRY,Soy bean equivalents,61680138.42,147952.59936
2014,BOLIVIA,FRONTERA PUERTO SUAREZ,INDUSTRIAS OLEAGINOSAS S A,INDUSTRIAS OLEAGINOSAS S A,RADSIL CORP,RADSIL CORP,UNKNOWN COUNTRY,Soy bean equivalents,41837852.08,90373.53
2014,BOLIVIA,FRONTERA PUERTO SUAREZ,LDC BOLIVIA LTDA,LDC BOLIVIA LTDA,LDC TRADING Y SERVICE CO S A,LDC TRADING Y SERVICE CO S A,UNKNOWN COUNTRY,Soy bean equivalents,10418081.89,21454.03434
2014,BOLIVIA,FRONTERA PUERTO SUAREZ,SOCIEDAD AGROINDUSTRIAL NUTRIOIL SA,SOCIEDAD AGROINDUSTRIAL NUTRIOIL SA,AMERINTER USA CORP,AMERINTER USA CORP,CUBA,Soy bean equivalents,7830000.08,18360
2014,BOLIVIA,FRONTERA PUERTO SUAREZ,SOCIEDAD AGROINDUSTRIAL NUTRIOIL SA,SOCIEDAD AGROINDUSTRIAL NUTRIOIL SA,AMERINTER USA CORP,AMERINTER USA CORP,UNKNOWN COUNTRY,Soy bean equivalents,15287880.24,37312.5486
2014,BOLIVIA,FRONTERA PUERTO SUAREZ,SOCIEDAD AGROINDUSTRIAL NUTRIOIL SA,SOCIEDAD AGROINDUSTRIAL NUTRIOIL SA,AVICOLA DE OCCIDENTE(AVIDOCA) C A,AVICOLA DE OCCIDENTE(AVIDOCA) C A,CUBA,Soy bean equivalents,4020281.88,8792.4
2013,BOLIVIA,FRONTERA PUERTO SUAREZ,SOCIEDAD AGROINDUSTRIAL NUTRIOIL SA,SOCIEDAD AGROINDUSTRIAL NUTRIOIL SA,BUNGE AGRITRADE,BUNGE,BARBADOS,Soy bean equivalents,1888000.02,2244
2014,BOLIVIA,FRONTERA PUERTO SUAREZ,SOCIEDAD AGROINDUSTRIAL NUTRIOIL SA,SOCIEDAD AGROINDUSTRIAL NUTRIOIL SA,BUNGE AGRITRADE,BUNGE,UNKNOWN COUNTRY,Soy bean equivalents,32254348.63,49342.77642
2013,BOLIVIA,FRONTERA PUERTO SUAREZ,SOCIEDAD AGROINDUSTRIAL NUTRIOIL SA,SOCIEDAD AGROINDUSTRIAL NUTRIOIL SA,NUTRIOIL S A,NUTRIOIL S A,UNKNOWN COUNTRY,Soy bean equivalents,18123447.4,37531.33554
2014,BOLIVIA,FRONTERA PUERTO SUAREZ,SOCIEDAD AGROINDUSTRIAL NUTRIOIL SA,SOCIEDAD AGROINDUSTRIAL NUTRIOIL SA,NUTRIOIL S A,NUTRIOIL S A,UNKNOWN COUNTRY,Soy bean equivalents,72343417.93,146757.3093
2013,BOLIVIA,FRONTERA PUERTO SUAREZ,SOCIEDAD AGROINDUSTRIAL NUTRIOIL SA,SOCIEDAD AGROINDUSTRIAL NUTRIOIL SA,PLANET CARGO S A,PLANET CARGO S A,CUBA,Soy bean equivalents,4250000,10200
2014,BOLIVIA,FRONTERA PUERTO SUAREZ,SOCIEDAD AGROINDUSTRIAL NUTRIOIL SA,SOCIEDAD AGROINDUSTRIAL NUTRIOIL SA,PLANET CARGO S A,PLANET CARGO S A,UNKNOWN COUNTRY,Soy bean equivalents,2711500,6507.6
2014,BOLIVIA,FRONTERA PUERTO SUAREZ,SOCIEDAD AGROINDUSTRIAL NUTRIOIL SA,SOCIEDAD AGROINDUSTRIAL NUTRIOIL SA,SEABOARD OVERSEAS LTD,SEABOARD OVERSEAS LTD,UNKNOWN COUNTRY,Soy bean equivalents,18678682.83,44933.9886
2013,BOLIVIA,FRONTERA TAMBO QUEMADO,ADM SAO PERU,ADM SAO PERU,ADM CHILE COMERCIAL LTDA,ADM CHILE COMERCIAL LTDA,UNKNOWN COUNTRY,Soy bean equivalents,973386.84,2322.693
2014,BOLIVIA,FRONTERA TAMBO QUEMADO,ADM SAO PERU,ADM SAO PERU,ADM CHILE COMERCIAL LTDA,ADM CHILE COMERCIAL LTDA,UNKNOWN COUNTRY,Soy bean equivalents,427229.35,942.80946
2013,BOLIVIA,FRONTERA TAMBO QUEMADO,ADM SAO PERU,ADM SAO PERU,ADM SAO PERU,ADM SAO PERU,CAMEROON,Soy bean equivalents,235767.53,223.5024
2014,BOLIVIA,FRONTERA TAMBO QUEMADO,ADM SAO PERU,ADM SAO PERU,ADM SAO PERU,ADM SAO PERU,CAMEROON,Soy bean equivalents,1454293.87,1467.7596
2013,BOLIVIA,FRONTERA TAMBO QUEMADO,ADM SAO PERU,ADM SAO PERU,AGRICOLA TARAPACA LTDA,AGRICOLA TARAPACA LTDA,UNKNOWN COUNTRY,Soy bean equivalents,1018055.72,2313.57522
2014,BOLIVIA,FRONTERA TAMBO QUEMADO,ADM SAO PERU,ADM SAO PERU,AGRICOLA TARAPACA LTDA,AGRICOLA TARAPACA LTDA,UNKNOWN COUNTRY,Soy bean equivalents,1344211.37,2902.4916
2013,BOLIVIA,FRONTERA TAMBO QUEMADO,ADM SAO PERU,ADM SAO PERU,AGROGRAIN LTD,AGROGRAIN,UNKNOWN COUNTRY,Soy bean equivalents,47018349.28,100377.70122
2014,BOLIVIA,FRONTERA TAMBO QUEMADO,ADM SAO PERU,ADM SAO PERU,AGROGRAIN LTD,AGROGRAIN,UNKNOWN COUNTRY,Soy bean equivalents,4700610.8,9816.56058
2014,BOLIVIA,FRONTERA TAMBO QUEMADO,ADM SAO PERU,ADM SAO PERU,AGROGRAIN LTD SUCURSAL URUGUAY,AGROGRAIN,UNKNOWN COUNTRY,Soy bean equivalents,57885856.6500001,124715.27658
2014,BOLIVIA,FRONTERA TAMBO QUEMADO,ADM SAO PERU,ADM SAO PERU,ALMACENES EXITO SA,ALMACENES EXITO SA,UNKNOWN COUNTRY,Soy bean equivalents,813736.01,673.8069
2013,BOLIVIA,FRONTERA TAMBO QUEMADO,ADM SAO PERU,ADM SAO PERU,ARICA TRADING SA,ARICA TRADING SA,UNKNOWN COUNTRY,Soy bean equivalents,256663.65,192.60048
2014,BOLIVIA,FRONTERA TAMBO QUEMADO,ADM SAO PERU,ADM SAO PERU,CANUELAS CHILE SPA,CANUELAS CHILE SPA,UNKNOWN COUNTRY,Soy bean equivalents,251590.54,490.41702
2013,BOLIVIA,FRONTERA TAMBO QUEMADO,ADM SAO PERU,ADM SAO PERU,CI ADM COLOMBIA LTDA,CI ADM COLOMBIA LTDA,UNKNOWN COUNTRY,Soy bean equivalents,2002622.63,1524.73476
2013,BOLIVIA,FRONTERA TAMBO QUEMADO,ADM SAO PERU,ADM SAO PERU,COMERCIAL CHACAO S A,COMERCIAL CHACAO S A,UNKNOWN COUNTRY,Soy bean equivalents,32571.88,22.848
2013,BOLIVIA,FRONTERA TAMBO QUEMADO,ADM SAO PERU,ADM SAO PERU,COMERCIALIZADORA FLORALIA S A,COMERCIALIZADORA FLORALIA S A,UNKNOWN COUNTRY,Soy bean equivalents,416356.88,334.02348
2014,BOLIVIA,FRONTERA TAMBO QUEMADO,ADM SAO PERU,ADM SAO PERU,COMERCIALIZADORA FLORALIA S A,COMERCIALIZADORA FLORALIA S A,UNKNOWN COUNTRY,Soy bean equivalents,1059237.58,879.60924
2013,BOLIVIA,FRONTERA TAMBO QUEMADO,ADM SAO PERU,ADM SAO PERU,COMERCIALIZADORA GIRALDO Y GOMEZ,COMERCIALIZADORA GIRALDO Y GOMEZ,UNKNOWN COUNTRY,Soy bean equivalents,1068717.47,801.7914
2014,BOLIVIA,FRONTERA TAMBO QUEMADO,ADM SAO PERU,ADM SAO PERU,COMERCIALIZADORA GIRALDO Y GOMEZ,COMERCIALIZADORA GIRALDO Y GOMEZ,UNKNOWN COUNTRY,Soy bean equivalents,2226170.54,1868.1657
2014,BOLIVIA,FRONTERA TAMBO QUEMADO,ADM SAO PERU,ADM SAO PERU,DICOLVENTAS S A S,DICOLVENTAS S A S,UNKNOWN COUNTRY,Soy bean equivalents,1862581.31,1518.0966
2013,BOLIVIA,FRONTERA TAMBO QUEMADO,ADM SAO PERU,ADM SAO PERU,DISTRIB NACIONAL DE CARNES DINACAR,DISTRIB NACIONAL DE CARNES DINACAR,UNKNOWN COUNTRY,Soy bean equivalents,161169.47,307.7034
2013,BOLIVIA,FRONTERA TAMBO QUEMADO,ADM SAO PERU,ADM SAO PERU,IMPORTADORA D SIERRA EU,IMPORTADORA D SIERRA EU,UNKNOWN COUNTRY,Soy bean equivalents,1378544.24,1044.14748
2013,BOLIVIA,FRONTERA TAMBO QUEMADO,ADM SAO PERU,ADM SAO PERU,JOHN RESTREPO A Y CIA S A,JOHN RESTREPO A Y CIA S A,UNKNOWN COUNTRY,Soy bean equivalents,795850.19,614.83866
2014,BOLIVIA,FRONTERA TAMBO QUEMADO,ADM SAO PERU,ADM SAO PERU,JOHN RESTREPO A Y CIA S A,JOHN RESTREPO A Y CIA S A,UNKNOWN COUNTRY,Soy bean equivalents,2032567.64,1655.3376
2013,BOLIVIA,FRONTERA TAMBO QUEMADO,ADM SAO PERU,ADM SAO PERU,KYC SEAFOODS LIMITADA,KYC SEAFOODS LIMITADA,UNKNOWN COUNTRY,Soy bean equivalents,6583.74,4.692
2014,BOLIVIA,FRONTERA TAMBO QUEMADO,ADM SAO PERU,ADM SAO PERU,MERCADO ZAPATOCA S A,MERCADO ZAPATOCA S A,UNKNOWN COUNTRY,Soy bean equivalents,55786.14,47.29536
2013,BOLIVIA,FRONTERA TAMBO QUEMADO,ADM SAO PERU,ADM SAO PERU,MODERNA ALIMENTOS SA,MODERNA ALIMENTOS SA,UNKNOWN COUNTRY,Soy bean equivalents,1424982.04,971.49084
2014,BOLIVIA,FRONTERA TAMBO QUEMADO,ADM SAO PERU,ADM SAO PERU,MODERNA ALIMENTOS SA,MODERNA ALIMENTOS SA,UNKNOWN COUNTRY,Soy bean equivalents,755594.4,567.54432
2013,BOLIVIA,FRONTERA TAMBO QUEMADO,ADM SAO PERU,ADM SAO PERU,OLIOJOYA INDUSTRIA ACEITERA CIA LTD,OLIOJOYA INDUSTRIA ACEITERA CIA LTD,UNKNOWN COUNTRY,Soy bean equivalents,158881.07,126.4494
2014,BOLIVIA,FRONTERA TAMBO QUEMADO,ADM SAO PERU,ADM SAO PERU,OLIOJOYA INDUSTRIA ACEITERA CIA LTD,OLIOJOYA INDUSTRIA ACEITERA CIA LTD,UNKNOWN COUNTRY,Soy bean equivalents,20843.16,18.8904
2013,BOLIVIA,FRONTERA TAMBO QUEMADO,ADM SAO PERU,ADM SAO PERU,ORGANIZACION CARDENAS S A,ORGANIZACION CARDENAS S A,UNKNOWN COUNTRY,Soy bean equivalents,3257572.42,2481.94866
2014,BOLIVIA,FRONTERA TAMBO QUEMADO,ADM SAO PERU,ADM SAO PERU,ORGANIZACION CARDENAS S A,ORGANIZACION CARDENAS S A,UNKNOWN COUNTRY,Soy bean equivalents,2663565.58,2246.52858
2013,BOLIVIA,FRONTERA TAMBO QUEMADO,ADM SAO PERU,ADM SAO PERU,PRODUCTOS LA DONA S A,PRODUCTOS LA DONA S A,UNKNOWN COUNTRY,Soy bean equivalents,42448.92,41.4324
2013,BOLIVIA,FRONTERA TAMBO QUEMADO,ADM SAO PERU,ADM SAO PERU,PROVECOL ANTIOQUIA S A,PROVECOL ANTIOQUIA S A,UNKNOWN COUNTRY,Soy bean equivalents,449726.63,316.16328
2013,BOLIVIA,FRONTERA TAMBO QUEMADO,ADM SAO PERU,ADM SAO PERU,SOC COM IMPORT Y EXPORT SOGANOL,SOC COM IMPORT Y EXPORT SOGANOL,UNKNOWN COUNTRY,Soy bean equivalents,30069.58,21.39552
2013,BOLIVIA,FRONTERA TAMBO QUEMADO,ADM SAO PERU,ADM SAO PERU,SUPERTIENDAS CANAVERAL S A,SUPERTIENDAS CANAVERAL S A,UNKNOWN COUNTRY,Soy bean equivalents,117624.19,94.59072
2014,BOLIVIA,FRONTERA TAMBO QUEMADO,ADM SAO PERU,ADM SAO PERU,SUPERTIENDAS CANAVERAL S A,SUPERTIENDAS CANAVERAL S A,UNKNOWN COUNTRY,Soy bean equivalents,520813.71,426.5028
2013,BOLIVIA,FRONTERA TAMBO QUEMADO,ADM SAO PERU,ADM SAO PERU,WIDEWORLD IMPORT Y EXPORT INC,WIDEWORLD IMPORT Y EXPORT INC,UNKNOWN COUNTRY,Soy bean equivalents,295932.24,234.0288
2014,BOLIVIA,FRONTERA TAMBO QUEMADO,EMPRESA DE TRANSFORMACION AGROINDU,EMPRESA DE TRANSFORMACION AGROINDU,ARICA TRADING SA,ARICA TRADING SA,UNKNOWN COUNTRY,Soy bean equivalents,325680,722.16
2014,BOLIVIA,FRONTERA TAMBO QUEMADO,EMPRESA DE TRANSFORMACION AGROINDU,EMPRESA DE TRANSFORMACION AGROINDU,BYS VEGETALES SPA,BYS VEGETALES SPA,UNKNOWN COUNTRY,Soy bean equivalents,199696,529.38
2014,BOLIVIA,FRONTERA TAMBO QUEMADO,EMPRESA DE TRANSFORMACION AGROINDU,EMPRESA DE TRANSFORMACION AGROINDU,INVERS E INMOV REAL CAPITAL LTDA,INVERS E INMOV REAL CAPITAL LTDA,UNKNOWN COUNTRY,Soy bean equivalents,342913,770.1
2013,BOLIVIA,FRONTERA TAMBO QUEMADO,EMPRESA DE TRANSFORMACION AGROINDU,EMPRESA DE TRANSFORMACION AGROINDU,JUAN CARLOS ARANIBAR CASTRO,JUAN CARLOS ARANIBAR CASTRO,UNKNOWN COUNTRY,Soy bean equivalents,43720,110.16
2013,BOLIVIA,FRONTERA TAMBO QUEMADO,EMPRESA DE TRANSFORMACION AGROINDU,EMPRESA DE TRANSFORMACION AGROINDU,SOC PROD Y DISTRIB SOPRODI S A,SOC PROD Y DISTRIB SOPRODI S A,UNKNOWN COUNTRY,Soy bean equivalents,151950,357
2014,BOLIVIA,FRONTERA TAMBO QUEMADO,EMPRESA DE TRANSFORMACION AGROINDU,EMPRESA DE TRANSFORMACION AGROINDU,SOC PROD Y DISTRIB SOPRODI S A,SOC PROD Y DISTRIB SOPRODI S A,UNKNOWN COUNTRY,Soy bean equivalents,31125,76.5
2014,BOLIVIA,FRONTERA TAMBO QUEMADO,ETASA,ETASA,AGROSERVICIOS REAL CAPITAL SPA,AGROSERVICIOS REAL CAPITAL SPA,UNKNOWN COUNTRY,Soy bean equivalents,514411.83,1412.7
2014,BOLIVIA,FRONTERA TAMBO QUEMADO,ETASA,ETASA,ARICA TRADING SA,ARICA TRADING SA,UNKNOWN COUNTRY,Soy bean equivalents,548642,1466.25
2014,BOLIVIA,FRONTERA TAMBO QUEMADO,ETASA,ETASA,BYS VEGETALES SPA,BYS VEGETALES SPA,UNKNOWN COUNTRY,Soy bean equivalents,18179,54.06
2014,BOLIVIA,FRONTERA TAMBO QUEMADO,ETASA,ETASA,COMERCIAL SAN FRANCISCO LTDA. - ME,COMERCIAL SAN FRANCISCO LTDA. - ME,UNKNOWN COUNTRY,Soy bean equivalents,110179.76,265.2
2014,BOLIVIA,FRONTERA TAMBO QUEMADO,ETASA,ETASA,INVERS E INMOV REAL CAPITAL LTDA,INVERS E INMOV REAL CAPITAL LTDA,UNKNOWN COUNTRY,Soy bean equivalents,79735,188.7
2013,BOLIVIA,FRONTERA TAMBO QUEMADO,GRAN ALIMENTO SRL,GRAN ALIMENTO SRL,AGRICOLA TARAPACA LTDA,AGRICOLA TARAPACA LTDA,UNKNOWN COUNTRY,Soy bean equivalents,645015.78,1271.7462
2014,BOLIVIA,FRONTERA TAMBO QUEMADO,GRAN ALIMENTO SRL,GRAN ALIMENTO SRL,AGRICOLA TARAPACA LTDA,AGRICOLA TARAPACA LTDA,UNKNOWN COUNTRY,Soy bean equivalents,795421.11,1504.5
2013,BOLIVIA,FRONTERA TAMBO QUEMADO,HUGO SPECHAR GONZALES,HUGO SPECHAR GONZALES,AGROGRAIN LTD,AGROGRAIN,UNKNOWN COUNTRY,Soy bean equivalents,1767150,4681.8
2014,BOLIVIA,FRONTERA TAMBO QUEMADO,HUGO SPECHAR GONZALES,HUGO SPECHAR GONZALES,AGROSERVICIOS REAL CAPITAL SPA,AGROSERVICIOS REAL CAPITAL SPA,UNKNOWN COUNTRY,Soy bean equivalents,192735,485.6155638
2013,BOLIVIA,FRONTERA TAMBO QUEMADO,HUGO SPECHAR GONZALES,HUGO SPECHAR GONZALES,ARICA TRADING SA,ARICA TRADING SA,UNKNOWN COUNTRY,Soy bean equivalents,4465401,11110.6195962
2014,BOLIVIA,FRONTERA TAMBO QUEMADO,HUGO SPECHAR GONZALES,HUGO SPECHAR GONZALES,ARICA TRADING SA,ARICA TRADING SA,UNKNOWN COUNTRY,Soy bean equivalents,4848331.92,10806.7281198
2013,BOLIVIA,FRONTERA TAMBO QUEMADO,HUGO SPECHAR GONZALES,HUGO SPECHAR GONZALES,BROOM PANAMA S A,BROOM PANAMA S A,UNKNOWN COUNTRY,Soy bean equivalents,331401,920.46891
2014,BOLIVIA,FRONTERA TAMBO QUEMADO,HUGO SPECHAR GONZALES,HUGO SPECHAR GONZALES,BROOM PANAMA S A,BROOM PANAMA S A,UNKNOWN COUNTRY,Soy bean equivalents,4703531.5,11016.9578004
2013,BOLIVIA,FRONTERA TAMBO QUEMADO,HUGO SPECHAR GONZALES,HUGO SPECHAR GONZALES,BYS VEGETALES SPA,BYS VEGETALES SPA,UNKNOWN COUNTRY,Soy bean equivalents,8228248.5,20032.4060046
2014,BOLIVIA,FRONTERA TAMBO QUEMADO,HUGO SPECHAR GONZALES,HUGO SPECHAR GONZALES,BYS VEGETALES SPA,BYS VEGETALES SPA,UNKNOWN COUNTRY,Soy bean equivalents,9744641,23135.924172
2014,BOLIVIA,FRONTERA TAMBO QUEMADO,HUGO SPECHAR GONZALES,HUGO SPECHAR GONZALES,CANUELAS CHILE SPA,CANUELAS CHILE SPA,UNKNOWN COUNTRY,Soy bean equivalents,209790,527.356116
2014,BOLIVIA,FRONTERA TAMBO QUEMADO,HUGO SPECHAR GONZALES,HUGO SPECHAR GONZALES,CONTILATIN DEL PERU SA,CONTILATIN DEL PERU SA,CAMEROON,Soy bean equivalents,481000,1224
2013,BOLIVIA,FRONTERA TAMBO QUEMADO,HUGO SPECHAR GONZALES,HUGO SPECHAR GONZALES,DISTRIB NACIONAL DE CARNES DINACAR,DISTRIB NACIONAL DE CARNES DINACAR,UNKNOWN COUNTRY,Soy bean equivalents,374228,1001.773008
2014,BOLIVIA,FRONTERA TAMBO QUEMADO,HUGO SPECHAR GONZALES,HUGO SPECHAR GONZALES,DISTRIB NACIONAL DE CARNES DINACAR,DISTRIB NACIONAL DE CARNES DINACAR,UNKNOWN COUNTRY,Soy bean equivalents,445361,1017.5529894
2013,BOLIVIA,FRONTERA TAMBO QUEMADO,HUGO SPECHAR GONZALES,HUGO SPECHAR GONZALES,GRANELES DE CHILE,GRANELES DE CHILE,UNKNOWN COUNTRY,Soy bean equivalents,198500,509.0309898
2014,BOLIVIA,FRONTERA TAMBO QUEMADO,HUGO SPECHAR GONZALES,HUGO SPECHAR GONZALES,INVERSIONES E INMOBILIARIAS REAL CA,INVERSIONES E INMOBILIARIAS REAL CA,UNKNOWN COUNTRY,Soy bean equivalents,619306.5,1431.9041928
2014,BOLIVIA,FRONTERA TAMBO QUEMADO,HUGO SPECHAR GONZALES,HUGO SPECHAR GONZALES,KABSA SA,KABSA SA,UNKNOWN COUNTRY,Soy bean equivalents,138868,303.3824862
2013,BOLIVIA,FRONTERA TAMBO QUEMADO,INDUSTRIAS DE ACEITE S A,INDUSTRIAS DE ACEITE S A,ALICORP S A A,ALICORP S A A,CAMEROON,Soy bean equivalents,11244329.56,23824.59186
2014,BOLIVIA,FRONTERA TAMBO QUEMADO,INDUSTRIAS DE ACEITE S A,INDUSTRIAS DE ACEITE S A,ALICORP S A A,ALICORP S A A,CAMEROON,Soy bean equivalents,11650037.44,22829.9256
2014,BOLIVIA,FRONTERA TAMBO QUEMADO,INDUSTRIAS DE ACEITE S A,INDUSTRIAS DE ACEITE S A,COLCUN S A,COLCUN S A,CAMEROON,Soy bean equivalents,4325588.84,9970.84884
2013,BOLIVIA,FRONTERA TAMBO QUEMADO,INDUSTRIAS DE ACEITE S A,INDUSTRIAS DE ACEITE S A,INBALNOR SA,INBALNOR SA,UNKNOWN COUNTRY,Soy bean equivalents,1956731.39,4038.36054
2014,BOLIVIA,FRONTERA TAMBO QUEMADO,INDUSTRIAS DE ACEITE S A,INDUSTRIAS DE ACEITE S A,INBALNOR SA,INBALNOR SA,UNKNOWN COUNTRY,Soy bean equivalents,2112240.01,4080
2013,BOLIVIA,FRONTERA TAMBO QUEMADO,INDUSTRIAS DE ACEITE S A,INDUSTRIAS DE ACEITE S A,MESEROLE CORPORATION,MESEROLE CORPORATION,CAMEROON,Soy bean equivalents,537977.21,991.1952
2013,BOLIVIA,FRONTERA TAMBO QUEMADO,INDUSTRIAS DE ACEITE S A,INDUSTRIAS DE ACEITE S A,MESEROLE CORPORATION,MESEROLE CORPORATION,CUBA,Soy bean equivalents,1827422.88,3647.6934
2013,BOLIVIA,FRONTERA TAMBO QUEMADO,INDUSTRIAS DE ACEITE S A,INDUSTRIAS DE ACEITE S A,PIERRE MICHEL VINCENT,PIERRE MICHEL VINCENT,UNKNOWN COUNTRY,Soy bean equivalents,25206629.41,51996.4074
2014,BOLIVIA,FRONTERA TAMBO QUEMADO,INDUSTRIAS DE ACEITE S A,INDUSTRIAS DE ACEITE S A,PIERRE MICHEL VINCENT,PIERRE MICHEL VINCENT,UNKNOWN COUNTRY,Soy bean equivalents,16630000,33966
2013,BOLIVIA,FRONTERA TAMBO QUEMADO,INDUSTRIAS DE ACEITE S A,INDUSTRIAS DE ACEITE S A,ROMERO TRADING S A,ROMERO TRADING S A,CAMEROON,Soy bean equivalents,235887.67,485.0916
2014,BOLIVIA,FRONTERA TAMBO QUEMADO,INDUSTRIAS DE ACEITE S A,INDUSTRIAS DE ACEITE S A,ROMERO TRADING S A,ROMERO TRADING S A,CAMEROON,Soy bean equivalents,1352468.45,3014.40396
2014,BOLIVIA,FRONTERA TAMBO QUEMADO,INDUSTRIAS DE ACEITE S A,INDUSTRIAS DE ACEITE S A,VITAPRO SA,VITAPRO SA,CAMEROON,Soy bean equivalents,1772112.26,4011.1602
2013,BOLIVIA,FRONTERA TAMBO QUEMADO,INDUSTRIAS OLEAGINOSAS S A,INDUSTRIAS OLEAGINOSAS S A,AGRICOLA TARAPACA LTDA,AGRICOLA TARAPACA LTDA,UNKNOWN COUNTRY,Soy bean equivalents,699169.36,1522.2582
2014,BOLIVIA,FRONTERA TAMBO QUEMADO,INDUSTRIAS OLEAGINOSAS S A,INDUSTRIAS OLEAGINOSAS S A,AGRICOLA TARAPACA LTDA,AGRICOLA TARAPACA LTDA,UNKNOWN COUNTRY,Soy bean equivalents,414167.87,822.3852
2014,BOLIVIA,FRONTERA TAMBO QUEMADO,INDUSTRIAS OLEAGINOSAS S A,INDUSTRIAS OLEAGINOSAS S A,AGRO FARM MANAGEMENT CORP,AGRO FARM MANAGEMENT CORP,UNKNOWN COUNTRY,Soy bean equivalents,1609324.7,3688.7892
2013,BOLIVIA,FRONTERA TAMBO QUEMADO,INDUSTRIAS OLEAGINOSAS S A,INDUSTRIAS OLEAGINOSAS S A,RADSIL CORP,RADSIL CORP,UNKNOWN COUNTRY,Soy bean equivalents,40147385.94,108787.886208
2014,BOLIVIA,FRONTERA TAMBO QUEMADO,INDUSTRIAS OLEAGINOSAS S A,INDUSTRIAS OLEAGINOSAS S A,RADSIL CORP,RADSIL CORP,UNKNOWN COUNTRY,Soy bean equivalents,13778298.8,35856.4884
2014,BOLIVIA,FRONTERA TAMBO QUEMADO,ITIKA S A,ITIKA S A,COFRUTT SAS,COFRUTT SAS,UNKNOWN COUNTRY,Soy bean equivalents,188034,246.84
2013,BOLIVIA,FRONTERA VILLAMONTES,ITIKA S A,ITIKA S A,COOPERATIVA CHORTITZER,COOPERATIVA CHORTITZER,UNKNOWN COUNTRY,Soy bean equivalents,400000,1020
2014,BOLIVIA,FRONTERA VILLAMONTES,ITIKA S A,ITIKA S A,COOPERATIVA CHORTITZER,COOPERATIVA CHORTITZER,UNKNOWN COUNTRY,Soy bean equivalents,1430520,3264
2013,BOLIVIA,FRONTERA YACUIBA,ADM SAO PERU,ADM SAO PERU,ADM CHILE COMERCIAL LTDA,ADM CHILE COMERCIAL LTDA,UNKNOWN COUNTRY,Soy bean equivalents,685449.31,1693.37646
2014,BOLIVIA,FRONTERA YACUIBA,ADM SAO PERU,ADM SAO PERU,ADM CHILE COMERCIAL LTDA,ADM CHILE COMERCIAL LTDA,UNKNOWN COUNTRY,Soy bean equivalents,2491245.7,5760.8478
2014,BOLIVIA,FRONTERA YACUIBA,ADM SAO PERU,ADM SAO PERU,AGROGRAIN LTD SUCURSAL URUGUAY,AGROGRAIN,UNKNOWN COUNTRY,Soy bean equivalents,2930.65,3.6822
2013,BOLIVIA,FRONTERA YACUIBA,ADM SAO PERU,ADM SAO PERU,BYS VEGETALES SPA,BYS VEGETALES SPA,UNKNOWN COUNTRY,Soy bean equivalents,659942.1,1450.73478
2013,BOLIVIA,FRONTERA YACUIBA,EMPRESA DE TRANSFORMACION AGROINDU,EMPRESA DE TRANSFORMACION AGROINDU,BYS VEGETALES SPA,BYS VEGETALES SPA,UNKNOWN COUNTRY,Soy bean equivalents,123775,279.99
2014,BOLIVIA,FRONTERA YACUIBA,EMPRESA DE TRANSFORMACION AGROINDU,EMPRESA DE TRANSFORMACION AGROINDU,BYS VEGETALES SPA,BYS VEGETALES SPA,UNKNOWN COUNTRY,Soy bean equivalents,23865,56.61
2013,BOLIVIA,FRONTERA YACUIBA,EMPRESA DE TRANSFORMACION AGROINDU,EMPRESA DE TRANSFORMACION AGROINDU,COMERCIAL SAN FRANCISCO LTDA. - ME,COMERCIAL SAN FRANCISCO LTDA. - ME,UNKNOWN COUNTRY,Soy bean equivalents,278807.5,682.89
2014,BOLIVIA,FRONTERA YACUIBA,EMPRESA DE TRANSFORMACION AGROINDU,EMPRESA DE TRANSFORMACION AGROINDU,COMERCIAL SAN FRANCISCO LTDA. - ME,COMERCIAL SAN FRANCISCO LTDA. - ME,UNKNOWN COUNTRY,Soy bean equivalents,378681.81,882.3
2013,BOLIVIA,FRONTERA YACUIBA,EMPRESA DE TRANSFORMACION AGROINDU,EMPRESA DE TRANSFORMACION AGROINDU,INVERS E INMOV REAL CAPITAL LTDA,INVERS E INMOV REAL CAPITAL LTDA,UNKNOWN COUNTRY,Soy bean equivalents,146971.5,368.22
2014,BOLIVIA,FRONTERA YACUIBA,EMPRESA DE TRANSFORMACION AGROINDU,EMPRESA DE TRANSFORMACION AGROINDU,INVERS E INMOV REAL CAPITAL LTDA,INVERS E INMOV REAL CAPITAL LTDA,UNKNOWN COUNTRY,Soy bean equivalents,308530.45,743.07
2013,BOLIVIA,FRONTERA YACUIBA,EMPRESA DE TRANSFORMACION AGROINDU,EMPRESA DE TRANSFORMACION AGROINDU,SOC PROD Y DISTRIB SOPRODI S A,SOC PROD Y DISTRIB SOPRODI S A,UNKNOWN COUNTRY,Soy bean equivalents,250897.5,631.89
2014,BOLIVIA,FRONTERA YACUIBA,EMPRESA DE TRANSFORMACION AGROINDU,EMPRESA DE TRANSFORMACION AGROINDU,SOC PROD Y DISTRIB SOPRODI S A,SOC PROD Y DISTRIB SOPRODI S A,UNKNOWN COUNTRY,Soy bean equivalents,515713.48,1223.49
2014,BOLIVIA,FRONTERA YACUIBA,ETASA,ETASA,COMERCIAL SAN FRANCISCO LTDA. - ME,COMERCIAL SAN FRANCISCO LTDA. - ME,UNKNOWN COUNTRY,Soy bean equivalents,198576.73,545.7
2013,BOLIVIA,FRONTERA YACUIBA,HUGO SPECHAR GONZALES,HUGO SPECHAR GONZALES,BYS VEGETALES SPA,BYS VEGETALES SPA,UNKNOWN COUNTRY,Soy bean equivalents,740120,2211.7396848
2014,BOLIVIA,FRONTERA YACUIBA,HUGO SPECHAR GONZALES,HUGO SPECHAR GONZALES,BYS VEGETALES SPA,BYS VEGETALES SPA,UNKNOWN COUNTRY,Soy bean equivalents,1902326.5,4875.5081388
2014,BOLIVIA,FRONTERA YACUIBA,HUGO SPECHAR GONZALES,HUGO SPECHAR GONZALES,CONTRERAS Y SANCHEZ LTDA,CONTRERAS Y SANCHEZ LTDA,UNKNOWN COUNTRY,Soy bean equivalents,93094,226.009764
2014,BOLIVIA,FRONTERA YACUIBA,HUGO SPECHAR GONZALES,HUGO SPECHAR GONZALES,INVERSIONES E INMOBILIARIAS REAL CA,INVERSIONES E INMOBILIARIAS REAL CA,UNKNOWN COUNTRY,Soy bean equivalents,101709,256.551624
2013,BOLIVIA,FRONTERA YACUIBA,INDUSTRIAS OLEAGINOSAS S A,INDUSTRIAS OLEAGINOSAS S A,AGRICOLA TARAPACA LTDA,AGRICOLA TARAPACA LTDA,UNKNOWN COUNTRY,Soy bean equivalents,237985.92,512.3562
2014,BOLIVIA,FRONTERA YACUIBA,INDUSTRIAS OLEAGINOSAS S A,INDUSTRIAS OLEAGINOSAS S A,AGRICOLA TARAPACA LTDA,AGRICOLA TARAPACA LTDA,UNKNOWN COUNTRY,Soy bean equivalents,1075549.35,2273.5698
2013,BOLIVIA,FRONTERA YACUIBA,INDUSTRIAS OLEAGINOSAS S A,INDUSTRIAS OLEAGINOSAS S A,CHAMPION S A,CHAMPION S A,UNKNOWN COUNTRY,Soy bean equivalents,981317.38,2172.2124
2014,BOLIVIA,FRONTERA YACUIBA,INDUSTRIAS OLEAGINOSAS S A,INDUSTRIAS OLEAGINOSAS S A,CHAMPION S A,CHAMPION S A,UNKNOWN COUNTRY,Soy bean equivalents,233958.22,499.7796
2013,BOLIVIA,FRONTERA YACUIBA,INDUSTRIAS OLEAGINOSAS S A,INDUSTRIAS OLEAGINOSAS S A,RADSIL CORP,RADSIL CORP,UNKNOWN COUNTRY,Soy bean equivalents,19968910.53,24267.1566
2014,BOLIVIA,FRONTERA YACUIBA,INDUSTRIAS OLEAGINOSAS S A,INDUSTRIAS OLEAGINOSAS S A,RADSIL CORP,RADSIL CORP,UNKNOWN COUNTRY,Soy bean equivalents,1725782.96,2208.4326
2013,BOLIVIA,FRONTERA YACUIBA,ITIKA S A,ITIKA S A,AGROANDINA S A,AGROANDINA S A,UNKNOWN COUNTRY,Soy bean equivalents,2304193.71,5384.529
2014,BOLIVIA,FRONTERA YACUIBA,ITIKA S A,ITIKA S A,AGROANDINA S A,AGROANDINA S A,UNKNOWN COUNTRY,Soy bean equivalents,283800,603.636
2014,BOLIVIA,FRONTERA YACUIBA,ITIKA S A,ITIKA S A,AGROSERVICIOS REAL CAPITAL SPA,AGROSERVICIOS REAL CAPITAL SPA,UNKNOWN COUNTRY,Soy bean equivalents,119000,285.6
2013,BOLIVIA,FRONTERA YACUIBA,ITIKA S A,ITIKA S A,COMERCIAL SAN FRANCISCO LTDA. - ME,COMERCIAL SAN FRANCISCO LTDA. - ME,UNKNOWN COUNTRY,Soy bean equivalents,950959.12,2197.08
2014,BOLIVIA,FRONTERA YACUIBA,ITIKA S A,ITIKA S A,COMERCIAL SAN FRANCISCO LTDA. - ME,COMERCIAL SAN FRANCISCO LTDA. - ME,UNKNOWN COUNTRY,Soy bean equivalents,129500.4,283.56
2013,BOLIVIA,FRONTERA YACUIBA,ITIKA S A,ITIKA S A,KABSA SA,KABSA SA,UNKNOWN COUNTRY,Soy bean equivalents,99659.8,227.97
2014,BOLIVIA,FRONTERA YACUIBA,ITIKA S A,ITIKA S A,KABSA SA,KABSA SA,UNKNOWN COUNTRY,Soy bean equivalents,104565.6,220.32
2013,BOLIVIA,FRONTERA YACUIBA,ITIKA S A,ITIKA S A,REAL CAPITAL LTDA,REAL CAPITAL LTDA,UNKNOWN COUNTRY,Soy bean equivalents,44220,112.2
2013,BOLIVIA,FRONTERA YACUIBA,SEMEXA S R L,SEMEXA S R L,AGRO TIUN SRL,AGRO TIUN SRL,UNKNOWN COUNTRY,Soy bean equivalents,8090,20.018
2013,BOLIVIA,FRONTERA YACUIBA,SEMILLAS DE ORO S R L,SEMILLAS DE ORO S R L,MY PLACE TASIMA CILIK SOYA YAGI ITH,MY PLACE TASIMA CILIK SOYA YAGI ITH,UNKNOWN COUNTRY,Soy bean equivalents,105680.5,100.7658
