YEAR,COUNTRY OF PRODUCTION,PORT OF EXPORT,EXPORTER,EXPORTER GROUP,IMPORTER,IMPORTER GROUP,COUNTRY,ECONOMIC BLOC,TYPE,FOB_USD,PALM_OIL_EQUIVALENT_TONNES
2016,BRAZIL,ALMEIRIM,COMPANHIA REFINADORA DA AMAZONIA,COMPANHIA REFINADORA DA AMAZONIA,UNKNOWN,UNKNOWN,ITALY,EUROPEAN UNION,Palm oil equivalents,65931,66.178947368421
2015,BRAZIL,ALMEIRIM,COMPANHIA REFINADORA DA AMAZONIA,COMPANHIA REFINADORA DA AMAZONIA,UNKNOWN,UNKNOWN,UNITED STATES,UNITED STATES,Palm oil equivalents,2085511,1279.23578947368
2016,BRAZIL,ALMEIRIM,COMPANHIA REFINADORA DA AMAZONIA,COMPANHIA REFINADORA DA AMAZONIA,UNKNOWN,UNKNOWN,UNITED STATES,UNITED STATES,Palm oil equivalents,1226659,827.651578947368
2016,BRAZIL,ALMEIRIM,EMBRAIMPEX EMPRESA BRASILEIRA DE IMPORTACOES E EXPORTACOES L,EMBRAIMPEX EMPRESA BRASILEIRA DE IMPORTACOES E EXPORTACOES L,UNKNOWN,UNKNOWN,FRENCH GUYANA,FRENCH GUYANA,Palm oil equivalents,348,0.168421052631579
2015,BRAZIL,ALMEIRIM,RRIST INDUSTRIA E COMERCIO LTDA,RRIST INDUSTRIA E COMERCIO LTDA,UNKNOWN,UNKNOWN,UNITED STATES,UNITED STATES,Palm oil equivalents,27578,25.6421052631579
2015,BRAZIL,BARCARENA,BIOPALMA DA AMAZONIA S.A. REFLORESTAMENTO INDUSTRIA E C,BIOPALMA DA AMAZONIA S.A. REFLORESTAMENTO INDUSTRIA E C,CARGIL AMERICAS TRADING INC,CARGIL AMERICAS TRADING INC,SPAIN,EUROPEAN UNION,Palm oil equivalents,7720707,13135.044
2015,BRAZIL,BARCARENA,BIOPALMA DA AMAZONIA S.A. REFLORESTAMENTO INDUSTRIA E C,BIOPALMA DA AMAZONIA S.A. REFLORESTAMENTO INDUSTRIA E C,CARGILL AMERICAS TRADING INC,CARGILL AMERICAS TRADING INC,MEXICO,MEXICO,Palm oil equivalents,4823136,8005.205
2015,BRAZIL,BARCARENA,BIOPALMA DA AMAZONIA S.A. REFLORESTAMENTO INDUSTRIA E C,BIOPALMA DA AMAZONIA S.A. REFLORESTAMENTO INDUSTRIA E C,"PASTERNAK, BAUM & CO. INC","PASTERNAK, BAUM & CO. INC",COLOMBIA,COLOMBIA,Palm oil equivalents,6574865,11392.15
2017,BRAZIL,BARCARENA,BIOPALMA DA AMAZONIA S.A. REFLORESTAMENTO INDUSTRIA E C,BIOPALMA DA AMAZONIA S.A. REFLORESTAMENTO INDUSTRIA E C,"PASTERNAK, BAUM & CO., INC.","PASTERNAK, BAUM & CO., INC.",COLOMBIA,COLOMBIA,Palm oil equivalents,13828067,22084.057
2017,BRAZIL,BARCARENA,BIOPALMA DA AMAZONIA S.A. REFLORESTAMENTO INDUSTRIA E C,BIOPALMA DA AMAZONIA S.A. REFLORESTAMENTO INDUSTRIA E C,PASTERNAK BAUM E CO. INC.,PASTERNAK BAUM E CO. INC.,COLOMBIA,COLOMBIA,Palm oil equivalents,5268966,9783.07
2015,BRAZIL,BARCARENA,BIOPALMA DA AMAZONIA S.A. REFLORESTAMENTO INDUSTRIA E C,BIOPALMA DA AMAZONIA S.A. REFLORESTAMENTO INDUSTRIA E C,THIN OIL PRODUCTSM LLC.,THIN OIL PRODUCTSM LLC.,MEXICO,MEXICO,Palm oil equivalents,3554172,6235.39
2016,BRAZIL,BARCARENA,COMPANHIA REFINADORA DA AMAZONIA,COMPANHIA REFINADORA DA AMAZONIA,CARE NATURKOSTHANDEL GMGH & CO,CARE NATURKOSTHANDEL GMGH & CO,NETHERLANDS,EUROPEAN UNION,Palm oil equivalents,194773,167.28
2015,BRAZIL,BARCARENA,COMPANHIA REFINADORA DA AMAZONIA,COMPANHIA REFINADORA DA AMAZONIA,CIRANDA INC,CIRANDA INC,UNITED STATES,UNITED STATES,Palm oil equivalents,6343,3.6
2016,BRAZIL,BARCARENA,COMPANHIA REFINADORA DA AMAZONIA,COMPANHIA REFINADORA DA AMAZONIA,CIRANDA INC,CIRANDA INC,UNITED STATES,UNITED STATES,Palm oil equivalents,13162,7.2
2017,BRAZIL,BARCARENA,COMPANHIA REFINADORA DA AMAZONIA,COMPANHIA REFINADORA DA AMAZONIA,CIRANDA INC,CIRANDA INC,UNITED STATES,UNITED STATES,Palm oil equivalents,16452,9
2017,BRAZIL,BELEM,AGROPALMA S/A,AGROPALMA S/A,PASTERNAK BAUM & CO INC,PASTERNAK BAUM & CO INC,GERMANY,EUROPEAN UNION,Palm oil equivalents,5203649,7974.941
2017,BRAZIL,BELEM,AGROPALMA S/A,AGROPALMA S/A,WILMAR EUROPE TRADING B.V,WILMAR EUROPE TRADING B.V,GERMANY,EUROPEAN UNION,Palm oil equivalents,10190214,13966.028
2016,BRAZIL,BELEM,BIOPALMA DA AMAZONIA S.A. REFLORESTAMENTO INDUSTRIA E C,BIOPALMA DA AMAZONIA S.A. REFLORESTAMENTO INDUSTRIA E C,CARGILL AMERICAS TRADING INC.,CARGILL AMERICAS TRADING INC.,BELGIUM,EUROPEAN UNION,Palm oil equivalents,3526698,7053.395
2015,BRAZIL,BELEM,BIOPALMA DA AMAZONIA S.A. REFLORESTAMENTO INDUSTRIA E C,BIOPALMA DA AMAZONIA S.A. REFLORESTAMENTO INDUSTRIA E C,"PASTERNAK, BAUM & CO., INC.","PASTERNAK, BAUM & CO., INC.",COLOMBIA,COLOMBIA,Palm oil equivalents,2731550,6003.406
2015,BRAZIL,BELEM,BIOPALMA DA AMAZONIA S.A. REFLORESTAMENTO INDUSTRIA E C,BIOPALMA DA AMAZONIA S.A. REFLORESTAMENTO INDUSTRIA E C,PASTERNAK BAUM E CO. INC.,PASTERNAK BAUM E CO. INC.,COLOMBIA,COLOMBIA,Palm oil equivalents,2685194,6712.985
2017,BRAZIL,BELEM,BIOPALMA DA AMAZONIA S.A. REFLORESTAMENTO INDUSTRIA E C,BIOPALMA DA AMAZONIA S.A. REFLORESTAMENTO INDUSTRIA E C,PASTERNAK BAUM E CO. INC.,PASTERNAK BAUM E CO. INC.,COLOMBIA,COLOMBIA,Palm oil equivalents,8463008,13823.262
2017,BRAZIL,BELEM,BIOPALMA DA AMAZONIA S.A. REFLORESTAMENTO INDUSTRIA E C,BIOPALMA DA AMAZONIA S.A. REFLORESTAMENTO INDUSTRIA E C,PASTERNAK BAUM E CO. INC.,PASTERNAK BAUM E CO. INC.,MEXICO,MEXICO,Palm oil equivalents,4200033,6051.921
2017,BRAZIL,BELEM,BIOPALMA DA AMAZONIA S.A. REFLORESTAMENTO INDUSTRIA E C,BIOPALMA DA AMAZONIA S.A. REFLORESTAMENTO INDUSTRIA E C,PASTERNAK BAUM E CO. INC.,PASTERNAK BAUM E CO. INC.,UNITED STATES,UNITED STATES,Palm oil equivalents,2765324,4982.565
2017,BRAZIL,BELEM,BIOPALMA DA AMAZONIA S.A. REFLORESTAMENTO INDUSTRIA E C,BIOPALMA DA AMAZONIA S.A. REFLORESTAMENTO INDUSTRIA E C,THIN OIL PRODUCTS LLC,THIN OIL PRODUCTS LLC,COLOMBIA,COLOMBIA,Palm oil equivalents,5097290,7841.985
2016,BRAZIL,BELEM,BIOPALMA DA AMAZONIA S.A. REFLORESTAMENTO INDUSTRIA E C,BIOPALMA DA AMAZONIA S.A. REFLORESTAMENTO INDUSTRIA E C,"THIN OIL PRODUCTS, LLC.","THIN OIL PRODUCTS, LLC.",MEXICO,MEXICO,Palm oil equivalents,4124576,6110.483
2015,BRAZIL,BELEM,COMPANHIA REFINADORA DA AMAZONIA,COMPANHIA REFINADORA DA AMAZONIA,CARE NATURKOSTHANDEL GMGH & CO,CARE NATURKOSTHANDEL GMGH & CO,NETHERLANDS,EUROPEAN UNION,Palm oil equivalents,4047409,3607.343
2016,BRAZIL,BELEM,COMPANHIA REFINADORA DA AMAZONIA,COMPANHIA REFINADORA DA AMAZONIA,CARE NATURKOSTHANDEL GMGH & CO,CARE NATURKOSTHANDEL GMGH & CO,NETHERLANDS,EUROPEAN UNION,Palm oil equivalents,2879679,2490.821
2017,BRAZIL,BELEM,COMPANHIA REFINADORA DA AMAZONIA,COMPANHIA REFINADORA DA AMAZONIA,CARE NATURKOSTHANDEL GMGH & CO,CARE NATURKOSTHANDEL GMGH & CO,NETHERLANDS,EUROPEAN UNION,Palm oil equivalents,2279198,2011.919
2015,BRAZIL,BELEM,COMPANHIA REFINADORA DA AMAZONIA,COMPANHIA REFINADORA DA AMAZONIA,NUTRISWISSG AG,NUTRISWISSG AG,NETHERLANDS,EUROPEAN UNION,Palm oil equivalents,344533,274.01
2016,BRAZIL,BELEM,COMPANHIA REFINADORA DA AMAZONIA,COMPANHIA REFINADORA DA AMAZONIA,"PASTERNAK, BAUM AND CO, INC.","PASTERNAK, BAUM AND CO, INC.",GERMANY,EUROPEAN UNION,Palm oil equivalents,5106236,9497.997
2015,BRAZIL,BELEM,COMPANHIA REFINADORA DA AMAZONIA,COMPANHIA REFINADORA DA AMAZONIA,UNKNOWN,UNKNOWN,ITALY,EUROPEAN UNION,Palm oil equivalents,43850,44.0105263157895
2016,BRAZIL,BELEM,COMPANHIA REFINADORA DA AMAZONIA,COMPANHIA REFINADORA DA AMAZONIA,UNKNOWN,UNKNOWN,ITALY,EUROPEAN UNION,Palm oil equivalents,19620,21.9894736842105
2015,BRAZIL,BELEM,COMPANHIA REFINADORA DA AMAZONIA,COMPANHIA REFINADORA DA AMAZONIA,UNKNOWN,UNKNOWN,NETHERLANDS,EUROPEAN UNION,Palm oil equivalents,563873,259.852631578947
2015,BRAZIL,BELEM,COMPANHIA REFINADORA DA AMAZONIA,COMPANHIA REFINADORA DA AMAZONIA,WILMAR EUROPE TRADING B.V,WILMAR EUROPE TRADING B.V,GERMANY,EUROPEAN UNION,Palm oil equivalents,33338033,53746.826
2016,BRAZIL,BELEM,COMPANHIA REFINADORA DA AMAZONIA,COMPANHIA REFINADORA DA AMAZONIA,WILMAR EUROPE TRADING B.V,WILMAR EUROPE TRADING B.V,GERMANY,EUROPEAN UNION,Palm oil equivalents,5507746,7515.106
2015,BRAZIL,BELEM,COMPANHIA REFINADORA DA AMAZONIA,COMPANHIA REFINADORA DA AMAZONIA,WILMAR EUROPE TRADING B.V,WILMAR EUROPE TRADING B.V,NETHERLANDS,EUROPEAN UNION,Palm oil equivalents,11844291,21017.579
2016,BRAZIL,BELEM,COMPANHIA REFINADORA DA AMAZONIA,COMPANHIA REFINADORA DA AMAZONIA,WILMAR EUROPE TRADING B.V,WILMAR EUROPE TRADING B.V,NETHERLANDS,EUROPEAN UNION,Palm oil equivalents,7894007,12433.092
2017,BRAZIL,CORUMBA,ATACADO FERNANDES DE GENEROS ALIMENTICIOS IMPORTADORA E EXP,ATACADO FERNANDES DE GENEROS ALIMENTICIOS IMPORTADORA E EXP,UNKNOWN,UNKNOWN,BOLIVIA,BOLIVIA,Palm oil equivalents,782,0.164210526315789
2015,BRAZIL,CORUMBA,"EXPORTRADE EXPORTACAO, IMPORTACAO E REPRESENTACOES LTDA","EXPORTRADE EXPORTACAO, IMPORTACAO E REPRESENTACOES LTDA",UNKNOWN,UNKNOWN,BOLIVIA,BOLIVIA,Palm oil equivalents,1115,0.252631578947368
2016,BRAZIL,CORUMBA,"EXPORTRADE EXPORTACAO, IMPORTACAO E REPRESENTACOES LTDA","EXPORTRADE EXPORTACAO, IMPORTACAO E REPRESENTACOES LTDA",UNKNOWN,UNKNOWN,BOLIVIA,BOLIVIA,Palm oil equivalents,974,0.253684210526316
2017,BRAZIL,CORUMBA,"EXPORTRADE EXPORTACAO, IMPORTACAO E REPRESENTACOES LTDA","EXPORTRADE EXPORTACAO, IMPORTACAO E REPRESENTACOES LTDA",UNKNOWN,UNKNOWN,BOLIVIA,BOLIVIA,Palm oil equivalents,1857,0.403157894736842
2016,BRAZIL,CORUMBA,IND E COM DE PROD ALIM CEPERA LTDA,IND E COM DE PROD ALIM CEPERA LTDA,UNKNOWN,UNKNOWN,BOLIVIA,BOLIVIA,Palm oil equivalents,1610,0.591578947368421
2017,BRAZIL,CORUMBA,IND E COM DE PROD ALIM CEPERA LTDA,IND E COM DE PROD ALIM CEPERA LTDA,UNKNOWN,UNKNOWN,BOLIVIA,BOLIVIA,Palm oil equivalents,1461,0.542105263157895
2016,BRAZIL,FOZ DO IGUACU,IND E COM DE PROD ALIM CEPERA LTDA,IND E COM DE PROD ALIM CEPERA LTDA,UNKNOWN,UNKNOWN,PARAGUAY,PARAGUAY,Palm oil equivalents,1016,0.256842105263158
2017,BRAZIL,FOZ DO IGUACU,IND E COM DE PROD ALIM CEPERA LTDA,IND E COM DE PROD ALIM CEPERA LTDA,UNKNOWN,UNKNOWN,PARAGUAY,PARAGUAY,Palm oil equivalents,4865,1.71368421052632
2015,BRAZIL,FOZ DO IGUACU,TIREX COMERCIO E LOGISTICA LTDA,TIREX COMERCIO E LOGISTICA LTDA,UNKNOWN,UNKNOWN,PARAGUAY,PARAGUAY,Palm oil equivalents,429,0.248421052631579
2016,BRAZIL,FOZ DO IGUACU,TIREX COMERCIO E LOGISTICA LTDA,TIREX COMERCIO E LOGISTICA LTDA,UNKNOWN,UNKNOWN,PARAGUAY,PARAGUAY,Palm oil equivalents,36,0.0284210526315789
2015,BRAZIL,GUAJARA-MIRIM,COIMBRA IMPORTACAO E EXPORTACAO,COIMBRA IMPORTACAO E EXPORTACAO,UNKNOWN,UNKNOWN,BOLIVIA,BOLIVIA,Palm oil equivalents,181,0.0568421052631579
2016,BRAZIL,GUAJARA-MIRIM,COIMBRA IMPORTACAO E EXPORTACAO,COIMBRA IMPORTACAO E EXPORTACAO,UNKNOWN,UNKNOWN,BOLIVIA,BOLIVIA,Palm oil equivalents,371,0.108421052631579
2017,BRAZIL,GUAJARA-MIRIM,COIMBRA IMPORTACAO E EXPORTACAO,COIMBRA IMPORTACAO E EXPORTACAO,UNKNOWN,UNKNOWN,BOLIVIA,BOLIVIA,Palm oil equivalents,259,0.0631578947368421
2015,BRAZIL,GUAJARA-MIRIM,M S COMERCIAL IMPORTADORA E EXPORTADORA DE ALIMENTOS,M S COMERCIAL IMPORTADORA E EXPORTADORA DE ALIMENTOS,UNKNOWN,UNKNOWN,BOLIVIA,BOLIVIA,Palm oil equivalents,41,0.00736842105263158
2016,BRAZIL,GUAJARA-MIRIM,M S COMERCIAL IMPORTADORA E EXPORTADORA DE ALIMENTOS,M S COMERCIAL IMPORTADORA E EXPORTADORA DE ALIMENTOS,UNKNOWN,UNKNOWN,BOLIVIA,BOLIVIA,Palm oil equivalents,21,0.00210526315789474
2016,BRAZIL,ITAJAI,BARTH E PENEDO COMERCIO EXTERIOR LTDA - EPP,BARTH E PENEDO COMERCIO EXTERIOR LTDA - EPP,UNKNOWN,UNKNOWN,NEW ZEALAND,NEW ZEALAND,Palm oil equivalents,308,0.1
2017,BRAZIL,ITAJAI,BARTH E PENEDO COMERCIO EXTERIOR LTDA - EPP,BARTH E PENEDO COMERCIO EXTERIOR LTDA - EPP,UNKNOWN,UNKNOWN,NEW ZEALAND,NEW ZEALAND,Palm oil equivalents,1493,0.457894736842105
2017,BRAZIL,ITAJAI,MAIPUR IMPORT EXPORT COMERCIO LTDA - EPP,MAIPUR IMPORT EXPORT COMERCIO LTDA - EPP,"PEDAGOS DO BRASIL, COMERCIO DE PRODUTOS UNIPESSOAL, LDA","PEDAGOS DO BRASIL, COMERCIO DE PRODUTOS UNIPESSOAL, LDA",PORTUGAL,EUROPEAN UNION,Palm oil equivalents,1434,0.24
2017,BRAZIL,PECEM,COMPANHIA REFINADORA DA AMAZONIA,COMPANHIA REFINADORA DA AMAZONIA,UNKNOWN,UNKNOWN,UNITED STATES,UNITED STATES,Palm oil equivalents,326316,229.187368421053
2016,BRAZIL,PONTA PORA,ARM IMPORTADORA E EXPORTADORA EIRELI,ARM IMPORTADORA E EXPORTADORA EIRELI,UNKNOWN,UNKNOWN,PARAGUAY,PARAGUAY,Palm oil equivalents,997,0.114736842105263
2017,BRAZIL,PONTA PORA,ARM IMPORTADORA E EXPORTADORA EIRELI,ARM IMPORTADORA E EXPORTADORA EIRELI,UNKNOWN,UNKNOWN,PARAGUAY,PARAGUAY,Palm oil equivalents,423,0.0336842105263158
2015,BRAZIL,PONTA PORA,EXPORTADORA E IMPORTADORA RIO BRANCO LTDA EPP,EXPORTADORA E IMPORTADORA RIO BRANCO LTDA EPP,UNKNOWN,UNKNOWN,PARAGUAY,PARAGUAY,Palm oil equivalents,370,0.0757894736842105
2017,BRAZIL,PONTA PORA,EXPORTADORA E IMPORTADORA RIO BRANCO LTDA EPP,EXPORTADORA E IMPORTADORA RIO BRANCO LTDA EPP,UNKNOWN,UNKNOWN,PARAGUAY,PARAGUAY,Palm oil equivalents,171,0.0252631578947368
2017,BRAZIL,RECIFE,ETTICA COMERCIO IMPORTACAO E EXPORTACAO LTDA - EPP,ETTICA COMERCIO IMPORTACAO E EXPORTACAO LTDA - EPP,UNKNOWN,UNKNOWN,BELGIUM,EUROPEAN UNION,Palm oil equivalents,593,0.101052631578947
2015,BRAZIL,RECIFE,ETTICA COMERCIO IMPORTACAO E EXPORTACAO LTDA - EPP,ETTICA COMERCIO IMPORTACAO E EXPORTACAO LTDA - EPP,UNKNOWN,UNKNOWN,NETHERLANDS,EUROPEAN UNION,Palm oil equivalents,5609,1.06105263157895
2016,BRAZIL,RECIFE,ETTICA COMERCIO IMPORTACAO E EXPORTACAO LTDA - EPP,ETTICA COMERCIO IMPORTACAO E EXPORTACAO LTDA - EPP,UNKNOWN,UNKNOWN,NETHERLANDS,EUROPEAN UNION,Palm oil equivalents,7955,1.66736842105263
2017,BRAZIL,RECIFE,ETTICA COMERCIO IMPORTACAO E EXPORTACAO LTDA - EPP,ETTICA COMERCIO IMPORTACAO E EXPORTACAO LTDA - EPP,UNKNOWN,UNKNOWN,NETHERLANDS,EUROPEAN UNION,Palm oil equivalents,10403,2.07157894736842
2015,BRAZIL,RIO DE JANEIRO,DISTRIBUIDORA INTERNACIONAL DE PRODUTOS BRASILEIROS EIRELI,DISTRIBUIDORA INTERNACIONAL DE PRODUTOS BRASILEIROS EIRELI,UNKNOWN,UNKNOWN,UNITED STATES,UNITED STATES,Palm oil equivalents,140,0.0178947368421053
2015,BRAZIL,RIO DE JANEIRO,EFX IMPORTACAO E EXPORTACAO LTDA,EFX IMPORTACAO E EXPORTACAO LTDA,UNKNOWN,UNKNOWN,UNITED STATES,UNITED STATES,Palm oil equivalents,1225,0.226315789473684
2016,BRAZIL,RIO DE JANEIRO,EFX IMPORTACAO E EXPORTACAO LTDA,EFX IMPORTACAO E EXPORTACAO LTDA,UNKNOWN,UNKNOWN,UNITED STATES,UNITED STATES,Palm oil equivalents,3306,0.649473684210526
2017,BRAZIL,RIO DE JANEIRO,EFX IMPORTACAO E EXPORTACAO LTDA,EFX IMPORTACAO E EXPORTACAO LTDA,UNKNOWN,UNKNOWN,UNITED STATES,UNITED STATES,Palm oil equivalents,9341,1.52736842105263
2015,BRAZIL,RIO DE JANEIRO,NIGATA COMERCIO INTERNACIONAL LTDA,NIGATA COMERCIO INTERNACIONAL LTDA,UNKNOWN,UNKNOWN,ANGOLA,ANGOLA,Palm oil equivalents,594,0.261052631578947
2016,BRAZIL,RIO DE JANEIRO,TRADEBRAS COMERCIO IMPORTACAO E EXPORTACAO,TRADEBRAS COMERCIO IMPORTACAO E EXPORTACAO,UNKNOWN,UNKNOWN,PORTUGAL,EUROPEAN UNION,Palm oil equivalents,923,0.113684210526316
2017,BRAZIL,RIO DE JANEIRO,TRADEBRAS COMERCIO IMPORTACAO E EXPORTACAO,TRADEBRAS COMERCIO IMPORTACAO E EXPORTACAO,UNKNOWN,UNKNOWN,PORTUGAL,EUROPEAN UNION,Palm oil equivalents,1384,0.191578947368421
2015,BRAZIL,RIO DE JANEIRO,TRADEBRAS COMERCIO IMPORTACAO E EXPORTACAO,TRADEBRAS COMERCIO IMPORTACAO E EXPORTACAO,UNKNOWN,UNKNOWN,UNITED KINGDOM,EUROPEAN UNION,Palm oil equivalents,1477,0.227368421052632
2016,BRAZIL,RIO DE JANEIRO,TRADEBRAS COMERCIO IMPORTACAO E EXPORTACAO,TRADEBRAS COMERCIO IMPORTACAO E EXPORTACAO,UNKNOWN,UNKNOWN,UNITED KINGDOM,EUROPEAN UNION,Palm oil equivalents,2077,0.384210526315789
2017,BRAZIL,RIO DE JANEIRO,TRADEBRAS COMERCIO IMPORTACAO E EXPORTACAO,TRADEBRAS COMERCIO IMPORTACAO E EXPORTACAO,UNKNOWN,UNKNOWN,UNITED KINGDOM,EUROPEAN UNION,Palm oil equivalents,1212,0.24
2015,BRAZIL,RIO DE JANEIRO,VALE DOURO COMERCIO E EMPREENDIMENTOS IMOBILIARIOS LTDA - EP,VALE DOURO COMERCIO E EMPREENDIMENTOS IMOBILIARIOS LTDA - EP,UNKNOWN,UNKNOWN,UNITED STATES,UNITED STATES,Palm oil equivalents,14116,2.34947368421053
2016,BRAZIL,RIO DE JANEIRO,VALE DOURO COMERCIO E EMPREENDIMENTOS IMOBILIARIOS LTDA - EP,VALE DOURO COMERCIO E EMPREENDIMENTOS IMOBILIARIOS LTDA - EP,UNKNOWN,UNKNOWN,UNITED STATES,UNITED STATES,Palm oil equivalents,15987,2.79157894736842
2017,BRAZIL,RIO DE JANEIRO,VALE DOURO COMERCIO E EMPREENDIMENTOS IMOBILIARIOS LTDA - EP,VALE DOURO COMERCIO E EMPREENDIMENTOS IMOBILIARIOS LTDA - EP,UNKNOWN,UNKNOWN,UNITED STATES,UNITED STATES,Palm oil equivalents,16938,2.81368421052632
2016,BRAZIL,SALVADOR,ASSURUA COMERCIO EXTERIOR LTDA,ASSURUA COMERCIO EXTERIOR LTDA,R & R.FERREIRA SILVA & POHL IMPORT,R & R.FERREIRA SILVA & POHL IMPORT,SWITZERLAND,SWITZERLAND,Palm oil equivalents,312,0.048
2015,BRAZIL,SALVADOR,BRAZIL AGROBUSINESS COMERCIO INTERNACIONAL DE FRUTAS  EIRELI,BRAZIL AGROBUSINESS COMERCIO INTERNACIONAL DE FRUTAS  EIRELI,ROSA COMMODITIES DMCC,ROSA COMMODITIES DMCC,UNITED ARAB EMIRATES,UNITED ARAB EMIRATES,Palm oil equivalents,524,0.275
2016,BRAZIL,SANTOS,ALECON COMERCIAL EXPORTADORA E REPRESENTACAO,ALECON COMERCIAL EXPORTADORA E REPRESENTACAO,UNKNOWN,UNKNOWN,ANGOLA,ANGOLA,Palm oil equivalents,4053,0.677894736842105
2015,BRAZIL,SANTOS,ALECON COMERCIAL EXPORTADORA E REPRESENTACAO,ALECON COMERCIAL EXPORTADORA E REPRESENTACAO,UNKNOWN,UNKNOWN,NETHERLANDS,EUROPEAN UNION,Palm oil equivalents,357,0.0747368421052632
2017,BRAZIL,SANTOS,ALECON COMERCIAL EXPORTADORA E REPRESENTACAO,ALECON COMERCIAL EXPORTADORA E REPRESENTACAO,UNKNOWN,UNKNOWN,NETHERLANDS,EUROPEAN UNION,Palm oil equivalents,647,0.163157894736842
2017,BRAZIL,SANTOS,ALECON COMERCIAL EXPORTADORA E REPRESENTACAO,ALECON COMERCIAL EXPORTADORA E REPRESENTACAO,UNKNOWN,UNKNOWN,PORTUGAL,EUROPEAN UNION,Palm oil equivalents,251,0.0505263157894737
2015,BRAZIL,SANTOS,ALECON COMERCIAL EXPORTADORA E REPRESENTACAO,ALECON COMERCIAL EXPORTADORA E REPRESENTACAO,UNKNOWN,UNKNOWN,UNITED KINGDOM,EUROPEAN UNION,Palm oil equivalents,2776,0.512631578947368
2016,BRAZIL,SANTOS,ALECON COMERCIAL EXPORTADORA E REPRESENTACAO,ALECON COMERCIAL EXPORTADORA E REPRESENTACAO,UNKNOWN,UNKNOWN,UNITED KINGDOM,EUROPEAN UNION,Palm oil equivalents,2288,0.814736842105263
2017,BRAZIL,SANTOS,ALECON COMERCIAL EXPORTADORA E REPRESENTACAO,ALECON COMERCIAL EXPORTADORA E REPRESENTACAO,UNKNOWN,UNKNOWN,UNITED KINGDOM,EUROPEAN UNION,Palm oil equivalents,2291,0.738947368421053
2015,BRAZIL,SANTOS,ARRIFANA INDUSTRIAL IMPORTADORA E EXP DE ALIMENTOS LTDA,ARRIFANA INDUSTRIAL IMPORTADORA E EXP DE ALIMENTOS LTDA,CAJUMAR EXPORTACAO E IMPORTACAO LTDA,CAJUMAR EXPORTACAO E IMPORTACAO LTDA,PORTUGAL,EUROPEAN UNION,Palm oil equivalents,1676,0.371
2017,BRAZIL,SANTOS,ARRIFANA INDUSTRIAL IMPORTADORA E EXP DE ALIMENTOS LTDA,ARRIFANA INDUSTRIAL IMPORTADORA E EXP DE ALIMENTOS LTDA,CAJUMAR EXPORTAGCO E IMPORTAGCO LTDA,CAJUMAR EXPORTAGCO E IMPORTAGCO LTDA,PORTUGAL,EUROPEAN UNION,Palm oil equivalents,3520,1.136
2016,BRAZIL,SANTOS,ARRIFANA INDUSTRIAL IMPORTADORA E EXP DE ALIMENTOS LTDA,ARRIFANA INDUSTRIAL IMPORTADORA E EXP DE ALIMENTOS LTDA,UNKNOWN,UNKNOWN,PORTUGAL,EUROPEAN UNION,Palm oil equivalents,4455,1.79368421052632
2017,BRAZIL,SANTOS,ARRIFANA INDUSTRIAL IMPORTADORA E EXP DE ALIMENTOS LTDA,ARRIFANA INDUSTRIAL IMPORTADORA E EXP DE ALIMENTOS LTDA,UNKNOWN,UNKNOWN,PORTUGAL,EUROPEAN UNION,Palm oil equivalents,4504,1.55368421052632
2015,BRAZIL,SANTOS,BRASIL EXPRESS COMERCIO IMPORTACAO E EXPORTACAO LTDA,BRASIL EXPRESS COMERCIO IMPORTACAO E EXPORTACAO LTDA,UNKNOWN,UNKNOWN,JAPAN,JAPAN,Palm oil equivalents,353,0.0378947368421053
2015,BRAZIL,SANTOS,BVR TRADING IMPORTACAO E EXPORTACAO LTDA EPP,BVR TRADING IMPORTACAO E EXPORTACAO LTDA EPP,UNKNOWN,UNKNOWN,NETHERLANDS,EUROPEAN UNION,Palm oil equivalents,747,0.0757894736842105
2016,BRAZIL,SANTOS,BVR TRADING IMPORTACAO E EXPORTACAO LTDA EPP,BVR TRADING IMPORTACAO E EXPORTACAO LTDA EPP,UNKNOWN,UNKNOWN,NETHERLANDS,EUROPEAN UNION,Palm oil equivalents,216,0.0189473684210526
2017,BRAZIL,SANTOS,BVR TRADING IMPORTACAO E EXPORTACAO LTDA EPP,BVR TRADING IMPORTACAO E EXPORTACAO LTDA EPP,UNKNOWN,UNKNOWN,NETHERLANDS,EUROPEAN UNION,Palm oil equivalents,470,0.0378947368421053
2015,BRAZIL,SANTOS,ETTICA COMERCIO IMPORTACAO E EXPORTACAO LTDA - EPP,ETTICA COMERCIO IMPORTACAO E EXPORTACAO LTDA - EPP,UNKNOWN,UNKNOWN,NETHERLANDS,EUROPEAN UNION,Palm oil equivalents,2446,0.505263157894737
2015,BRAZIL,SANTOS,GLOBAL BRIDGES NEGOCIOS INTERNACIONAIS LTDA,GLOBAL BRIDGES NEGOCIOS INTERNACIONAIS LTDA,UNKNOWN,UNKNOWN,JAPAN,JAPAN,Palm oil equivalents,3058,0.48
2016,BRAZIL,SANTOS,GLOBAL BRIDGES NEGOCIOS INTERNACIONAIS LTDA,GLOBAL BRIDGES NEGOCIOS INTERNACIONAIS LTDA,UNKNOWN,UNKNOWN,JAPAN,JAPAN,Palm oil equivalents,468,0.0863157894736842
2017,BRAZIL,SANTOS,GLOBAL BRIDGES NEGOCIOS INTERNACIONAIS LTDA,GLOBAL BRIDGES NEGOCIOS INTERNACIONAIS LTDA,UNKNOWN,UNKNOWN,JAPAN,JAPAN,Palm oil equivalents,912,0.127368421052632
2016,BRAZIL,SANTOS,HIKARI INDUSTRIA E COMERCIO LTDA,HIKARI INDUSTRIA E COMERCIO LTDA,MUNDIMARKET AURO GROUP SL,MUNDIMARKET AURO GROUP SL,SPAIN,EUROPEAN UNION,Palm oil equivalents,770,0.072
2015,BRAZIL,SANTOS,HIKARI INDUSTRIA E COMERCIO LTDA,HIKARI INDUSTRIA E COMERCIO LTDA,UNIONTRADE SRL,UNIONTRADE SRL,ITALY,EUROPEAN UNION,Palm oil equivalents,1178,0.12
2016,BRAZIL,SANTOS,HIKARI INDUSTRIA E COMERCIO LTDA,HIKARI INDUSTRIA E COMERCIO LTDA,UNIONTRADE SRL,UNIONTRADE SRL,ITALY,EUROPEAN UNION,Palm oil equivalents,448,0.048
2017,BRAZIL,SANTOS,HIKARI INDUSTRIA E COMERCIO LTDA,HIKARI INDUSTRIA E COMERCIO LTDA,UNIONTRADE SRL,UNIONTRADE SRL,ITALY,EUROPEAN UNION,Palm oil equivalents,314,0.036
2017,BRAZIL,SANTOS,IND E COM DE PROD ALIM CEPERA LTDA,IND E COM DE PROD ALIM CEPERA LTDA,UNKNOWN,UNKNOWN,ANGOLA,ANGOLA,Palm oil equivalents,989,0.144210526315789
2015,BRAZIL,SANTOS,IND E COM DE PROD ALIM CEPERA LTDA,IND E COM DE PROD ALIM CEPERA LTDA,UNKNOWN,UNKNOWN,ARGENTINA,ARGENTINA,Palm oil equivalents,2561,0.817894736842105
2016,BRAZIL,SANTOS,IND E COM DE PROD ALIM CEPERA LTDA,IND E COM DE PROD ALIM CEPERA LTDA,UNKNOWN,UNKNOWN,ARGENTINA,ARGENTINA,Palm oil equivalents,16137,2.33894736842105
2017,BRAZIL,SANTOS,IND E COM DE PROD ALIM CEPERA LTDA,IND E COM DE PROD ALIM CEPERA LTDA,UNKNOWN,UNKNOWN,ARGENTINA,ARGENTINA,Palm oil equivalents,4046,1.21578947368421
2016,BRAZIL,SANTOS,IND E COM DE PROD ALIM CEPERA LTDA,IND E COM DE PROD ALIM CEPERA LTDA,UNKNOWN,UNKNOWN,AUSTRALIA,AUSTRALIA,Palm oil equivalents,864,0.371578947368421
2017,BRAZIL,SANTOS,IND E COM DE PROD ALIM CEPERA LTDA,IND E COM DE PROD ALIM CEPERA LTDA,UNKNOWN,UNKNOWN,AUSTRALIA,AUSTRALIA,Palm oil equivalents,4627,1.84631578947368
2017,BRAZIL,SANTOS,IND E COM DE PROD ALIM CEPERA LTDA,IND E COM DE PROD ALIM CEPERA LTDA,UNKNOWN,UNKNOWN,PANAMA,PANAMA,Palm oil equivalents,1064,0.286315789473684
2016,BRAZIL,SANTOS,IND E COM DE PROD ALIM CEPERA LTDA,IND E COM DE PROD ALIM CEPERA LTDA,UNKNOWN,UNKNOWN,UNITED STATES,UNITED STATES,Palm oil equivalents,624,0.12
2016,BRAZIL,SANTOS,INDUSTRIA E COMERCIO DE COSMETICOS NATURA LTDA,INDUSTRIA E COMERCIO DE COSMETICOS NATURA LTDA,UNKNOWN,UNKNOWN,ECUADOR,ECUADOR,Palm oil equivalents,28061,22.9442105263158
2015,BRAZIL,SANTOS,J N DISTRIBUIDORA DE PRODUTOS DE HIGIENE E BELEZA,J N DISTRIBUIDORA DE PRODUTOS DE HIGIENE E BELEZA,UNKNOWN,UNKNOWN,ANGOLA,ANGOLA,Palm oil equivalents,1730,0.557894736842105
2017,BRAZIL,SANTOS,JPM COMERCIO E EXPORTACAO LTDA,JPM COMERCIO E EXPORTACAO LTDA,PRIME DISTRIBUTION USA CORP.,PRIME DISTRIBUTION USA CORP.,UNITED STATES,UNITED STATES,Palm oil equivalents,8,0.024
2017,BRAZIL,SANTOS,JPM COMERCIO E EXPORTACAO LTDA,JPM COMERCIO E EXPORTACAO LTDA,UNKNOWN,UNKNOWN,UNITED STATES,UNITED STATES,Palm oil equivalents,2444,0.941052631578947
2015,BRAZIL,SANTOS,M8M COMERCIO IMPORTACAO E EXPORTACAO LTDA,M8M COMERCIO IMPORTACAO E EXPORTACAO LTDA,UNKNOWN,UNKNOWN,PORTUGAL,EUROPEAN UNION,Palm oil equivalents,407,0.0126315789473684
2015,BRAZIL,SANTOS,MAIPUR IMPORT EXPORT COMERCIO LTDA - EPP,MAIPUR IMPORT EXPORT COMERCIO LTDA - EPP,"PEDAGOS DO BRASIL, COMERCIO DE PRODUTOS UNIPESSOAL, LDA","PEDAGOS DO BRASIL, COMERCIO DE PRODUTOS UNIPESSOAL, LDA",PORTUGAL,EUROPEAN UNION,Palm oil equivalents,1795,0.36
2016,BRAZIL,SANTOS,MAIPUR IMPORT EXPORT COMERCIO LTDA - EPP,MAIPUR IMPORT EXPORT COMERCIO LTDA - EPP,"PEDAGOS DO BRASIL, COMERCIO DE PRODUTOS UNIPESSOAL, LDA","PEDAGOS DO BRASIL, COMERCIO DE PRODUTOS UNIPESSOAL, LDA",PORTUGAL,EUROPEAN UNION,Palm oil equivalents,1272,0.24
2017,BRAZIL,SANTOS,MAIPUR IMPORT EXPORT COMERCIO LTDA - EPP,MAIPUR IMPORT EXPORT COMERCIO LTDA - EPP,"PEDAGOS DO BRASIL, COMERCIO DE PRODUTOS UNIPESSOAL, LDA","PEDAGOS DO BRASIL, COMERCIO DE PRODUTOS UNIPESSOAL, LDA",PORTUGAL,EUROPEAN UNION,Palm oil equivalents,713,0.12
2015,BRAZIL,SANTOS,MAIPUR IMPORT EXPORT COMERCIO LTDA - EPP,MAIPUR IMPORT EXPORT COMERCIO LTDA - EPP,UNKNOWN,UNKNOWN,PORTUGAL,EUROPEAN UNION,Palm oil equivalents,710,0.0252631578947368
2016,BRAZIL,SANTOS,MAIPUR IMPORT EXPORT COMERCIO LTDA - EPP,MAIPUR IMPORT EXPORT COMERCIO LTDA - EPP,UNKNOWN,UNKNOWN,PORTUGAL,EUROPEAN UNION,Palm oil equivalents,670,0.0252631578947368
2017,BRAZIL,SANTOS,PETER KIESSLING 34841092897,PETER KIESSLING 34841092897,UNKNOWN,UNKNOWN,SINGAPORE,SINGAPORE,Palm oil equivalents,247,0.0821052631578947
2017,BRAZIL,SANTOS,P. SEVERINI NETTO COMERCIAL LTDA,P. SEVERINI NETTO COMERCIAL LTDA,UNKNOWN,UNKNOWN,CANADA,CANADA,Palm oil equivalents,1078,0.186315789473684
2016,BRAZIL,SANTOS,P. SEVERINI NETTO COMERCIAL LTDA,P. SEVERINI NETTO COMERCIAL LTDA,UNKNOWN,UNKNOWN,UNITED STATES,UNITED STATES,Palm oil equivalents,2268,0.593684210526316
2017,BRAZIL,SANTOS,SEA OLIMPIC IMPORTACAO E EXPORTACAO EIRELI,SEA OLIMPIC IMPORTACAO E EXPORTACAO EIRELI,BRAZIL FOR US LLC,BRAZIL FOR US LLC,UNITED STATES,UNITED STATES,Palm oil equivalents,252,0.019
2017,BRAZIL,SANTOS,"SPT COMIMPEX - COMERCIO, IMPORTACAO E EXPORTACAO LTDA","SPT COMIMPEX - COMERCIO, IMPORTACAO E EXPORTACAO LTDA",UNKNOWN,UNKNOWN,SYRIA,SYRIA,Palm oil equivalents,55136,24.3894736842105
2015,BRAZIL,SANTOS,VALSAMPA - EXPORTACAO E IMPORTACAO LTDA - EPP,VALSAMPA - EXPORTACAO E IMPORTACAO LTDA - EPP,UNKNOWN,UNKNOWN,UNITED STATES,UNITED STATES,Palm oil equivalents,933,0.225263157894737
2017,BRAZIL,SAO BORJA,INDUSTRIA E COMERCIO DE COSMETICOS NATURA LTDA,INDUSTRIA E COMERCIO DE COSMETICOS NATURA LTDA,UNKNOWN,UNKNOWN,ARGENTINA,ARGENTINA,Palm oil equivalents,11673,7.69473684210526
2015,BRAZIL,SAO FRANCISCO DO SUL,BARTH E PENEDO COMERCIO EXTERIOR LTDA - EPP,BARTH E PENEDO COMERCIO EXTERIOR LTDA - EPP,UNKNOWN,UNKNOWN,NEW ZEALAND,NEW ZEALAND,Palm oil equivalents,301,0.104210526315789
2015,BRAZIL,SAO PAULO,COMPANHIA REFINADORA DA AMAZONIA,COMPANHIA REFINADORA DA AMAZONIA,UNKNOWN,UNKNOWN,UNITED KINGDOM,EUROPEAN UNION,Palm oil equivalents,775,0.210526315789474
2015,BRAZIL,SAO PAULO,INDUSTRIA E COMERCIO DE COSMETICOS NATURA LTDA,INDUSTRIA E COMERCIO DE COSMETICOS NATURA LTDA,UNKNOWN,UNKNOWN,COLOMBIA,COLOMBIA,Palm oil equivalents,393,0.189473684210526
2016,BRAZIL,SAO PAULO,INDUSTRIA E COMERCIO DE COSMETICOS NATURA LTDA,INDUSTRIA E COMERCIO DE COSMETICOS NATURA LTDA,UNKNOWN,UNKNOWN,COLOMBIA,COLOMBIA,Palm oil equivalents,758,0.378947368421053
2017,BRAZIL,SAO PAULO,INDUSTRIA E COMERCIO DE COSMETICOS NATURA LTDA,INDUSTRIA E COMERCIO DE COSMETICOS NATURA LTDA,UNKNOWN,UNKNOWN,COLOMBIA,COLOMBIA,Palm oil equivalents,438,0.189473684210526
2015,BRAZIL,SAO PAULO,INDUSTRIA E COMERCIO DE COSMETICOS NATURA LTDA,INDUSTRIA E COMERCIO DE COSMETICOS NATURA LTDA,UNKNOWN,UNKNOWN,MEXICO,MEXICO,Palm oil equivalents,365,0.189473684210526
2016,BRAZIL,SAO PAULO,INDUSTRIA E COMERCIO DE COSMETICOS NATURA LTDA,INDUSTRIA E COMERCIO DE COSMETICOS NATURA LTDA,UNKNOWN,UNKNOWN,MEXICO,MEXICO,Palm oil equivalents,554,0.189473684210526
2017,BRAZIL,SAO PAULO,INDUSTRIA E COMERCIO DE COSMETICOS NATURA LTDA,INDUSTRIA E COMERCIO DE COSMETICOS NATURA LTDA,UNKNOWN,UNKNOWN,MEXICO,MEXICO,Palm oil equivalents,1511,0.484210526315789
2017,BRAZIL,SAO PAULO,JPM COMERCIO E EXPORTACAO LTDA,JPM COMERCIO E EXPORTACAO LTDA,UNKNOWN,UNKNOWN,UNITED STATES,UNITED STATES,Palm oil equivalents,427,0.722105263157895
2017,BRAZIL,SAO PAULO,SEA OLIMPIC IMPORTACAO E EXPORTACAO EIRELI,SEA OLIMPIC IMPORTACAO E EXPORTACAO EIRELI,BRAZIL FOR US LLC,BRAZIL FOR US LLC,UNITED STATES,UNITED STATES,Palm oil equivalents,119,0.026
2015,BRAZIL,SAO PAULO,SUN.F INTERNATIONAL IMPORTACAO E EXPORTACAO LTDA,SUN.F INTERNATIONAL IMPORTACAO E EXPORTACAO LTDA,UNKNOWN,UNKNOWN,ITALY,EUROPEAN UNION,Palm oil equivalents,27,0.00210526315789474
2017,BRAZIL,UNKNOWN PORT BRAZIL,BRAZIL MERCHANT IMPORTACAO E EXPORTACAO DE MAQUINAS LTDA - E,BRAZIL MERCHANT IMPORTACAO E EXPORTACAO DE MAQUINAS LTDA - E,UNKNOWN,UNKNOWN,SURINAME,SURINAME,Palm oil equivalents,1078,0.195789473684211
2017,BRAZIL,UNKNOWN PORT BRAZIL,COMPANHIA REFINADORA DA AMAZONIA,COMPANHIA REFINADORA DA AMAZONIA,UNKNOWN,UNKNOWN,ITALY,EUROPEAN UNION,Palm oil equivalents,96628,87.9368421052631
2016,BRAZIL,UNKNOWN PORT BRAZIL,COMPANHIA REFINADORA DA AMAZONIA,COMPANHIA REFINADORA DA AMAZONIA,UNKNOWN,UNKNOWN,UNITED STATES,UNITED STATES,Palm oil equivalents,396411,274.388421052632
2017,BRAZIL,UNKNOWN PORT BRAZIL,COMPANHIA REFINADORA DA AMAZONIA,COMPANHIA REFINADORA DA AMAZONIA,UNKNOWN,UNKNOWN,UNITED STATES,UNITED STATES,Palm oil equivalents,1624987,1080.34210526316
2017,BRAZIL,UNKNOWN PORT BRAZIL,EMBRAIMPEX EMPRESA BRASILEIRA DE IMPORTACOES E EXPORTACOES L,EMBRAIMPEX EMPRESA BRASILEIRA DE IMPORTACOES E EXPORTACOES L,UNKNOWN,UNKNOWN,FRENCH GUYANA,FRENCH GUYANA,Palm oil equivalents,1338,0.372631578947368
2015,BRAZIL,URUGUAIANA,FIRMENICH & CIA.,FIRMENICH & CIA.,FIRMENICH S.A.I.C. Y F.,FIRMENICH S.A.I.C. Y F.,ARGENTINA,ARGENTINA,Palm oil equivalents,2717,0.585
2015,BRAZIL,URUGUAIANA,FIRMENICH & CIA.,FIRMENICH & CIA.,FIRMENICH S.A.I.C.YF.,FIRMENICH S.A.I.C.YF.,ARGENTINA,ARGENTINA,Palm oil equivalents,7121,1.56
2015,BRAZIL,URUGUAIANA,INDUSTRIA E COMERCIO DE COSMETICOS NATURA LTDA,INDUSTRIA E COMERCIO DE COSMETICOS NATURA LTDA,UNKNOWN,UNKNOWN,ARGENTINA,ARGENTINA,Palm oil equivalents,641,0.405263157894737
2016,BRAZIL,URUGUAIANA,INDUSTRIA E COMERCIO DE COSMETICOS NATURA LTDA,INDUSTRIA E COMERCIO DE COSMETICOS NATURA LTDA,UNKNOWN,UNKNOWN,ARGENTINA,ARGENTINA,Palm oil equivalents,1663,1.08421052631579
