YEAR,COUNTRY OF PRODUCTION,PORT OF EXPORT,EXPORTER,EXPORTER GROUP,COUNTRY,ECONOMIC BLOC,TYPE,FOB_USD,SHRIMP_EQUIVALENT_TONNES
2017,PERU,IQUITOS,ACUARIO JAPAN DRAGON CLUB EMPRESA INDIVI,ACUARIO JAPAN DRAGON CLUB EMPRESA INDIVI,JAPAN,JAPAN,Shrimp equivalents,0.2,0.005
2018,PERU,IQUITOS,ACUARIO MILAGRITOS E I R L,ACUARIO MILAGRITOS E I R L,JAPAN,JAPAN,Shrimp equivalents,57,0.01203
2017,PERU,IQUITOS,AMAZON TROPICALS AQUARIUM EIRL,AMAZON TROPICALS AQUARIUM EIRL,CANADA,CANADA,Shrimp equivalents,10,0.005
2018,PERU,IQUITOS,AMAZON TROPICALS AQUARIUM EIRL,AMAZON TROPICALS AQUARIUM EIRL,CHILE,CHILE,Shrimp equivalents,64,0.01
2017,PERU,IQUITOS,AMAZON TROPICALS AQUARIUM EIRL,AMAZON TROPICALS AQUARIUM EIRL,CHINA (MAINLAND),CHINA (MAINLAND),Shrimp equivalents,67.5,0.01
2017,PERU,IQUITOS,AMAZON TROPICALS AQUARIUM EIRL,AMAZON TROPICALS AQUARIUM EIRL,UNITED STATES,UNITED STATES,Shrimp equivalents,26,0.015
2018,PERU,IQUITOS,AMAZON TROPICALS AQUARIUM EIRL,AMAZON TROPICALS AQUARIUM EIRL,UNITED STATES,UNITED STATES,Shrimp equivalents,152,0.031
2018,PERU,IQUITOS,BIO INDUSTRIAL AMAZONAS S.A.C.,BIO INDUSTRIAL AMAZONAS S.A.C.,UKRAINE,UKRAINE,Shrimp equivalents,50,0.005
2018,PERU,IQUITOS,FISH LIVE PERU ATA AQUARIUM S R L,FISH LIVE PERU ATA AQUARIUM S R L,CHILE,CHILE,Shrimp equivalents,80,0.02
2017,PERU,IQUITOS,FISH LIVE PERU ATA AQUARIUM S R L,FISH LIVE PERU ATA AQUARIUM S R L,UNITED STATES,UNITED STATES,Shrimp equivalents,70,0.015
2018,PERU,IQUITOS,FISH LIVE PERU ATA AQUARIUM S R L,FISH LIVE PERU ATA AQUARIUM S R L,UNITED STATES,UNITED STATES,Shrimp equivalents,200,0.04769
2017,PERU,IQUITOS,J R TROPICAL FISH AMAZON PERU EMPRESA I,J R TROPICAL FISH AMAZON PERU EMPRESA I,UNITED KINGDOM,EUROPEAN UNION,Shrimp equivalents,15,0.005
2018,PERU,IQUITOS,J R TROPICAL FISH AMAZON PERU EMPRESA I,J R TROPICAL FISH AMAZON PERU EMPRESA I,UNITED STATES,UNITED STATES,Shrimp equivalents,40,0.005
2017,PERU,IQUITOS,RIO MOMON E.I.R.L.,RIO MOMON E.I.R.L.,GERMANY,EUROPEAN UNION,Shrimp equivalents,150,0.01
2018,PERU,IQUITOS,RIO MOMON E.I.R.L.,RIO MOMON E.I.R.L.,GERMANY,EUROPEAN UNION,Shrimp equivalents,1100,0.04
2017,PERU,IQUITOS,RIVER LAND PERU S A C,RIVER LAND PERU S A C,CANADA,CANADA,Shrimp equivalents,80,0.01
2018,PERU,IQUITOS,RIVER LAND PERU S A C,RIVER LAND PERU S A C,GERMANY,EUROPEAN UNION,Shrimp equivalents,200,0.005
2017,PERU,IQUITOS,RIVER LAND PERU S A C,RIVER LAND PERU S A C,JAPAN,JAPAN,Shrimp equivalents,64,0.01
2018,PERU,IQUITOS,RIVER LAND PERU S A C,RIVER LAND PERU S A C,POLAND,EUROPEAN UNION,Shrimp equivalents,120,0.006
2014,PERU,PAITA,ACUACULTURA TECNICA INTEGRADA DEL PERU S,ACUACULTURA TECNICA INTEGRADA DEL PERU S,FRANCE,EUROPEAN UNION,Shrimp equivalents,380600.62,51.6565
2015,PERU,PAITA,ACUACULTURA TECNICA INTEGRADA DEL PERU S,ACUACULTURA TECNICA INTEGRADA DEL PERU S,FRANCE,EUROPEAN UNION,Shrimp equivalents,424992.4,66.3
2016,PERU,PAITA,ACUACULTURA TECNICA INTEGRADA DEL PERU S,ACUACULTURA TECNICA INTEGRADA DEL PERU S,FRANCE,EUROPEAN UNION,Shrimp equivalents,720741.18,106.092
2017,PERU,PAITA,ACUACULTURA TECNICA INTEGRADA DEL PERU S,ACUACULTURA TECNICA INTEGRADA DEL PERU S,FRANCE,EUROPEAN UNION,Shrimp equivalents,259221.62,42.28
2018,PERU,PAITA,ACUACULTURA TECNICA INTEGRADA DEL PERU S,ACUACULTURA TECNICA INTEGRADA DEL PERU S,FRANCE,EUROPEAN UNION,Shrimp equivalents,314297.9,51.871
2017,PERU,PAITA,ACUACULTURA TECNICA INTEGRADA DEL PERU S,ACUACULTURA TECNICA INTEGRADA DEL PERU S,NETHERLANDS,EUROPEAN UNION,Shrimp equivalents,185326.86,27.991
2013,PERU,PAITA,ACUACULTURA TECNICA INTEGRADA DEL PERU S,ACUACULTURA TECNICA INTEGRADA DEL PERU S,SOUTH KOREA,SOUTH KOREA,Shrimp equivalents,416666.52,55.896
2014,PERU,PAITA,ACUACULTURA TECNICA INTEGRADA DEL PERU S,ACUACULTURA TECNICA INTEGRADA DEL PERU S,SOUTH KOREA,SOUTH KOREA,Shrimp equivalents,612972.6,71.148
2015,PERU,PAITA,ACUACULTURA TECNICA INTEGRADA DEL PERU S,ACUACULTURA TECNICA INTEGRADA DEL PERU S,SOUTH KOREA,SOUTH KOREA,Shrimp equivalents,416250.01,57.912
2016,PERU,PAITA,ACUACULTURA TECNICA INTEGRADA DEL PERU S,ACUACULTURA TECNICA INTEGRADA DEL PERU S,SOUTH KOREA,SOUTH KOREA,Shrimp equivalents,132955.2,19.596
2017,PERU,PAITA,ACUACULTURA TECNICA INTEGRADA DEL PERU S,ACUACULTURA TECNICA INTEGRADA DEL PERU S,SOUTH KOREA,SOUTH KOREA,Shrimp equivalents,209040,30.972
2013,PERU,PAITA,ACUACULTURA TECNICA INTEGRADA DEL PERU S,ACUACULTURA TECNICA INTEGRADA DEL PERU S,SPAIN,EUROPEAN UNION,Shrimp equivalents,738521.07,108.1
2014,PERU,PAITA,ACUACULTURA TECNICA INTEGRADA DEL PERU S,ACUACULTURA TECNICA INTEGRADA DEL PERU S,SPAIN,EUROPEAN UNION,Shrimp equivalents,474292.58,54.898
2015,PERU,PAITA,ACUACULTURA TECNICA INTEGRADA DEL PERU S,ACUACULTURA TECNICA INTEGRADA DEL PERU S,SPAIN,EUROPEAN UNION,Shrimp equivalents,517600.29,76.906
2016,PERU,PAITA,ACUACULTURA TECNICA INTEGRADA DEL PERU S,ACUACULTURA TECNICA INTEGRADA DEL PERU S,SPAIN,EUROPEAN UNION,Shrimp equivalents,499973.25,73.695
2017,PERU,PAITA,ACUACULTURA TECNICA INTEGRADA DEL PERU S,ACUACULTURA TECNICA INTEGRADA DEL PERU S,SPAIN,EUROPEAN UNION,Shrimp equivalents,376666.39,58.873
2018,PERU,PAITA,ACUACULTURA TECNICA INTEGRADA DEL PERU S,ACUACULTURA TECNICA INTEGRADA DEL PERU S,SPAIN,EUROPEAN UNION,Shrimp equivalents,438246.6,57.555
2018,PERU,PAITA,ACUACULTURA TECNICA INTEGRADA DEL PERU S,ACUACULTURA TECNICA INTEGRADA DEL PERU S,UKRAINE,UKRAINE,Shrimp equivalents,79967,10.523
2013,PERU,PAITA,ACUICOLA SANTA ISABEL SOCIEDAD ANONIMA C,ACUICOLA SANTA ISABEL SOCIEDAD ANONIMA C,THAILAND,THAILAND,Shrimp equivalents,274700,29.48351
2013,PERU,PAITA,ACUICOLA SANTA ISABEL SOCIEDAD ANONIMA C,ACUICOLA SANTA ISABEL SOCIEDAD ANONIMA C,UNITED STATES,UNITED STATES,Shrimp equivalents,4718720.59,514.52321
2014,PERU,PAITA,ACUICOLA SANTA ISABEL SOCIEDAD ANONIMA C,ACUICOLA SANTA ISABEL SOCIEDAD ANONIMA C,UNITED STATES,UNITED STATES,Shrimp equivalents,5109682.59,542.05685
2015,PERU,PAITA,ACUICOLA SANTA ISABEL SOCIEDAD ANONIMA C,ACUICOLA SANTA ISABEL SOCIEDAD ANONIMA C,UNITED STATES,UNITED STATES,Shrimp equivalents,3638382.9,466.11457
2016,PERU,PAITA,ACUICOLA SANTA ISABEL SOCIEDAD ANONIMA C,ACUICOLA SANTA ISABEL SOCIEDAD ANONIMA C,UNITED STATES,UNITED STATES,Shrimp equivalents,3363204.6,398.02059
2017,PERU,PAITA,ACUICOLA SANTA ISABEL SOCIEDAD ANONIMA C,ACUICOLA SANTA ISABEL SOCIEDAD ANONIMA C,UNITED STATES,UNITED STATES,Shrimp equivalents,3934797.82,456.22747
2018,PERU,PAITA,ACUICOLA SANTA ISABEL SOCIEDAD ANONIMA C,ACUICOLA SANTA ISABEL SOCIEDAD ANONIMA C,UNITED STATES,UNITED STATES,Shrimp equivalents,2905266.5,407.21516
2018,PERU,PAITA,ALTAMAR FOODS PERU S A C,ALTAMAR FOODS PERU S A C,ITALY,EUROPEAN UNION,Shrimp equivalents,102061,11
2014,PERU,PAITA,ALTAMAR FOODS PERU S A C,ALTAMAR FOODS PERU S A C,UNITED STATES,UNITED STATES,Shrimp equivalents,22741.8,2.41674
2018,PERU,PAITA,ALTAMAR FOODS PERU S A C,ALTAMAR FOODS PERU S A C,UNITED STATES,UNITED STATES,Shrimp equivalents,789558.77,82.73299
2015,PERU,PAITA,AQUATROPICAL S A C,AQUATROPICAL S A C,SPAIN,EUROPEAN UNION,Shrimp equivalents,335016.03,62.078
2016,PERU,PAITA,AQUATROPICAL S A C,AQUATROPICAL S A C,SPAIN,EUROPEAN UNION,Shrimp equivalents,998132.56,157.708
2017,PERU,PAITA,AQUATROPICAL S A C,AQUATROPICAL S A C,SPAIN,EUROPEAN UNION,Shrimp equivalents,930013.3,149.89
2018,PERU,PAITA,AQUATROPICAL S A C,AQUATROPICAL S A C,SPAIN,EUROPEAN UNION,Shrimp equivalents,912779.7,160.938
2013,PERU,PAITA,AQUATROPICAL S A C,AQUATROPICAL S A C,UNITED STATES,UNITED STATES,Shrimp equivalents,211304.5,19.165
2014,PERU,PAITA,AQUATROPICAL S A C,AQUATROPICAL S A C,UNITED STATES,UNITED STATES,Shrimp equivalents,481152.3,56.098
2015,PERU,PAITA,AQUATROPICAL S A C,AQUATROPICAL S A C,UNITED STATES,UNITED STATES,Shrimp equivalents,467292.04,67.4575
2016,PERU,PAITA,ARMADORES Y CONGELADORES DEL PACIFICO SA,ARMADORES Y CONGELADORES DEL PACIFICO SA,FRANCE,EUROPEAN UNION,Shrimp equivalents,1.5,0.0015
2016,PERU,PAITA,ARMADORES Y CONGELADORES DEL PACIFICO SA,ARMADORES Y CONGELADORES DEL PACIFICO SA,NETHERLANDS,EUROPEAN UNION,Shrimp equivalents,256212.12,42.7441
2015,PERU,PAITA,ARMADORES Y CONGELADORES DEL PACIFICO SA,ARMADORES Y CONGELADORES DEL PACIFICO SA,UNITED STATES,UNITED STATES,Shrimp equivalents,94210,16.55612
2016,PERU,PAITA,ARMADORES Y CONGELADORES DEL PACIFICO SA,ARMADORES Y CONGELADORES DEL PACIFICO SA,UNITED STATES,UNITED STATES,Shrimp equivalents,101614,18.14369
2017,PERU,PAITA,CCORAL S A,CCORAL S A,FRANCE,EUROPEAN UNION,Shrimp equivalents,136213.4,22.2
2017,PERU,PAITA,CCORAL S A,CCORAL S A,NETHERLANDS,EUROPEAN UNION,Shrimp equivalents,155198.13,23.783
2018,PERU,PAITA,CCORAL S A,CCORAL S A,PORTUGAL,EUROPEAN UNION,Shrimp equivalents,111258,15.351
2017,PERU,PAITA,CCORAL S A,CCORAL S A,SOUTH KOREA,SOUTH KOREA,Shrimp equivalents,44160,6.9
2018,PERU,PAITA,CCORAL S A,CCORAL S A,SOUTH KOREA,SOUTH KOREA,Shrimp equivalents,379686,54.072
2013,PERU,PAITA,CCORAL S A,CCORAL S A,SPAIN,EUROPEAN UNION,Shrimp equivalents,2720779.47,386.947
2014,PERU,PAITA,CCORAL S A,CCORAL S A,SPAIN,EUROPEAN UNION,Shrimp equivalents,3747149.06,473.676
2015,PERU,PAITA,CCORAL S A,CCORAL S A,SPAIN,EUROPEAN UNION,Shrimp equivalents,3018564.75,473
2016,PERU,PAITA,CCORAL S A,CCORAL S A,SPAIN,EUROPEAN UNION,Shrimp equivalents,2618266.44,394.07
2017,PERU,PAITA,CCORAL S A,CCORAL S A,SPAIN,EUROPEAN UNION,Shrimp equivalents,3238631.37,484.221
2018,PERU,PAITA,CCORAL S A,CCORAL S A,SPAIN,EUROPEAN UNION,Shrimp equivalents,1684375.18,265.808
2017,PERU,PAITA,CCORAL S A,CCORAL S A,UNITED KINGDOM,EUROPEAN UNION,Shrimp equivalents,160006.17,20.921
2013,PERU,PAITA,CCORAL S A,CCORAL S A,UNITED STATES,UNITED STATES,Shrimp equivalents,148838,18.61543
2014,PERU,PAITA,CCORAL S A,CCORAL S A,UNITED STATES,UNITED STATES,Shrimp equivalents,209901,19.504
2014,PERU,PAITA,CHILES ANDINOS S A C,CHILES ANDINOS S A C,MEXICO,MEXICO,Shrimp equivalents,427197.5,44.24
2016,PERU,PAITA,CMAR SOCIEDAD ANONIMA CERRADA CMAR S,CMAR SOCIEDAD ANONIMA CERRADA CMAR S,PANAMA,PANAMA,Shrimp equivalents,128668,15.13638
2015,PERU,PAITA,CMAR SOCIEDAD ANONIMA CERRADA CMAR S,CMAR SOCIEDAD ANONIMA CERRADA CMAR S,SPAIN,EUROPEAN UNION,Shrimp equivalents,1393964.8,184.4668
2016,PERU,PAITA,CMAR SOCIEDAD ANONIMA CERRADA CMAR S,CMAR SOCIEDAD ANONIMA CERRADA CMAR S,SPAIN,EUROPEAN UNION,Shrimp equivalents,1081569.32,132.204
2017,PERU,PAITA,CMAR SOCIEDAD ANONIMA CERRADA CMAR S,CMAR SOCIEDAD ANONIMA CERRADA CMAR S,SPAIN,EUROPEAN UNION,Shrimp equivalents,2284179.29,296.669
2018,PERU,PAITA,CMAR SOCIEDAD ANONIMA CERRADA CMAR S,CMAR SOCIEDAD ANONIMA CERRADA CMAR S,SPAIN,EUROPEAN UNION,Shrimp equivalents,1057528.3,164.768
2016,PERU,PAITA,CMAR SOCIEDAD ANONIMA CERRADA CMAR S,CMAR SOCIEDAD ANONIMA CERRADA CMAR S,THAILAND,THAILAND,Shrimp equivalents,213435.19,39.975
2015,PERU,PAITA,CMAR SOCIEDAD ANONIMA CERRADA CMAR S,CMAR SOCIEDAD ANONIMA CERRADA CMAR S,UNITED STATES,UNITED STATES,Shrimp equivalents,3220360.1,261.07869
2016,PERU,PAITA,CMAR SOCIEDAD ANONIMA CERRADA CMAR S,CMAR SOCIEDAD ANONIMA CERRADA CMAR S,UNITED STATES,UNITED STATES,Shrimp equivalents,3353583.2,245.03545
2017,PERU,PAITA,CMAR SOCIEDAD ANONIMA CERRADA CMAR S,CMAR SOCIEDAD ANONIMA CERRADA CMAR S,UNITED STATES,UNITED STATES,Shrimp equivalents,3631515.54,290.06672
2018,PERU,PAITA,CMAR SOCIEDAD ANONIMA CERRADA CMAR S,CMAR SOCIEDAD ANONIMA CERRADA CMAR S,UNITED STATES,UNITED STATES,Shrimp equivalents,2718062,287.08319
2013,PERU,PAITA,CONGELADOS PACIFICO SAC,CONGELADOS PACIFICO SAC,ITALY,EUROPEAN UNION,Shrimp equivalents,48645.7,4.918
2013,PERU,PAITA,CONGELADOS PACIFICO SAC,CONGELADOS PACIFICO SAC,SPAIN,EUROPEAN UNION,Shrimp equivalents,185427.05,23.1716
2014,PERU,PAITA,CONGELADOS PACIFICO SAC,CONGELADOS PACIFICO SAC,SPAIN,EUROPEAN UNION,Shrimp equivalents,992010.72,111.1968
2013,PERU,PAITA,CONGELADOS PACIFICO SAC,CONGELADOS PACIFICO SAC,UNITED STATES,UNITED STATES,Shrimp equivalents,4384314.61,419.65913
2014,PERU,PAITA,CONGELADOS PACIFICO SAC,CONGELADOS PACIFICO SAC,UNITED STATES,UNITED STATES,Shrimp equivalents,6167754.81,504.05785
2015,PERU,PAITA,CONGELADOS PACIFICO SAC,CONGELADOS PACIFICO SAC,UNITED STATES,UNITED STATES,Shrimp equivalents,79916.82,12.66657
2016,PERU,PAITA,CONGELADOS Y EXPORTACION S A,CONGELADOS Y EXPORTACION S A,SPAIN,EUROPEAN UNION,Shrimp equivalents,317682.32,39.27
2017,PERU,PAITA,CONGELADOS Y EXPORTACION S A,CONGELADOS Y EXPORTACION S A,SPAIN,EUROPEAN UNION,Shrimp equivalents,143672.41,17.68
2013,PERU,PAITA,CONGELADOS Y EXPORTACION S A,CONGELADOS Y EXPORTACION S A,UNITED STATES,UNITED STATES,Shrimp equivalents,953961,100.7236
2014,PERU,PAITA,CONGELADOS Y EXPORTACION S A,CONGELADOS Y EXPORTACION S A,UNITED STATES,UNITED STATES,Shrimp equivalents,1185732.51,127.92
2015,PERU,PAITA,CONGELADOS Y EXPORTACION S A,CONGELADOS Y EXPORTACION S A,UNITED STATES,UNITED STATES,Shrimp equivalents,700190.75,99.22786
2016,PERU,PAITA,CONGELADOS Y EXPORTACION S A,CONGELADOS Y EXPORTACION S A,UNITED STATES,UNITED STATES,Shrimp equivalents,169173.2,19.83106
2017,PERU,PAITA,CONGELADOS Y EXPORTACION S A,CONGELADOS Y EXPORTACION S A,UNITED STATES,UNITED STATES,Shrimp equivalents,151979.6,17.50867
2013,PERU,PAITA,CONGELADOS Y FRESCOS S A C,CONGELADOS Y FRESCOS S A C,UNITED STATES,UNITED STATES,Shrimp equivalents,243750.62,17.81818
2016,PERU,PAITA,CORMUMAR CULTIVOS MARINOS E I R L,CORMUMAR CULTIVOS MARINOS E I R L,SPAIN,EUROPEAN UNION,Shrimp equivalents,174701.35,21.335
2017,PERU,PAITA,CORMUMAR CULTIVOS MARINOS E I R L,CORMUMAR CULTIVOS MARINOS E I R L,SPAIN,EUROPEAN UNION,Shrimp equivalents,766414.08,100.361
2018,PERU,PAITA,CORMUMAR CULTIVOS MARINOS E I R L,CORMUMAR CULTIVOS MARINOS E I R L,SPAIN,EUROPEAN UNION,Shrimp equivalents,920589,134.266
2016,PERU,PAITA,CORMUMAR CULTIVOS MARINOS E I R L,CORMUMAR CULTIVOS MARINOS E I R L,UNITED STATES,UNITED STATES,Shrimp equivalents,193894.6,25.291
2017,PERU,PAITA,CORMUMAR CULTIVOS MARINOS E I R L,CORMUMAR CULTIVOS MARINOS E I R L,UNITED STATES,UNITED STATES,Shrimp equivalents,74899.6,12.12019
2014,PERU,PAITA,CORPORACION REFRIGERADOS INY SA,CORPORACION REFRIGERADOS INY SA,CANADA,CANADA,Shrimp equivalents,80535.71,5.95
2015,PERU,PAITA,CORPORACION REFRIGERADOS INY SA,CORPORACION REFRIGERADOS INY SA,CHILE,CHILE,Shrimp equivalents,310532.7,39.979
2016,PERU,PAITA,CORPORACION REFRIGERADOS INY SA,CORPORACION REFRIGERADOS INY SA,CHILE,CHILE,Shrimp equivalents,239421.4,28.8635
2017,PERU,PAITA,CORPORACION REFRIGERADOS INY SA,CORPORACION REFRIGERADOS INY SA,CHILE,CHILE,Shrimp equivalents,2502.65,0.296
2016,PERU,PAITA,CORPORACION REFRIGERADOS INY SA,CORPORACION REFRIGERADOS INY SA,COLOMBIA,COLOMBIA,Shrimp equivalents,42082.5,7.65136
2013,PERU,PAITA,CORPORACION REFRIGERADOS INY SA,CORPORACION REFRIGERADOS INY SA,FRANCE,EUROPEAN UNION,Shrimp equivalents,2856668.62,310.664
2014,PERU,PAITA,CORPORACION REFRIGERADOS INY SA,CORPORACION REFRIGERADOS INY SA,FRANCE,EUROPEAN UNION,Shrimp equivalents,6339466.1,679.712
2015,PERU,PAITA,CORPORACION REFRIGERADOS INY SA,CORPORACION REFRIGERADOS INY SA,FRANCE,EUROPEAN UNION,Shrimp equivalents,10897226.92,1609.252
2016,PERU,PAITA,CORPORACION REFRIGERADOS INY SA,CORPORACION REFRIGERADOS INY SA,FRANCE,EUROPEAN UNION,Shrimp equivalents,956094.99,107.334
2017,PERU,PAITA,CORPORACION REFRIGERADOS INY SA,CORPORACION REFRIGERADOS INY SA,FRANCE,EUROPEAN UNION,Shrimp equivalents,136866.71,18.23
2018,PERU,PAITA,CORPORACION REFRIGERADOS INY SA,CORPORACION REFRIGERADOS INY SA,FRANCE,EUROPEAN UNION,Shrimp equivalents,11886.81,17.55
2016,PERU,PAITA,CORPORACION REFRIGERADOS INY SA,CORPORACION REFRIGERADOS INY SA,GUATEMALA,GUATEMALA,Shrimp equivalents,61376.5,9.60455
2017,PERU,PAITA,CORPORACION REFRIGERADOS INY SA,CORPORACION REFRIGERADOS INY SA,GUATEMALA,GUATEMALA,Shrimp equivalents,1574.5,0.28182
2014,PERU,PAITA,CORPORACION REFRIGERADOS INY SA,CORPORACION REFRIGERADOS INY SA,ITALY,EUROPEAN UNION,Shrimp equivalents,309139.46,33.7575
2015,PERU,PAITA,CORPORACION REFRIGERADOS INY SA,CORPORACION REFRIGERADOS INY SA,ITALY,EUROPEAN UNION,Shrimp equivalents,589813.47,79.7565
2016,PERU,PAITA,CORPORACION REFRIGERADOS INY SA,CORPORACION REFRIGERADOS INY SA,ITALY,EUROPEAN UNION,Shrimp equivalents,497915.85,70.0925
2017,PERU,PAITA,CORPORACION REFRIGERADOS INY SA,CORPORACION REFRIGERADOS INY SA,ITALY,EUROPEAN UNION,Shrimp equivalents,2745.5,0.3225
2015,PERU,PAITA,CORPORACION REFRIGERADOS INY SA,CORPORACION REFRIGERADOS INY SA,JAMAICA,JAMAICA,Shrimp equivalents,173573,23.02272
2016,PERU,PAITA,CORPORACION REFRIGERADOS INY SA,CORPORACION REFRIGERADOS INY SA,JAMAICA,JAMAICA,Shrimp equivalents,61058.2,7.78635
2015,PERU,PAITA,CORPORACION REFRIGERADOS INY SA,CORPORACION REFRIGERADOS INY SA,JAPAN,JAPAN,Shrimp equivalents,123332,18.36
2016,PERU,PAITA,CORPORACION REFRIGERADOS INY SA,CORPORACION REFRIGERADOS INY SA,JAPAN,JAPAN,Shrimp equivalents,53283.2,6.86236
2014,PERU,PAITA,CORPORACION REFRIGERADOS INY SA,CORPORACION REFRIGERADOS INY SA,PANAMA,PANAMA,Shrimp equivalents,214498.6,15.94955
2015,PERU,PAITA,CORPORACION REFRIGERADOS INY SA,CORPORACION REFRIGERADOS INY SA,PANAMA,PANAMA,Shrimp equivalents,18442,2.18182
2016,PERU,PAITA,CORPORACION REFRIGERADOS INY SA,CORPORACION REFRIGERADOS INY SA,PANAMA,PANAMA,Shrimp equivalents,69552.18,6.46545
2013,PERU,PAITA,CORPORACION REFRIGERADOS INY SA,CORPORACION REFRIGERADOS INY SA,RUSSIAN FEDERATION,RUSSIAN FEDERATION,Shrimp equivalents,3918666.57,516.324
2014,PERU,PAITA,CORPORACION REFRIGERADOS INY SA,CORPORACION REFRIGERADOS INY SA,RUSSIAN FEDERATION,RUSSIAN FEDERATION,Shrimp equivalents,1484489.58,186.1945
2015,PERU,PAITA,CORPORACION REFRIGERADOS INY SA,CORPORACION REFRIGERADOS INY SA,RUSSIAN FEDERATION,RUSSIAN FEDERATION,Shrimp equivalents,36196.75,7.263
2016,PERU,PAITA,CORPORACION REFRIGERADOS INY SA,CORPORACION REFRIGERADOS INY SA,RUSSIAN FEDERATION,RUSSIAN FEDERATION,Shrimp equivalents,37835.29,6.84
2017,PERU,PAITA,CORPORACION REFRIGERADOS INY SA,CORPORACION REFRIGERADOS INY SA,RUSSIAN FEDERATION,RUSSIAN FEDERATION,Shrimp equivalents,12939.13,1.34
2014,PERU,PAITA,CORPORACION REFRIGERADOS INY SA,CORPORACION REFRIGERADOS INY SA,SAUDI ARABIA,SAUDI ARABIA,Shrimp equivalents,707377.31,65.316
2015,PERU,PAITA,CORPORACION REFRIGERADOS INY SA,CORPORACION REFRIGERADOS INY SA,SAUDI ARABIA,SAUDI ARABIA,Shrimp equivalents,819763,89.7
2016,PERU,PAITA,CORPORACION REFRIGERADOS INY SA,CORPORACION REFRIGERADOS INY SA,SAUDI ARABIA,SAUDI ARABIA,Shrimp equivalents,35512,4.188
2017,PERU,PAITA,CORPORACION REFRIGERADOS INY SA,CORPORACION REFRIGERADOS INY SA,SAUDI ARABIA,SAUDI ARABIA,Shrimp equivalents,3564,0.384
2015,PERU,PAITA,CORPORACION REFRIGERADOS INY SA,CORPORACION REFRIGERADOS INY SA,SOUTH KOREA,SOUTH KOREA,Shrimp equivalents,1289408.57,167.94
2013,PERU,PAITA,CORPORACION REFRIGERADOS INY SA,CORPORACION REFRIGERADOS INY SA,SPAIN,EUROPEAN UNION,Shrimp equivalents,4336683.32,481.13
2014,PERU,PAITA,CORPORACION REFRIGERADOS INY SA,CORPORACION REFRIGERADOS INY SA,SPAIN,EUROPEAN UNION,Shrimp equivalents,3855760.68,426.918
2015,PERU,PAITA,CORPORACION REFRIGERADOS INY SA,CORPORACION REFRIGERADOS INY SA,SPAIN,EUROPEAN UNION,Shrimp equivalents,6241777.05,899.3242
2016,PERU,PAITA,CORPORACION REFRIGERADOS INY SA,CORPORACION REFRIGERADOS INY SA,SPAIN,EUROPEAN UNION,Shrimp equivalents,678020.27,82.6095
2017,PERU,PAITA,CORPORACION REFRIGERADOS INY SA,CORPORACION REFRIGERADOS INY SA,SPAIN,EUROPEAN UNION,Shrimp equivalents,50355.95,5.335
2013,PERU,PAITA,CORPORACION REFRIGERADOS INY SA,CORPORACION REFRIGERADOS INY SA,UNITED STATES,UNITED STATES,Shrimp equivalents,1330022.37,117.37729
2014,PERU,PAITA,CORPORACION REFRIGERADOS INY SA,CORPORACION REFRIGERADOS INY SA,UNITED STATES,UNITED STATES,Shrimp equivalents,2711415.79,272.47727
2015,PERU,PAITA,CORPORACION REFRIGERADOS INY SA,CORPORACION REFRIGERADOS INY SA,UNITED STATES,UNITED STATES,Shrimp equivalents,10946027.82,1384.70094
2016,PERU,PAITA,CORPORACION REFRIGERADOS INY SA,CORPORACION REFRIGERADOS INY SA,UNITED STATES,UNITED STATES,Shrimp equivalents,1626585.87,216.70221
2017,PERU,PAITA,CORPORACION REFRIGERADOS INY SA,CORPORACION REFRIGERADOS INY SA,UNITED STATES,UNITED STATES,Shrimp equivalents,145595.95,17.78181
2013,PERU,PAITA,CRIADERO LOS PACAES S.A.,CRIADERO LOS PACAES S.A.,FRANCE,EUROPEAN UNION,Shrimp equivalents,133452,22
2014,PERU,PAITA,CRIADERO LOS PACAES S.A.,CRIADERO LOS PACAES S.A.,FRANCE,EUROPEAN UNION,Shrimp equivalents,94618,12.16
2017,PERU,PAITA,CRIADERO LOS PACAES S.A.,CRIADERO LOS PACAES S.A.,FRANCE,EUROPEAN UNION,Shrimp equivalents,148410,19.92
2013,PERU,PAITA,CRIADERO LOS PACAES S.A.,CRIADERO LOS PACAES S.A.,SPAIN,EUROPEAN UNION,Shrimp equivalents,762818.8,117.22
2014,PERU,PAITA,CRIADERO LOS PACAES S.A.,CRIADERO LOS PACAES S.A.,SPAIN,EUROPEAN UNION,Shrimp equivalents,1717736.95,235.593
2015,PERU,PAITA,CRIADERO LOS PACAES S.A.,CRIADERO LOS PACAES S.A.,SPAIN,EUROPEAN UNION,Shrimp equivalents,1669870.9,260.219
2016,PERU,PAITA,CRIADERO LOS PACAES S.A.,CRIADERO LOS PACAES S.A.,SPAIN,EUROPEAN UNION,Shrimp equivalents,1656290.05,237.364
2017,PERU,PAITA,CRIADERO LOS PACAES S.A.,CRIADERO LOS PACAES S.A.,SPAIN,EUROPEAN UNION,Shrimp equivalents,376321.4,50.652
2018,PERU,PAITA,CRIADERO LOS PACAES S.A.,CRIADERO LOS PACAES S.A.,SPAIN,EUROPEAN UNION,Shrimp equivalents,998247.3,150.604
2013,PERU,PAITA,CRIADERO LOS PACAES S.A.,CRIADERO LOS PACAES S.A.,UNITED STATES,UNITED STATES,Shrimp equivalents,228116.5,27.3743
2014,PERU,PAITA,CRIADERO LOS PACAES S.A.,CRIADERO LOS PACAES S.A.,UNITED STATES,UNITED STATES,Shrimp equivalents,592965.5,64.46906
2015,PERU,PAITA,CRIADERO LOS PACAES S.A.,CRIADERO LOS PACAES S.A.,UNITED STATES,UNITED STATES,Shrimp equivalents,208250,27.01642
2018,PERU,PAITA,CRIADERO LOS PACAES S.A.,CRIADERO LOS PACAES S.A.,UNITED STATES,UNITED STATES,Shrimp equivalents,115002,15.9664
2013,PERU,PAITA,CRIADOR EL GUAMITO S.A.C.,CRIADOR EL GUAMITO S.A.C.,FRANCE,EUROPEAN UNION,Shrimp equivalents,332508.8,54.328
2014,PERU,PAITA,CRIADOR EL GUAMITO S.A.C.,CRIADOR EL GUAMITO S.A.C.,FRANCE,EUROPEAN UNION,Shrimp equivalents,487205,71.822
2015,PERU,PAITA,CRIADOR EL GUAMITO S.A.C.,CRIADOR EL GUAMITO S.A.C.,FRANCE,EUROPEAN UNION,Shrimp equivalents,530319.1,87.672
2016,PERU,PAITA,CRIADOR EL GUAMITO S.A.C.,CRIADOR EL GUAMITO S.A.C.,FRANCE,EUROPEAN UNION,Shrimp equivalents,426722,70.26
2017,PERU,PAITA,CRIADOR EL GUAMITO S.A.C.,CRIADOR EL GUAMITO S.A.C.,FRANCE,EUROPEAN UNION,Shrimp equivalents,300212,46.1
2014,PERU,PAITA,CRIADOR EL GUAMITO S.A.C.,CRIADOR EL GUAMITO S.A.C.,ITALY,EUROPEAN UNION,Shrimp equivalents,14576.25,2.2425
2015,PERU,PAITA,CRIADOR EL GUAMITO S.A.C.,CRIADOR EL GUAMITO S.A.C.,ITALY,EUROPEAN UNION,Shrimp equivalents,6113.84,0.81
2016,PERU,PAITA,CRIADOR EL GUAMITO S.A.C.,CRIADOR EL GUAMITO S.A.C.,ITALY,EUROPEAN UNION,Shrimp equivalents,14668.06,2.025
2018,PERU,PAITA,CRIADOR EL GUAMITO S.A.C.,CRIADOR EL GUAMITO S.A.C.,NETHERLANDS,EUROPEAN UNION,Shrimp equivalents,393508,45.073
2014,PERU,PAITA,CRIADOR EL GUAMITO S.A.C.,CRIADOR EL GUAMITO S.A.C.,PANAMA,PANAMA,Shrimp equivalents,60524.5,8.45955
2013,PERU,PAITA,CRIADOR EL GUAMITO S.A.C.,CRIADOR EL GUAMITO S.A.C.,RUSSIAN FEDERATION,RUSSIAN FEDERATION,Shrimp equivalents,612336.8,96.078
2014,PERU,PAITA,CRIADOR EL GUAMITO S.A.C.,CRIADOR EL GUAMITO S.A.C.,RUSSIAN FEDERATION,RUSSIAN FEDERATION,Shrimp equivalents,87398.01,8.6805
2014,PERU,PAITA,CRIADOR EL GUAMITO S.A.C.,CRIADOR EL GUAMITO S.A.C.,SAUDI ARABIA,SAUDI ARABIA,Shrimp equivalents,13409.28,1.536
2015,PERU,PAITA,CRIADOR EL GUAMITO S.A.C.,CRIADOR EL GUAMITO S.A.C.,SAUDI ARABIA,SAUDI ARABIA,Shrimp equivalents,23209,2.736
2014,PERU,PAITA,CRIADOR EL GUAMITO S.A.C.,CRIADOR EL GUAMITO S.A.C.,SOUTH KOREA,SOUTH KOREA,Shrimp equivalents,538244.41,72.828
2015,PERU,PAITA,CRIADOR EL GUAMITO S.A.C.,CRIADOR EL GUAMITO S.A.C.,SOUTH KOREA,SOUTH KOREA,Shrimp equivalents,502305.6,79.584
2016,PERU,PAITA,CRIADOR EL GUAMITO S.A.C.,CRIADOR EL GUAMITO S.A.C.,SOUTH KOREA,SOUTH KOREA,Shrimp equivalents,215733.6,35.832
2017,PERU,PAITA,CRIADOR EL GUAMITO S.A.C.,CRIADOR EL GUAMITO S.A.C.,SOUTH KOREA,SOUTH KOREA,Shrimp equivalents,623967.99,95.256
2018,PERU,PAITA,CRIADOR EL GUAMITO S.A.C.,CRIADOR EL GUAMITO S.A.C.,SOUTH KOREA,SOUTH KOREA,Shrimp equivalents,660336,109.32
2013,PERU,PAITA,CRIADOR EL GUAMITO S.A.C.,CRIADOR EL GUAMITO S.A.C.,SPAIN,EUROPEAN UNION,Shrimp equivalents,790083.38,104.915
2014,PERU,PAITA,CRIADOR EL GUAMITO S.A.C.,CRIADOR EL GUAMITO S.A.C.,SPAIN,EUROPEAN UNION,Shrimp equivalents,1246413.44,152.462
2015,PERU,PAITA,CRIADOR EL GUAMITO S.A.C.,CRIADOR EL GUAMITO S.A.C.,SPAIN,EUROPEAN UNION,Shrimp equivalents,771916.58,117.276
2016,PERU,PAITA,CRIADOR EL GUAMITO S.A.C.,CRIADOR EL GUAMITO S.A.C.,SPAIN,EUROPEAN UNION,Shrimp equivalents,413631.87,58.471
2017,PERU,PAITA,CRIADOR EL GUAMITO S.A.C.,CRIADOR EL GUAMITO S.A.C.,SPAIN,EUROPEAN UNION,Shrimp equivalents,1179363.21,173.152
2018,PERU,PAITA,CRIADOR EL GUAMITO S.A.C.,CRIADOR EL GUAMITO S.A.C.,SPAIN,EUROPEAN UNION,Shrimp equivalents,1553051.9,251.397
2013,PERU,PAITA,CRIADOR EL GUAMITO S.A.C.,CRIADOR EL GUAMITO S.A.C.,UNITED STATES,UNITED STATES,Shrimp equivalents,76225,13.19091
2014,PERU,PAITA,CRIADOR EL GUAMITO S.A.C.,CRIADOR EL GUAMITO S.A.C.,UNITED STATES,UNITED STATES,Shrimp equivalents,524087.3,56.44998
2015,PERU,PAITA,CRIADOR EL GUAMITO S.A.C.,CRIADOR EL GUAMITO S.A.C.,UNITED STATES,UNITED STATES,Shrimp equivalents,233731.37,29.54363
2016,PERU,PAITA,CRIADOR EL GUAMITO S.A.C.,CRIADOR EL GUAMITO S.A.C.,UNITED STATES,UNITED STATES,Shrimp equivalents,17755.3,2.27546
2014,PERU,PAITA,CULTIVO COMERCIAL DEL LANGOSTINO SAC,CULTIVO COMERCIAL DEL LANGOSTINO SAC,FRANCE,EUROPEAN UNION,Shrimp equivalents,79790,9.42
2013,PERU,PAITA,CULTIVO COMERCIAL DEL LANGOSTINO SAC,CULTIVO COMERCIAL DEL LANGOSTINO SAC,SPAIN,EUROPEAN UNION,Shrimp equivalents,233761.4,41.038
2014,PERU,PAITA,CULTIVO COMERCIAL DEL LANGOSTINO SAC,CULTIVO COMERCIAL DEL LANGOSTINO SAC,SPAIN,EUROPEAN UNION,Shrimp equivalents,508428,72.56
2015,PERU,PAITA,CULTIVO COMERCIAL DEL LANGOSTINO SAC,CULTIVO COMERCIAL DEL LANGOSTINO SAC,SPAIN,EUROPEAN UNION,Shrimp equivalents,774678.7,123.404
2016,PERU,PAITA,CULTIVO COMERCIAL DEL LANGOSTINO SAC,CULTIVO COMERCIAL DEL LANGOSTINO SAC,SPAIN,EUROPEAN UNION,Shrimp equivalents,716758.65,103.162
2017,PERU,PAITA,CULTIVO COMERCIAL DEL LANGOSTINO SAC,CULTIVO COMERCIAL DEL LANGOSTINO SAC,SPAIN,EUROPEAN UNION,Shrimp equivalents,460066.2,65.129
2018,PERU,PAITA,CULTIVO COMERCIAL DEL LANGOSTINO SAC,CULTIVO COMERCIAL DEL LANGOSTINO SAC,SPAIN,EUROPEAN UNION,Shrimp equivalents,670279.2,98.969
2013,PERU,PAITA,CULTIVO COMERCIAL DEL LANGOSTINO SAC,CULTIVO COMERCIAL DEL LANGOSTINO SAC,UNITED STATES,UNITED STATES,Shrimp equivalents,76222,9.91099
2014,PERU,PAITA,CULTIVO COMERCIAL DEL LANGOSTINO SAC,CULTIVO COMERCIAL DEL LANGOSTINO SAC,UNITED STATES,UNITED STATES,Shrimp equivalents,311457,31.64729
2015,PERU,PAITA,CULTIVO COMERCIAL DEL LANGOSTINO SAC,CULTIVO COMERCIAL DEL LANGOSTINO SAC,UNITED STATES,UNITED STATES,Shrimp equivalents,155431.5,20.10355
2018,PERU,PAITA,CULTIVO COMERCIAL DEL LANGOSTINO SAC,CULTIVO COMERCIAL DEL LANGOSTINO SAC,UNITED STATES,UNITED STATES,Shrimp equivalents,13636,1.74179
2015,PERU,PAITA,DEXIM SRL,DEXIM SRL,NETHERLANDS,EUROPEAN UNION,Shrimp equivalents,408121.1,68.33444
2016,PERU,PAITA,DEXIM SRL,DEXIM SRL,SPAIN,EUROPEAN UNION,Shrimp equivalents,3.68,0.00453
2015,PERU,PAITA,DEXIM SRL,DEXIM SRL,UNITED STATES,UNITED STATES,Shrimp equivalents,269724,36.37844
2016,PERU,PAITA,DEXIM SRL,DEXIM SRL,UNITED STATES,UNITED STATES,Shrimp equivalents,34610,5.48856
2016,PERU,PAITA,ECO - ACUICOLA SOCIEDAD ANONIMA CERRADA,ECO - ACUICOLA SOCIEDAD ANONIMA CERRADA,FRANCE,EUROPEAN UNION,Shrimp equivalents,224636.4,33.28
2018,PERU,PAITA,ECO - ACUICOLA SOCIEDAD ANONIMA CERRADA,ECO - ACUICOLA SOCIEDAD ANONIMA CERRADA,GERMANY,EUROPEAN UNION,Shrimp equivalents,95920.7,17.25
2018,PERU,PAITA,ECO - ACUICOLA SOCIEDAD ANONIMA CERRADA,ECO - ACUICOLA SOCIEDAD ANONIMA CERRADA,NORTH KOREA,NORTH KOREA,Shrimp equivalents,426421.2,93.308
2016,PERU,PAITA,ECO - ACUICOLA SOCIEDAD ANONIMA CERRADA,ECO - ACUICOLA SOCIEDAD ANONIMA CERRADA,SOUTH KOREA,SOUTH KOREA,Shrimp equivalents,125126.4,21.264
2017,PERU,PAITA,ECO - ACUICOLA SOCIEDAD ANONIMA CERRADA,ECO - ACUICOLA SOCIEDAD ANONIMA CERRADA,SOUTH KOREA,SOUTH KOREA,Shrimp equivalents,1470142.71,189.87647
2018,PERU,PAITA,ECO - ACUICOLA SOCIEDAD ANONIMA CERRADA,ECO - ACUICOLA SOCIEDAD ANONIMA CERRADA,SOUTH KOREA,SOUTH KOREA,Shrimp equivalents,4567913,637.116
2014,PERU,PAITA,ECO - ACUICOLA SOCIEDAD ANONIMA CERRADA,ECO - ACUICOLA SOCIEDAD ANONIMA CERRADA,SPAIN,EUROPEAN UNION,Shrimp equivalents,157178.27,17.034
2015,PERU,PAITA,ECO - ACUICOLA SOCIEDAD ANONIMA CERRADA,ECO - ACUICOLA SOCIEDAD ANONIMA CERRADA,SPAIN,EUROPEAN UNION,Shrimp equivalents,624721.58,91.67
2016,PERU,PAITA,ECO - ACUICOLA SOCIEDAD ANONIMA CERRADA,ECO - ACUICOLA SOCIEDAD ANONIMA CERRADA,SPAIN,EUROPEAN UNION,Shrimp equivalents,590139.46,77.259
2017,PERU,PAITA,ECO - ACUICOLA SOCIEDAD ANONIMA CERRADA,ECO - ACUICOLA SOCIEDAD ANONIMA CERRADA,SPAIN,EUROPEAN UNION,Shrimp equivalents,419147.99,48.22867
2018,PERU,PAITA,ECO - ACUICOLA SOCIEDAD ANONIMA CERRADA,ECO - ACUICOLA SOCIEDAD ANONIMA CERRADA,SPAIN,EUROPEAN UNION,Shrimp equivalents,516012.8,76.2304
2013,PERU,PAITA,ECO - ACUICOLA SOCIEDAD ANONIMA CERRADA,ECO - ACUICOLA SOCIEDAD ANONIMA CERRADA,UNITED STATES,UNITED STATES,Shrimp equivalents,14283661.52,1343.08451
2014,PERU,PAITA,ECO - ACUICOLA SOCIEDAD ANONIMA CERRADA,ECO - ACUICOLA SOCIEDAD ANONIMA CERRADA,UNITED STATES,UNITED STATES,Shrimp equivalents,28035035.54,2411.60279
2015,PERU,PAITA,ECO - ACUICOLA SOCIEDAD ANONIMA CERRADA,ECO - ACUICOLA SOCIEDAD ANONIMA CERRADA,UNITED STATES,UNITED STATES,Shrimp equivalents,23249622.2,2781.72709
2016,PERU,PAITA,ECO - ACUICOLA SOCIEDAD ANONIMA CERRADA,ECO - ACUICOLA SOCIEDAD ANONIMA CERRADA,UNITED STATES,UNITED STATES,Shrimp equivalents,9395642.15,1182.55502
2017,PERU,PAITA,ECO - ACUICOLA SOCIEDAD ANONIMA CERRADA,ECO - ACUICOLA SOCIEDAD ANONIMA CERRADA,UNITED STATES,UNITED STATES,Shrimp equivalents,16706341.08,1825.07986
2018,PERU,PAITA,ECO - ACUICOLA SOCIEDAD ANONIMA CERRADA,ECO - ACUICOLA SOCIEDAD ANONIMA CERRADA,UNITED STATES,UNITED STATES,Shrimp equivalents,13317148.58,1737.06928
2017,PERU,PAITA,ECO - ACUICOLA SOCIEDAD ANONIMA CERRADA,ECO - ACUICOLA SOCIEDAD ANONIMA CERRADA,VIETNAM,VIETNAM,Shrimp equivalents,93623.5,16.275
2018,PERU,PAITA,ECO - ACUICOLA SOCIEDAD ANONIMA CERRADA,ECO - ACUICOLA SOCIEDAD ANONIMA CERRADA,VIETNAM,VIETNAM,Shrimp equivalents,855315,140.2956
2017,PERU,PAITA,ECOCULTIVOS AGROACUICOLAS DEL NORTE SAC,ECOCULTIVOS AGROACUICOLAS DEL NORTE SAC,SPAIN,EUROPEAN UNION,Shrimp equivalents,19894.25,2.584
2017,PERU,PAITA,EMPRESA SANTA ADELA SOCIEDAD COMERCIAL D,EMPRESA SANTA ADELA SOCIEDAD COMERCIAL D,SPAIN,EUROPEAN UNION,Shrimp equivalents,486609.95,59.788
2018,PERU,PAITA,EMPRESA SANTA ADELA SOCIEDAD COMERCIAL D,EMPRESA SANTA ADELA SOCIEDAD COMERCIAL D,SPAIN,EUROPEAN UNION,Shrimp equivalents,453411.7,62.815
2013,PERU,PAITA,EMPRESA SANTA ADELA SOCIEDAD COMERCIAL D,EMPRESA SANTA ADELA SOCIEDAD COMERCIAL D,UNITED STATES,UNITED STATES,Shrimp equivalents,1015525.5,114.37525
2014,PERU,PAITA,EMPRESA SANTA ADELA SOCIEDAD COMERCIAL D,EMPRESA SANTA ADELA SOCIEDAD COMERCIAL D,UNITED STATES,UNITED STATES,Shrimp equivalents,854640.71,103.91833
2015,PERU,PAITA,EMPRESA SANTA ADELA SOCIEDAD COMERCIAL D,EMPRESA SANTA ADELA SOCIEDAD COMERCIAL D,UNITED STATES,UNITED STATES,Shrimp equivalents,658440.4,99.06438
2016,PERU,PAITA,EMPRESA SANTA ADELA SOCIEDAD COMERCIAL D,EMPRESA SANTA ADELA SOCIEDAD COMERCIAL D,UNITED STATES,UNITED STATES,Shrimp equivalents,686748.8,86.34247
2017,PERU,PAITA,EMPRESA SANTA ADELA SOCIEDAD COMERCIAL D,EMPRESA SANTA ADELA SOCIEDAD COMERCIAL D,UNITED STATES,UNITED STATES,Shrimp equivalents,246455.6,31.31654
2013,PERU,PAITA,ERICK JOEL SALVADOR Y HERMANOS E I R L,ERICK JOEL SALVADOR Y HERMANOS E I R L,UNITED STATES,UNITED STATES,Shrimp equivalents,440085,17.9169
2014,PERU,PAITA,ERICK JOEL SALVADOR Y HERMANOS E I R L,ERICK JOEL SALVADOR Y HERMANOS E I R L,UNITED STATES,UNITED STATES,Shrimp equivalents,3575608.5,146.07983
2015,PERU,PAITA,ERICK JOEL SALVADOR Y HERMANOS E I R L,ERICK JOEL SALVADOR Y HERMANOS E I R L,UNITED STATES,UNITED STATES,Shrimp equivalents,3560724.6,151.25041
2016,PERU,PAITA,ERICK JOEL SALVADOR Y HERMANOS E I R L,ERICK JOEL SALVADOR Y HERMANOS E I R L,UNITED STATES,UNITED STATES,Shrimp equivalents,203847.5,9.07185
2013,PERU,PAITA,EXPORTACIONES LIVIAMAR SOCIEDAD ANONIMA,EXPORTACIONES LIVIAMAR SOCIEDAD ANONIMA,SPAIN,EUROPEAN UNION,Shrimp equivalents,261645.45,44.26
2015,PERU,PAITA,EXPORTACIONES LIVIAMAR SOCIEDAD ANONIMA,EXPORTACIONES LIVIAMAR SOCIEDAD ANONIMA,SPAIN,EUROPEAN UNION,Shrimp equivalents,422194.74,60.335
2016,PERU,PAITA,EXPORTACIONES LIVIAMAR SOCIEDAD ANONIMA,EXPORTACIONES LIVIAMAR SOCIEDAD ANONIMA,SPAIN,EUROPEAN UNION,Shrimp equivalents,1702242.95,224.199
2017,PERU,PAITA,EXPORTACIONES LIVIAMAR SOCIEDAD ANONIMA,EXPORTACIONES LIVIAMAR SOCIEDAD ANONIMA,SPAIN,EUROPEAN UNION,Shrimp equivalents,2484026.82,305.021
2018,PERU,PAITA,EXPORTACIONES LIVIAMAR SOCIEDAD ANONIMA,EXPORTACIONES LIVIAMAR SOCIEDAD ANONIMA,SPAIN,EUROPEAN UNION,Shrimp equivalents,1306339.8,201.874
2013,PERU,PAITA,EXPORTACIONES LIVIAMAR SOCIEDAD ANONIMA,EXPORTACIONES LIVIAMAR SOCIEDAD ANONIMA,UNITED STATES,UNITED STATES,Shrimp equivalents,2336064,258.07042
2014,PERU,PAITA,EXPORTACIONES LIVIAMAR SOCIEDAD ANONIMA,EXPORTACIONES LIVIAMAR SOCIEDAD ANONIMA,UNITED STATES,UNITED STATES,Shrimp equivalents,3531242.05,372.59462
2015,PERU,PAITA,EXPORTACIONES LIVIAMAR SOCIEDAD ANONIMA,EXPORTACIONES LIVIAMAR SOCIEDAD ANONIMA,UNITED STATES,UNITED STATES,Shrimp equivalents,1996940.09,285.02039
2016,PERU,PAITA,EXPORTACIONES LIVIAMAR SOCIEDAD ANONIMA,EXPORTACIONES LIVIAMAR SOCIEDAD ANONIMA,UNITED STATES,UNITED STATES,Shrimp equivalents,982691.21,138.04925
2017,PERU,PAITA,EXPORTACIONES LIVIAMAR SOCIEDAD ANONIMA,EXPORTACIONES LIVIAMAR SOCIEDAD ANONIMA,UNITED STATES,UNITED STATES,Shrimp equivalents,427761,56.60535
2018,PERU,PAITA,EXPORTACIONES LIVIAMAR SOCIEDAD ANONIMA,EXPORTACIONES LIVIAMAR SOCIEDAD ANONIMA,UNITED STATES,UNITED STATES,Shrimp equivalents,406314.2,62.998
2017,PERU,PAITA,EXPORTACIONES RZ S A C,EXPORTACIONES RZ S A C,SPAIN,EUROPEAN UNION,Shrimp equivalents,363478.64,45.782
2018,PERU,PAITA,EXPORTACIONES R&Z S A C,EXPORTACIONES R&Z S A C,SPAIN,EUROPEAN UNION,Shrimp equivalents,518602.9,73.644
2016,PERU,PAITA,EXPORTACIONES SALVADOR S A C,EXPORTACIONES SALVADOR S A C,UNITED STATES,UNITED STATES,Shrimp equivalents,4567594.8,212.77118
2017,PERU,PAITA,EXPORTACIONES SALVADOR S A C,EXPORTACIONES SALVADOR S A C,UNITED STATES,UNITED STATES,Shrimp equivalents,755006.5,36.15167
2018,PERU,PAITA,EXPORTADORA ACUICOLA PALMERAS SOCIEDAD C,EXPORTADORA ACUICOLA PALMERAS SOCIEDAD C,SOUTH KOREA,SOUTH KOREA,Shrimp equivalents,113760,18.528
2013,PERU,PAITA,EXPORTADORA ACUICOLA PALMERAS SOCIEDAD C,EXPORTADORA ACUICOLA PALMERAS SOCIEDAD C,SPAIN,EUROPEAN UNION,Shrimp equivalents,399745.74,54.227
2014,PERU,PAITA,EXPORTADORA ACUICOLA PALMERAS SOCIEDAD C,EXPORTADORA ACUICOLA PALMERAS SOCIEDAD C,SPAIN,EUROPEAN UNION,Shrimp equivalents,406738.19,45.246
2015,PERU,PAITA,EXPORTADORA ACUICOLA PALMERAS SOCIEDAD C,EXPORTADORA ACUICOLA PALMERAS SOCIEDAD C,SPAIN,EUROPEAN UNION,Shrimp equivalents,268010.43,49.602
2016,PERU,PAITA,EXPORTADORA ACUICOLA PALMERAS SOCIEDAD C,EXPORTADORA ACUICOLA PALMERAS SOCIEDAD C,SPAIN,EUROPEAN UNION,Shrimp equivalents,589783.95,94.881
2017,PERU,PAITA,EXPORTADORA ACUICOLA PALMERAS SOCIEDAD C,EXPORTADORA ACUICOLA PALMERAS SOCIEDAD C,SPAIN,EUROPEAN UNION,Shrimp equivalents,695738.44,105.924
2018,PERU,PAITA,EXPORTADORA ACUICOLA PALMERAS SOCIEDAD C,EXPORTADORA ACUICOLA PALMERAS SOCIEDAD C,SPAIN,EUROPEAN UNION,Shrimp equivalents,537830,92.85
2013,PERU,PAITA,EXPORTADORA ACUICOLA PALMERAS SOCIEDAD C,EXPORTADORA ACUICOLA PALMERAS SOCIEDAD C,UNITED STATES,UNITED STATES,Shrimp equivalents,258725,35.87918
2014,PERU,PAITA,EXPORTADORA ACUICOLA PALMERAS SOCIEDAD C,EXPORTADORA ACUICOLA PALMERAS SOCIEDAD C,UNITED STATES,UNITED STATES,Shrimp equivalents,441720.4,54.92101
2015,PERU,PAITA,EXPORTADORA ACUICOLA PALMERAS SOCIEDAD C,EXPORTADORA ACUICOLA PALMERAS SOCIEDAD C,UNITED STATES,UNITED STATES,Shrimp equivalents,230411.2,37.10588
2016,PERU,PAITA,EXPORTADORA ACUICOLA PALMERAS SOCIEDAD C,EXPORTADORA ACUICOLA PALMERAS SOCIEDAD C,UNITED STATES,UNITED STATES,Shrimp equivalents,13151.6,2.21818
2015,PERU,PAITA,GAM CORP S.A.,GAM CORP S.A.,UNITED ARAB EMIRATES,UNITED ARAB EMIRATES,Shrimp equivalents,106447,17.99854
2016,PERU,PAITA,GARCIA BARRANTES HECTOR MANUEL,GARCIA BARRANTES HECTOR MANUEL,GREECE,EUROPEAN UNION,Shrimp equivalents,129047.2,22.38
2015,PERU,PAITA,GARCIA BARRANTES HECTOR MANUEL,GARCIA BARRANTES HECTOR MANUEL,SPAIN,EUROPEAN UNION,Shrimp equivalents,292562.7,45.893
2016,PERU,PAITA,GARCIA BARRANTES HECTOR MANUEL,GARCIA BARRANTES HECTOR MANUEL,SPAIN,EUROPEAN UNION,Shrimp equivalents,151715.66,19.72
2017,PERU,PAITA,GARCIA BARRANTES HECTOR MANUEL,GARCIA BARRANTES HECTOR MANUEL,SPAIN,EUROPEAN UNION,Shrimp equivalents,454357.67,58.592
2013,PERU,PAITA,GARCIA BARRANTES HECTOR MANUEL,GARCIA BARRANTES HECTOR MANUEL,UNITED STATES,UNITED STATES,Shrimp equivalents,4209691.02,427.88115
2014,PERU,PAITA,GARCIA BARRANTES HECTOR MANUEL,GARCIA BARRANTES HECTOR MANUEL,UNITED STATES,UNITED STATES,Shrimp equivalents,5053206.71,543.39915
2015,PERU,PAITA,GARCIA BARRANTES HECTOR MANUEL,GARCIA BARRANTES HECTOR MANUEL,UNITED STATES,UNITED STATES,Shrimp equivalents,3049854.62,400.43808
2016,PERU,PAITA,GARCIA BARRANTES HECTOR MANUEL,GARCIA BARRANTES HECTOR MANUEL,UNITED STATES,UNITED STATES,Shrimp equivalents,1200744.81,138.9807
2017,PERU,PAITA,GARCIA BARRANTES HECTOR MANUEL,GARCIA BARRANTES HECTOR MANUEL,UNITED STATES,UNITED STATES,Shrimp equivalents,1187057.61,146.43776
2016,PERU,PAITA,GENERAL SERVICE WYDLUZ EIRL,GENERAL SERVICE WYDLUZ EIRL,UNKNOWN COUNTRY,UNKNOWN COUNTRY,Shrimp equivalents,5390.24,1.12
2013,PERU,PAITA,GRUPO SALVADOR SOCIEDAD ANONIMA CERRADA,GRUPO SALVADOR SOCIEDAD ANONIMA CERRADA,UNITED STATES,UNITED STATES,Shrimp equivalents,1609995,70.94182
2014,PERU,PAITA,INVERSIONES PRISCO S A C,INVERSIONES PRISCO S A C,CANADA,CANADA,Shrimp equivalents,1025073.5,77.26999
2015,PERU,PAITA,INVERSIONES PRISCO S A C,INVERSIONES PRISCO S A C,CANADA,CANADA,Shrimp equivalents,4341553.41,377.03145
2016,PERU,PAITA,INVERSIONES PRISCO S A C,INVERSIONES PRISCO S A C,CANADA,CANADA,Shrimp equivalents,6604878.83,629.49472
2017,PERU,PAITA,INVERSIONES PRISCO S A C,INVERSIONES PRISCO S A C,CANADA,CANADA,Shrimp equivalents,10754716.61,1045.60817
2018,PERU,PAITA,INVERSIONES PRISCO S A C,INVERSIONES PRISCO S A C,CANADA,CANADA,Shrimp equivalents,8341439.6,758.75553
2016,PERU,PAITA,INVERSIONES PRISCO S A C,INVERSIONES PRISCO S A C,CURACAO,CURACAO,Shrimp equivalents,50730,5.47042
2017,PERU,PAITA,INVERSIONES PRISCO S A C,INVERSIONES PRISCO S A C,DENMARK,EUROPEAN UNION,Shrimp equivalents,245028,30
2018,PERU,PAITA,INVERSIONES PRISCO S A C,INVERSIONES PRISCO S A C,FRANCE,EUROPEAN UNION,Shrimp equivalents,108048,7.735
2015,PERU,PAITA,INVERSIONES PRISCO S A C,INVERSIONES PRISCO S A C,ITALY,EUROPEAN UNION,Shrimp equivalents,413466.08,56.20307
2016,PERU,PAITA,INVERSIONES PRISCO S A C,INVERSIONES PRISCO S A C,ITALY,EUROPEAN UNION,Shrimp equivalents,495539.24,54.955
2017,PERU,PAITA,INVERSIONES PRISCO S A C,INVERSIONES PRISCO S A C,ITALY,EUROPEAN UNION,Shrimp equivalents,1682458.5,157.92
2018,PERU,PAITA,INVERSIONES PRISCO S A C,INVERSIONES PRISCO S A C,ITALY,EUROPEAN UNION,Shrimp equivalents,1483584,137.38
2017,PERU,PAITA,INVERSIONES PRISCO S A C,INVERSIONES PRISCO S A C,MALAYSIA,MALAYSIA,Shrimp equivalents,209500,20
2018,PERU,PAITA,INVERSIONES PRISCO S A C,INVERSIONES PRISCO S A C,RUSSIAN FEDERATION,RUSSIAN FEDERATION,Shrimp equivalents,168558.5,14.98
2015,PERU,PAITA,INVERSIONES PRISCO S A C,INVERSIONES PRISCO S A C,SPAIN,EUROPEAN UNION,Shrimp equivalents,241365,21.77
2016,PERU,PAITA,INVERSIONES PRISCO S A C,INVERSIONES PRISCO S A C,SPAIN,EUROPEAN UNION,Shrimp equivalents,648671,76.07
2017,PERU,PAITA,INVERSIONES PRISCO S A C,INVERSIONES PRISCO S A C,SPAIN,EUROPEAN UNION,Shrimp equivalents,649396.49,60.26
2018,PERU,PAITA,INVERSIONES PRISCO S A C,INVERSIONES PRISCO S A C,SPAIN,EUROPEAN UNION,Shrimp equivalents,244988.6,22.64
2013,PERU,PAITA,INVERSIONES PRISCO S A C,INVERSIONES PRISCO S A C,UNITED STATES,UNITED STATES,Shrimp equivalents,351136.25,29.69946
2014,PERU,PAITA,INVERSIONES PRISCO S A C,INVERSIONES PRISCO S A C,UNITED STATES,UNITED STATES,Shrimp equivalents,533842.6,47.09638
2015,PERU,PAITA,INVERSIONES PRISCO S A C,INVERSIONES PRISCO S A C,UNITED STATES,UNITED STATES,Shrimp equivalents,5827229.97,588.5859
2016,PERU,PAITA,INVERSIONES PRISCO S A C,INVERSIONES PRISCO S A C,UNITED STATES,UNITED STATES,Shrimp equivalents,12781102.5,1209.02879
2017,PERU,PAITA,INVERSIONES PRISCO S A C,INVERSIONES PRISCO S A C,UNITED STATES,UNITED STATES,Shrimp equivalents,29681527.9,2712.19521
2018,PERU,PAITA,INVERSIONES PRISCO S A C,INVERSIONES PRISCO S A C,UNITED STATES,UNITED STATES,Shrimp equivalents,26544001.6,2250.15084
2017,PERU,PAITA,INVERSIONES SILMA S.A.C.,INVERSIONES SILMA S.A.C.,FRANCE,EUROPEAN UNION,Shrimp equivalents,185550,22
2017,PERU,PAITA,INVERSIONES SILMA S.A.C.,INVERSIONES SILMA S.A.C.,PORTUGAL,EUROPEAN UNION,Shrimp equivalents,175094.91,22.824
2018,PERU,PAITA,INVERSIONES SILMA S.A.C.,INVERSIONES SILMA S.A.C.,SOUTH KOREA,SOUTH KOREA,Shrimp equivalents,571207.3,90.816
2013,PERU,PAITA,INVERSIONES SILMA S.A.C.,INVERSIONES SILMA S.A.C.,SPAIN,EUROPEAN UNION,Shrimp equivalents,138325.8,20.002
2015,PERU,PAITA,INVERSIONES SILMA S.A.C.,INVERSIONES SILMA S.A.C.,SPAIN,EUROPEAN UNION,Shrimp equivalents,442353.43,68.89965
2016,PERU,PAITA,INVERSIONES SILMA S.A.C.,INVERSIONES SILMA S.A.C.,SPAIN,EUROPEAN UNION,Shrimp equivalents,2712256.37,387.771
2017,PERU,PAITA,INVERSIONES SILMA S.A.C.,INVERSIONES SILMA S.A.C.,SPAIN,EUROPEAN UNION,Shrimp equivalents,2013659.64,272.79
2018,PERU,PAITA,INVERSIONES SILMA S.A.C.,INVERSIONES SILMA S.A.C.,SPAIN,EUROPEAN UNION,Shrimp equivalents,1304307.8,219.7666
2013,PERU,PAITA,INVERSIONES SILMA S.A.C.,INVERSIONES SILMA S.A.C.,UNITED STATES,UNITED STATES,Shrimp equivalents,2085204.31,205.22804
2014,PERU,PAITA,INVERSIONES SILMA S.A.C.,INVERSIONES SILMA S.A.C.,UNITED STATES,UNITED STATES,Shrimp equivalents,2148138.32,192.94035
2015,PERU,PAITA,INVERSIONES SILMA S.A.C.,INVERSIONES SILMA S.A.C.,UNITED STATES,UNITED STATES,Shrimp equivalents,1384790.5,184.96727
2016,PERU,PAITA,INVERSIONES SILMA S.A.C.,INVERSIONES SILMA S.A.C.,UNITED STATES,UNITED STATES,Shrimp equivalents,348955.2,50.04033
2017,PERU,PAITA,INVERSIONES SILMA S.A.C.,INVERSIONES SILMA S.A.C.,UNITED STATES,UNITED STATES,Shrimp equivalents,107980.6,14.97324
2014,PERU,PAITA,ISLA BELLA S.A.C,ISLA BELLA S.A.C,FRANCE,EUROPEAN UNION,Shrimp equivalents,162040,20.08
2015,PERU,PAITA,ISLA BELLA S.A.C,ISLA BELLA S.A.C,FRANCE,EUROPEAN UNION,Shrimp equivalents,157080,23
2017,PERU,PAITA,ISLA BELLA S.A.C,ISLA BELLA S.A.C,FRANCE,EUROPEAN UNION,Shrimp equivalents,336014,43.5
2018,PERU,PAITA,ISLA BELLA S.A.C,ISLA BELLA S.A.C,SOUTH KOREA,SOUTH KOREA,Shrimp equivalents,305858,43.188
2013,PERU,PAITA,ISLA BELLA S.A.C,ISLA BELLA S.A.C,SPAIN,EUROPEAN UNION,Shrimp equivalents,981716.32,140.5076
2014,PERU,PAITA,ISLA BELLA S.A.C,ISLA BELLA S.A.C,SPAIN,EUROPEAN UNION,Shrimp equivalents,1035333.9,133.164
2015,PERU,PAITA,ISLA BELLA S.A.C,ISLA BELLA S.A.C,SPAIN,EUROPEAN UNION,Shrimp equivalents,1498041.77,216.338
2016,PERU,PAITA,ISLA BELLA S.A.C,ISLA BELLA S.A.C,SPAIN,EUROPEAN UNION,Shrimp equivalents,1889065.58,262.164
2017,PERU,PAITA,ISLA BELLA S.A.C,ISLA BELLA S.A.C,SPAIN,EUROPEAN UNION,Shrimp equivalents,1432322.47,197.121
2018,PERU,PAITA,ISLA BELLA S.A.C,ISLA BELLA S.A.C,SPAIN,EUROPEAN UNION,Shrimp equivalents,1185662.8,178.362
2013,PERU,PAITA,ISLA BELLA S.A.C,ISLA BELLA S.A.C,UNITED STATES,UNITED STATES,Shrimp equivalents,1177232.81,139.67759
2014,PERU,PAITA,ISLA BELLA S.A.C,ISLA BELLA S.A.C,UNITED STATES,UNITED STATES,Shrimp equivalents,1083105,125.83106
2015,PERU,PAITA,ISLA BELLA S.A.C,ISLA BELLA S.A.C,UNITED STATES,UNITED STATES,Shrimp equivalents,901942.04,103.75018
2016,PERU,PAITA,ISLA BELLA S.A.C,ISLA BELLA S.A.C,UNITED STATES,UNITED STATES,Shrimp equivalents,407096,45.93984
2017,PERU,PAITA,ISLA BELLA S.A.C,ISLA BELLA S.A.C,UNITED STATES,UNITED STATES,Shrimp equivalents,490192.8,54.07223
2018,PERU,PAITA,ISLA BELLA S.A.C,ISLA BELLA S.A.C,UNITED STATES,UNITED STATES,Shrimp equivalents,670181.6,91.10091
2015,PERU,PAITA,KING OF THE SEAS COMPANY SOCIEDAD ANONIM,KING OF THE SEAS COMPANY SOCIEDAD ANONIM,UNITED STATES,UNITED STATES,Shrimp equivalents,41256.8,6.00103
2015,PERU,PAITA,LA FRAGATA S A,LA FRAGATA S A,GERMANY,EUROPEAN UNION,Shrimp equivalents,11066.93,1.04
2013,PERU,PAITA,LA FRAGATA S A,LA FRAGATA S A,JAPAN,JAPAN,Shrimp equivalents,1752329.47,193.2332
2014,PERU,PAITA,LA FRAGATA S A,LA FRAGATA S A,JAPAN,JAPAN,Shrimp equivalents,1073469.29,103.3668
2015,PERU,PAITA,LA FRAGATA S A,LA FRAGATA S A,JAPAN,JAPAN,Shrimp equivalents,669922.03,93.4614
2016,PERU,PAITA,LA FRAGATA S A,LA FRAGATA S A,JAPAN,JAPAN,Shrimp equivalents,4263418.71,465.1334
2017,PERU,PAITA,LA FRAGATA S A,LA FRAGATA S A,JAPAN,JAPAN,Shrimp equivalents,4397888.34,485.784
2018,PERU,PAITA,LA FRAGATA S A,LA FRAGATA S A,JAPAN,JAPAN,Shrimp equivalents,1863672.02,224.2296
2013,PERU,PAITA,LA FRAGATA S A,LA FRAGATA S A,SPAIN,EUROPEAN UNION,Shrimp equivalents,120545.63,20.028
2015,PERU,PAITA,LA FRAGATA S A,LA FRAGATA S A,SPAIN,EUROPEAN UNION,Shrimp equivalents,670756.58,95.54064
2016,PERU,PAITA,LA FRAGATA S A,LA FRAGATA S A,SPAIN,EUROPEAN UNION,Shrimp equivalents,286347.64,44.66909
2017,PERU,PAITA,LA FRAGATA S A,LA FRAGATA S A,SPAIN,EUROPEAN UNION,Shrimp equivalents,834370.14,121.5474
2018,PERU,PAITA,LA FRAGATA S A,LA FRAGATA S A,SPAIN,EUROPEAN UNION,Shrimp equivalents,996071.7,176.1077
2013,PERU,PAITA,LA FRAGATA S A,LA FRAGATA S A,UNITED STATES,UNITED STATES,Shrimp equivalents,5635242.7,622.72795
2014,PERU,PAITA,LA FRAGATA S A,LA FRAGATA S A,UNITED STATES,UNITED STATES,Shrimp equivalents,8924219.6,959.96915
2015,PERU,PAITA,LA FRAGATA S A,LA FRAGATA S A,UNITED STATES,UNITED STATES,Shrimp equivalents,5883467.05,811.79686
2016,PERU,PAITA,LA FRAGATA S A,LA FRAGATA S A,UNITED STATES,UNITED STATES,Shrimp equivalents,6075324.55,741.51942
2017,PERU,PAITA,LA FRAGATA S A,LA FRAGATA S A,UNITED STATES,UNITED STATES,Shrimp equivalents,7095179.7,826.61038
2018,PERU,PAITA,LA FRAGATA S A,LA FRAGATA S A,UNITED STATES,UNITED STATES,Shrimp equivalents,10300173.94,1418.54501
2018,PERU,PAITA,LA FRAGATA S A,LA FRAGATA S A,VIETNAM,VIETNAM,Shrimp equivalents,493745,74.6355
2018,PERU,PAITA,LANGOSTEN S A C,LANGOSTEN S A C,SPAIN,EUROPEAN UNION,Shrimp equivalents,3716576.87,591.866
2018,PERU,PAITA,LANGOSTEN S A C,LANGOSTEN S A C,UNITED STATES,UNITED STATES,Shrimp equivalents,1822613.09,285.63662
2013,PERU,PAITA,LANGOSTINERA BORSALINO S.R.L.,LANGOSTINERA BORSALINO S.R.L.,THAILAND,THAILAND,Shrimp equivalents,108475,11.7934
2013,PERU,PAITA,LANGOSTINERA BORSALINO S.R.L.,LANGOSTINERA BORSALINO S.R.L.,UNITED STATES,UNITED STATES,Shrimp equivalents,812430.8,88.15112
2014,PERU,PAITA,LANGOSTINERA BORSALINO S.R.L.,LANGOSTINERA BORSALINO S.R.L.,UNITED STATES,UNITED STATES,Shrimp equivalents,1178778.9,131.63272
2015,PERU,PAITA,LANGOSTINERA BORSALINO S.R.L.,LANGOSTINERA BORSALINO S.R.L.,UNITED STATES,UNITED STATES,Shrimp equivalents,611229.2,91.08681
2017,PERU,PAITA,LANGOSTINERA CARDALITO S.A.C,LANGOSTINERA CARDALITO S.A.C,CHILE,CHILE,Shrimp equivalents,49958.48,4.5255
2014,PERU,PAITA,LANGOSTINERA CARDALITO S.A.C,LANGOSTINERA CARDALITO S.A.C,FRANCE,EUROPEAN UNION,Shrimp equivalents,1096240.46,165.128
2015,PERU,PAITA,LANGOSTINERA CARDALITO S.A.C,LANGOSTINERA CARDALITO S.A.C,FRANCE,EUROPEAN UNION,Shrimp equivalents,481426.22,82.612
2016,PERU,PAITA,LANGOSTINERA CARDALITO S.A.C,LANGOSTINERA CARDALITO S.A.C,FRANCE,EUROPEAN UNION,Shrimp equivalents,155230.75,13.684
2017,PERU,PAITA,LANGOSTINERA CARDALITO S.A.C,LANGOSTINERA CARDALITO S.A.C,FRANCE,EUROPEAN UNION,Shrimp equivalents,7914.23,0.71
2018,PERU,PAITA,LANGOSTINERA CARDALITO S.A.C,LANGOSTINERA CARDALITO S.A.C,FRANCE,EUROPEAN UNION,Shrimp equivalents,155882,20.638
2016,PERU,PAITA,LANGOSTINERA CARDALITO S.A.C,LANGOSTINERA CARDALITO S.A.C,GUATEMALA,GUATEMALA,Shrimp equivalents,6006,0.89091
2015,PERU,PAITA,LANGOSTINERA CARDALITO S.A.C,LANGOSTINERA CARDALITO S.A.C,ITALY,EUROPEAN UNION,Shrimp equivalents,2895.78,0.4275
2016,PERU,PAITA,LANGOSTINERA CARDALITO S.A.C,LANGOSTINERA CARDALITO S.A.C,ITALY,EUROPEAN UNION,Shrimp equivalents,13240.68,1.875
2016,PERU,PAITA,LANGOSTINERA CARDALITO S.A.C,LANGOSTINERA CARDALITO S.A.C,JAMAICA,JAMAICA,Shrimp equivalents,34430.85,5.06818
2017,PERU,PAITA,LANGOSTINERA CARDALITO S.A.C,LANGOSTINERA CARDALITO S.A.C,JAMAICA,JAMAICA,Shrimp equivalents,4977,0.58182
2016,PERU,PAITA,LANGOSTINERA CARDALITO S.A.C,LANGOSTINERA CARDALITO S.A.C,JAPAN,JAPAN,Shrimp equivalents,85099.53,11.0052
2017,PERU,PAITA,LANGOSTINERA CARDALITO S.A.C,LANGOSTINERA CARDALITO S.A.C,NETHERLANDS,EUROPEAN UNION,Shrimp equivalents,78033.2,8.925
2014,PERU,PAITA,LANGOSTINERA CARDALITO S.A.C,LANGOSTINERA CARDALITO S.A.C,PANAMA,PANAMA,Shrimp equivalents,3894,0.3
2016,PERU,PAITA,LANGOSTINERA CARDALITO S.A.C,LANGOSTINERA CARDALITO S.A.C,PANAMA,PANAMA,Shrimp equivalents,15185,1.45818
2014,PERU,PAITA,LANGOSTINERA CARDALITO S.A.C,LANGOSTINERA CARDALITO S.A.C,RUSSIAN FEDERATION,RUSSIAN FEDERATION,Shrimp equivalents,5152,0.46
2016,PERU,PAITA,LANGOSTINERA CARDALITO S.A.C,LANGOSTINERA CARDALITO S.A.C,RUSSIAN FEDERATION,RUSSIAN FEDERATION,Shrimp equivalents,5237.48,0.54
2014,PERU,PAITA,LANGOSTINERA CARDALITO S.A.C,LANGOSTINERA CARDALITO S.A.C,SAUDI ARABIA,SAUDI ARABIA,Shrimp equivalents,25666.2,2.94
2016,PERU,PAITA,LANGOSTINERA CARDALITO S.A.C,LANGOSTINERA CARDALITO S.A.C,SAUDI ARABIA,SAUDI ARABIA,Shrimp equivalents,4308.24,0.504
2017,PERU,PAITA,LANGOSTINERA CARDALITO S.A.C,LANGOSTINERA CARDALITO S.A.C,SAUDI ARABIA,SAUDI ARABIA,Shrimp equivalents,9851.42,1.056
2014,PERU,PAITA,LANGOSTINERA CARDALITO S.A.C,LANGOSTINERA CARDALITO S.A.C,SPAIN,EUROPEAN UNION,Shrimp equivalents,202450,25.72
2015,PERU,PAITA,LANGOSTINERA CARDALITO S.A.C,LANGOSTINERA CARDALITO S.A.C,SPAIN,EUROPEAN UNION,Shrimp equivalents,42903,4.94
2016,PERU,PAITA,LANGOSTINERA CARDALITO S.A.C,LANGOSTINERA CARDALITO S.A.C,SPAIN,EUROPEAN UNION,Shrimp equivalents,70120.52,8.776
2017,PERU,PAITA,LANGOSTINERA CARDALITO S.A.C,LANGOSTINERA CARDALITO S.A.C,SPAIN,EUROPEAN UNION,Shrimp equivalents,333582.26,37.74
2018,PERU,PAITA,LANGOSTINERA CARDALITO S.A.C,LANGOSTINERA CARDALITO S.A.C,SPAIN,EUROPEAN UNION,Shrimp equivalents,215361.8,30.821
2018,PERU,PAITA,LANGOSTINERA CARDALITO S.A.C,LANGOSTINERA CARDALITO S.A.C,UKRAINE,UKRAINE,Shrimp equivalents,78967,9.127
2014,PERU,PAITA,LANGOSTINERA CARDALITO S.A.C,LANGOSTINERA CARDALITO S.A.C,UNITED STATES,UNITED STATES,Shrimp equivalents,403694.7,42.16454
2015,PERU,PAITA,LANGOSTINERA CARDALITO S.A.C,LANGOSTINERA CARDALITO S.A.C,UNITED STATES,UNITED STATES,Shrimp equivalents,524452.81,67.92275
2016,PERU,PAITA,LANGOSTINERA CARDALITO S.A.C,LANGOSTINERA CARDALITO S.A.C,UNITED STATES,UNITED STATES,Shrimp equivalents,909955.88,110.78638
2017,PERU,PAITA,LANGOSTINERA CARDALITO S.A.C,LANGOSTINERA CARDALITO S.A.C,UNITED STATES,UNITED STATES,Shrimp equivalents,562272.69,65.30748
2017,PERU,PAITA,LANGOSTINERA CARDALITO S.A.C,LANGOSTINERA CARDALITO S.A.C,VIETNAM,VIETNAM,Shrimp equivalents,3593.8,0.43636
2017,PERU,PAITA,LANGOSTINERA CELINMAR S A C,LANGOSTINERA CELINMAR S A C,SPAIN,EUROPEAN UNION,Shrimp equivalents,742188.16,91.099
2018,PERU,PAITA,LANGOSTINERA CELINMAR S A C,LANGOSTINERA CELINMAR S A C,SPAIN,EUROPEAN UNION,Shrimp equivalents,530550.9,76.5
2017,PERU,PAITA,LANGOSTINERA HUACURA E I R L,LANGOSTINERA HUACURA E I R L,FRANCE,EUROPEAN UNION,Shrimp equivalents,9192.22,1.38
2017,PERU,PAITA,LANGOSTINERA HUACURA E I R L,LANGOSTINERA HUACURA E I R L,JAPAN,JAPAN,Shrimp equivalents,1150344.58,127.2232
2018,PERU,PAITA,LANGOSTINERA HUACURA E I R L,LANGOSTINERA HUACURA E I R L,JAPAN,JAPAN,Shrimp equivalents,623399.65,73.494
2017,PERU,PAITA,LANGOSTINERA HUACURA E I R L,LANGOSTINERA HUACURA E I R L,NETHERLANDS,EUROPEAN UNION,Shrimp equivalents,79901.2,10.46
2018,PERU,PAITA,LANGOSTINERA HUACURA E I R L,LANGOSTINERA HUACURA E I R L,NETHERLANDS,EUROPEAN UNION,Shrimp equivalents,203100,32.34
2016,PERU,PAITA,LANGOSTINERA HUACURA E I R L,LANGOSTINERA HUACURA E I R L,SPAIN,EUROPEAN UNION,Shrimp equivalents,898976.85,141.0454
2017,PERU,PAITA,LANGOSTINERA HUACURA E I R L,LANGOSTINERA HUACURA E I R L,SPAIN,EUROPEAN UNION,Shrimp equivalents,411911.95,58.37
2018,PERU,PAITA,LANGOSTINERA HUACURA E I R L,LANGOSTINERA HUACURA E I R L,SPAIN,EUROPEAN UNION,Shrimp equivalents,119441.8,20.093
2013,PERU,PAITA,LANGOSTINERA HUACURA E I R L,LANGOSTINERA HUACURA E I R L,UKRAINE,UKRAINE,Shrimp equivalents,153113.95,22
2014,PERU,PAITA,LANGOSTINERA HUACURA E I R L,LANGOSTINERA HUACURA E I R L,UKRAINE,UKRAINE,Shrimp equivalents,141346.8,20.775
2013,PERU,PAITA,LANGOSTINERA HUACURA E I R L,LANGOSTINERA HUACURA E I R L,UNITED STATES,UNITED STATES,Shrimp equivalents,103856.5,11.06784
2014,PERU,PAITA,LANGOSTINERA HUACURA E I R L,LANGOSTINERA HUACURA E I R L,UNITED STATES,UNITED STATES,Shrimp equivalents,1039820.48,103.85911
2015,PERU,PAITA,LANGOSTINERA HUACURA E I R L,LANGOSTINERA HUACURA E I R L,UNITED STATES,UNITED STATES,Shrimp equivalents,1523931.8,202.9323
2016,PERU,PAITA,LANGOSTINERA HUACURA E I R L,LANGOSTINERA HUACURA E I R L,UNITED STATES,UNITED STATES,Shrimp equivalents,1579226.7,167.90303
2017,PERU,PAITA,LANGOSTINERA HUACURA E I R L,LANGOSTINERA HUACURA E I R L,UNITED STATES,UNITED STATES,Shrimp equivalents,2314868.51,254.15038
2018,PERU,PAITA,LANGOSTINERA HUACURA E I R L,LANGOSTINERA HUACURA E I R L,UNITED STATES,UNITED STATES,Shrimp equivalents,2227746.4,308.89175
2015,PERU,PAITA,LANGOSTINERA LA BOCANA SA,LANGOSTINERA LA BOCANA SA,SPAIN,EUROPEAN UNION,Shrimp equivalents,250986.78,38.806
2013,PERU,PAITA,LANGOSTINERA LA BOCANA SA,LANGOSTINERA LA BOCANA SA,UNITED STATES,UNITED STATES,Shrimp equivalents,2600715.46,234.68414
2014,PERU,PAITA,LANGOSTINERA LA BOCANA SA,LANGOSTINERA LA BOCANA SA,UNITED STATES,UNITED STATES,Shrimp equivalents,2744493.81,255.74445
2015,PERU,PAITA,LANGOSTINERA LA BOCANA SA,LANGOSTINERA LA BOCANA SA,UNITED STATES,UNITED STATES,Shrimp equivalents,2453459.08,314.83426
2016,PERU,PAITA,LANGOSTINERA LA BOCANA SA,LANGOSTINERA LA BOCANA SA,UNITED STATES,UNITED STATES,Shrimp equivalents,734242.28,87.33922
2017,PERU,PAITA,LANGOSTINERA LA BOCANA SA,LANGOSTINERA LA BOCANA SA,UNITED STATES,UNITED STATES,Shrimp equivalents,1575149.23,172.35602
2018,PERU,PAITA,LANGOSTINERA LA BOCANA SA,LANGOSTINERA LA BOCANA SA,UNITED STATES,UNITED STATES,Shrimp equivalents,1105746.43,165.40701
2018,PERU,PAITA,LANGOSTINERA LA BOCANA SA,LANGOSTINERA LA BOCANA SA,VIETNAM,VIETNAM,Shrimp equivalents,356200.9,72.4083
2017,PERU,PAITA,LANGOSTINERA MACORI SOCIEDAD COMERCIAL D,LANGOSTINERA MACORI SOCIEDAD COMERCIAL D,FRANCE,EUROPEAN UNION,Shrimp equivalents,14478,2.42
2017,PERU,PAITA,LANGOSTINERA MACORI SOCIEDAD COMERCIAL D,LANGOSTINERA MACORI SOCIEDAD COMERCIAL D,SOUTH KOREA,SOUTH KOREA,Shrimp equivalents,16742.4,2.616
2013,PERU,PAITA,LANGOSTINERA MACORI SOCIEDAD COMERCIAL D,LANGOSTINERA MACORI SOCIEDAD COMERCIAL D,SPAIN,EUROPEAN UNION,Shrimp equivalents,594311.99,86.914
2014,PERU,PAITA,LANGOSTINERA MACORI SOCIEDAD COMERCIAL D,LANGOSTINERA MACORI SOCIEDAD COMERCIAL D,SPAIN,EUROPEAN UNION,Shrimp equivalents,1520197.2,192.522
2015,PERU,PAITA,LANGOSTINERA MACORI SOCIEDAD COMERCIAL D,LANGOSTINERA MACORI SOCIEDAD COMERCIAL D,SPAIN,EUROPEAN UNION,Shrimp equivalents,1253843.76,205.00309
2016,PERU,PAITA,LANGOSTINERA MACORI SOCIEDAD COMERCIAL D,LANGOSTINERA MACORI SOCIEDAD COMERCIAL D,SPAIN,EUROPEAN UNION,Shrimp equivalents,1813592.2,278.859
2017,PERU,PAITA,LANGOSTINERA MACORI SOCIEDAD COMERCIAL D,LANGOSTINERA MACORI SOCIEDAD COMERCIAL D,SPAIN,EUROPEAN UNION,Shrimp equivalents,2180571,311.501
2018,PERU,PAITA,LANGOSTINERA MACORI SOCIEDAD COMERCIAL D,LANGOSTINERA MACORI SOCIEDAD COMERCIAL D,SPAIN,EUROPEAN UNION,Shrimp equivalents,1627977.4,259.033
2013,PERU,PAITA,LANGOSTINERA MACORI SOCIEDAD COMERCIAL D,LANGOSTINERA MACORI SOCIEDAD COMERCIAL D,UNITED STATES,UNITED STATES,Shrimp equivalents,472645,44.56546
2014,PERU,PAITA,LANGOSTINERA MACORI SOCIEDAD COMERCIAL D,LANGOSTINERA MACORI SOCIEDAD COMERCIAL D,UNITED STATES,UNITED STATES,Shrimp equivalents,679757.41,62.33097
2015,PERU,PAITA,LANGOSTINERA MACORI SOCIEDAD COMERCIAL D,LANGOSTINERA MACORI SOCIEDAD COMERCIAL D,UNITED STATES,UNITED STATES,Shrimp equivalents,653139.2,101.06192
2016,PERU,PAITA,LANGOSTINERA MACORI SOCIEDAD COMERCIAL D,LANGOSTINERA MACORI SOCIEDAD COMERCIAL D,UNITED STATES,UNITED STATES,Shrimp equivalents,105933.6,16.636
2015,PERU,PAITA,LANGOSTINERA MARIMAR S A C,LANGOSTINERA MARIMAR S A C,SPAIN,EUROPEAN UNION,Shrimp equivalents,85344.55,14.715
2017,PERU,PAITA,LANGOSTINERA MARIMAR S A C,LANGOSTINERA MARIMAR S A C,SPAIN,EUROPEAN UNION,Shrimp equivalents,184547.59,23.268
2018,PERU,PAITA,LANGOSTINERA MARIMAR S A C,LANGOSTINERA MARIMAR S A C,SPAIN,EUROPEAN UNION,Shrimp equivalents,224091.3,31.229
2013,PERU,PAITA,LANGOSTINERA MARIMAR S A C,LANGOSTINERA MARIMAR S A C,UNITED STATES,UNITED STATES,Shrimp equivalents,164647.14,20.70196
2014,PERU,PAITA,LANGOSTINERA MARIMAR S A C,LANGOSTINERA MARIMAR S A C,UNITED STATES,UNITED STATES,Shrimp equivalents,209871.6,25.48748
2015,PERU,PAITA,LANGOSTINERA MARIMAR S A C,LANGOSTINERA MARIMAR S A C,UNITED STATES,UNITED STATES,Shrimp equivalents,173235.6,28.66503
2016,PERU,PAITA,LANGOSTINERA MARIMAR S A C,LANGOSTINERA MARIMAR S A C,UNITED STATES,UNITED STATES,Shrimp equivalents,154599.4,20.21781
2017,PERU,PAITA,LANGOSTINERA MARIMAR S A C,LANGOSTINERA MARIMAR S A C,UNITED STATES,UNITED STATES,Shrimp equivalents,80720.8,10.79261
2016,PERU,PAITA,LANGOSTINERA RAMONA S A C,LANGOSTINERA RAMONA S A C,CHILE,CHILE,Shrimp equivalents,37088.94,3.287
2017,PERU,PAITA,LANGOSTINERA RAMONA S A C,LANGOSTINERA RAMONA S A C,CHILE,CHILE,Shrimp equivalents,24834.4,2.583
2013,PERU,PAITA,LANGOSTINERA RAMONA S A C,LANGOSTINERA RAMONA S A C,FRANCE,EUROPEAN UNION,Shrimp equivalents,1503593,227.534
2014,PERU,PAITA,LANGOSTINERA RAMONA S A C,LANGOSTINERA RAMONA S A C,FRANCE,EUROPEAN UNION,Shrimp equivalents,437704,71.099
2015,PERU,PAITA,LANGOSTINERA RAMONA S A C,LANGOSTINERA RAMONA S A C,FRANCE,EUROPEAN UNION,Shrimp equivalents,179955.25,25.836
2016,PERU,PAITA,LANGOSTINERA RAMONA S A C,LANGOSTINERA RAMONA S A C,FRANCE,EUROPEAN UNION,Shrimp equivalents,79189.87,9.576
2018,PERU,PAITA,LANGOSTINERA RAMONA S A C,LANGOSTINERA RAMONA S A C,FRANCE,EUROPEAN UNION,Shrimp equivalents,39215.95,6.753
2016,PERU,PAITA,LANGOSTINERA RAMONA S A C,LANGOSTINERA RAMONA S A C,GUATEMALA,GUATEMALA,Shrimp equivalents,57884,7.16364
2015,PERU,PAITA,LANGOSTINERA RAMONA S A C,LANGOSTINERA RAMONA S A C,ITALY,EUROPEAN UNION,Shrimp equivalents,2776.52,0.3825
2016,PERU,PAITA,LANGOSTINERA RAMONA S A C,LANGOSTINERA RAMONA S A C,ITALY,EUROPEAN UNION,Shrimp equivalents,28530.34,3.6075
2015,PERU,PAITA,LANGOSTINERA RAMONA S A C,LANGOSTINERA RAMONA S A C,JAMAICA,JAMAICA,Shrimp equivalents,12403,1.90909
2017,PERU,PAITA,LANGOSTINERA RAMONA S A C,LANGOSTINERA RAMONA S A C,JAPAN,JAPAN,Shrimp equivalents,55061.04,4.60964
2017,PERU,PAITA,LANGOSTINERA RAMONA S A C,LANGOSTINERA RAMONA S A C,NETHERLANDS,EUROPEAN UNION,Shrimp equivalents,8026.07,0.952
2014,PERU,PAITA,LANGOSTINERA RAMONA S A C,LANGOSTINERA RAMONA S A C,PANAMA,PANAMA,Shrimp equivalents,64428,4.96364
2016,PERU,PAITA,LANGOSTINERA RAMONA S A C,LANGOSTINERA RAMONA S A C,PANAMA,PANAMA,Shrimp equivalents,16623,1.68182
2017,PERU,PAITA,LANGOSTINERA RAMONA S A C,LANGOSTINERA RAMONA S A C,PANAMA,PANAMA,Shrimp equivalents,4625.6,0.56364
2013,PERU,PAITA,LANGOSTINERA RAMONA S A C,LANGOSTINERA RAMONA S A C,RUSSIAN FEDERATION,RUSSIAN FEDERATION,Shrimp equivalents,526964.05,75.549
2016,PERU,PAITA,LANGOSTINERA RAMONA S A C,LANGOSTINERA RAMONA S A C,SAUDI ARABIA,SAUDI ARABIA,Shrimp equivalents,12620.63,1.476
2017,PERU,PAITA,LANGOSTINERA RAMONA S A C,LANGOSTINERA RAMONA S A C,SAUDI ARABIA,SAUDI ARABIA,Shrimp equivalents,4629.66,0.492
2013,PERU,PAITA,LANGOSTINERA RAMONA S A C,LANGOSTINERA RAMONA S A C,SPAIN,EUROPEAN UNION,Shrimp equivalents,468019.53,58.619
2015,PERU,PAITA,LANGOSTINERA RAMONA S A C,LANGOSTINERA RAMONA S A C,SPAIN,EUROPEAN UNION,Shrimp equivalents,32188.51,3.234
2016,PERU,PAITA,LANGOSTINERA RAMONA S A C,LANGOSTINERA RAMONA S A C,SPAIN,EUROPEAN UNION,Shrimp equivalents,36472.04,4.155
2017,PERU,PAITA,LANGOSTINERA RAMONA S A C,LANGOSTINERA RAMONA S A C,SPAIN,EUROPEAN UNION,Shrimp equivalents,237225.06,29.804
2018,PERU,PAITA,LANGOSTINERA RAMONA S A C,LANGOSTINERA RAMONA S A C,SPAIN,EUROPEAN UNION,Shrimp equivalents,283151.5,40.355
2013,PERU,PAITA,LANGOSTINERA RAMONA S A C,LANGOSTINERA RAMONA S A C,UNITED STATES,UNITED STATES,Shrimp equivalents,50720,6.9091
2014,PERU,PAITA,LANGOSTINERA RAMONA S A C,LANGOSTINERA RAMONA S A C,UNITED STATES,UNITED STATES,Shrimp equivalents,60645.59,6.403
2015,PERU,PAITA,LANGOSTINERA RAMONA S A C,LANGOSTINERA RAMONA S A C,UNITED STATES,UNITED STATES,Shrimp equivalents,494596.4,54.17274
2016,PERU,PAITA,LANGOSTINERA RAMONA S A C,LANGOSTINERA RAMONA S A C,UNITED STATES,UNITED STATES,Shrimp equivalents,573843.4,66.73801
2017,PERU,PAITA,LANGOSTINERA RAMONA S A C,LANGOSTINERA RAMONA S A C,UNITED STATES,UNITED STATES,Shrimp equivalents,452551.24,68.95128
2017,PERU,PAITA,LANGOSTINERASANMARTINSOCIEDADANONIMACERR,LANGOSTINERASANMARTINSOCIEDADANONIMACERR,SPAIN,EUROPEAN UNION,Shrimp equivalents,207045.38,31.25
2018,PERU,PAITA,LANGOSTINERA TUMBES S.A.C.,LANGOSTINERA TUMBES S.A.C.,CANADA,CANADA,Shrimp equivalents,153460,18.2344
2013,PERU,PAITA,LANGOSTINERA TUMBES S.A.C.,LANGOSTINERA TUMBES S.A.C.,FRANCE,EUROPEAN UNION,Shrimp equivalents,118650,21
2014,PERU,PAITA,LANGOSTINERA TUMBES S.A.C.,LANGOSTINERA TUMBES S.A.C.,FRANCE,EUROPEAN UNION,Shrimp equivalents,371922,46
2015,PERU,PAITA,LANGOSTINERA TUMBES S.A.C.,LANGOSTINERA TUMBES S.A.C.,FRANCE,EUROPEAN UNION,Shrimp equivalents,586974,92
2016,PERU,PAITA,LANGOSTINERA TUMBES S.A.C.,LANGOSTINERA TUMBES S.A.C.,FRANCE,EUROPEAN UNION,Shrimp equivalents,282484,46
2017,PERU,PAITA,LANGOSTINERA TUMBES S.A.C.,LANGOSTINERA TUMBES S.A.C.,FRANCE,EUROPEAN UNION,Shrimp equivalents,1223212,183.58
2018,PERU,PAITA,LANGOSTINERA TUMBES S.A.C.,LANGOSTINERA TUMBES S.A.C.,FRANCE,EUROPEAN UNION,Shrimp equivalents,719612,114
2017,PERU,PAITA,LANGOSTINERA TUMBES S.A.C.,LANGOSTINERA TUMBES S.A.C.,NETHERLANDS,EUROPEAN UNION,Shrimp equivalents,158333,23.04
2013,PERU,PAITA,LANGOSTINERA TUMBES S.A.C.,LANGOSTINERA TUMBES S.A.C.,SPAIN,EUROPEAN UNION,Shrimp equivalents,2982509.65,368.46
2014,PERU,PAITA,LANGOSTINERA TUMBES S.A.C.,LANGOSTINERA TUMBES S.A.C.,SPAIN,EUROPEAN UNION,Shrimp equivalents,3824504.44,401.9937
2015,PERU,PAITA,LANGOSTINERA TUMBES S.A.C.,LANGOSTINERA TUMBES S.A.C.,SPAIN,EUROPEAN UNION,Shrimp equivalents,2478060.59,374.453
2016,PERU,PAITA,LANGOSTINERA TUMBES S.A.C.,LANGOSTINERA TUMBES S.A.C.,SPAIN,EUROPEAN UNION,Shrimp equivalents,2321014.11,299.41069
2017,PERU,PAITA,LANGOSTINERA TUMBES S.A.C.,LANGOSTINERA TUMBES S.A.C.,SPAIN,EUROPEAN UNION,Shrimp equivalents,2387146.39,331.089
2018,PERU,PAITA,LANGOSTINERA TUMBES S.A.C.,LANGOSTINERA TUMBES S.A.C.,SPAIN,EUROPEAN UNION,Shrimp equivalents,2203473.8,368.636
2013,PERU,PAITA,LANGOSTINERA TUMBES S.A.C.,LANGOSTINERA TUMBES S.A.C.,UNITED KINGDOM,EUROPEAN UNION,Shrimp equivalents,150974.45,17
2014,PERU,PAITA,LANGOSTINERA TUMBES S.A.C.,LANGOSTINERA TUMBES S.A.C.,UNITED KINGDOM,EUROPEAN UNION,Shrimp equivalents,651688.18,54.876
2015,PERU,PAITA,LANGOSTINERA TUMBES S.A.C.,LANGOSTINERA TUMBES S.A.C.,UNITED KINGDOM,EUROPEAN UNION,Shrimp equivalents,497097,56.78
2017,PERU,PAITA,LANGOSTINERA TUMBES S.A.C.,LANGOSTINERA TUMBES S.A.C.,UNITED KINGDOM,EUROPEAN UNION,Shrimp equivalents,335818.5,38.182
2018,PERU,PAITA,LANGOSTINERA TUMBES S.A.C.,LANGOSTINERA TUMBES S.A.C.,UNITED KINGDOM,EUROPEAN UNION,Shrimp equivalents,319574,37.4
2013,PERU,PAITA,LANGOSTINERA TUMBES S.A.C.,LANGOSTINERA TUMBES S.A.C.,UNITED STATES,UNITED STATES,Shrimp equivalents,750621.12,88.55198
2014,PERU,PAITA,LANGOSTINERA TUMBES S.A.C.,LANGOSTINERA TUMBES S.A.C.,UNITED STATES,UNITED STATES,Shrimp equivalents,485903.12,52.52192
2015,PERU,PAITA,LANGOSTINERA TUMBES S.A.C.,LANGOSTINERA TUMBES S.A.C.,UNITED STATES,UNITED STATES,Shrimp equivalents,675252.2,98.66044
2016,PERU,PAITA,LANGOSTINERA TUMBES S.A.C.,LANGOSTINERA TUMBES S.A.C.,UNITED STATES,UNITED STATES,Shrimp equivalents,1531517.79,174.354
2017,PERU,PAITA,LANGOSTINERA TUMBES S.A.C.,LANGOSTINERA TUMBES S.A.C.,UNITED STATES,UNITED STATES,Shrimp equivalents,954676.21,110.22059
2018,PERU,PAITA,LANGOSTINERA TUMBES S.A.C.,LANGOSTINERA TUMBES S.A.C.,UNITED STATES,UNITED STATES,Shrimp equivalents,1450232.9,180.05474
2018,PERU,PAITA,LANGOSTINERA ULISES SA,LANGOSTINERA ULISES SA,PORTUGAL,EUROPEAN UNION,Shrimp equivalents,44115,6.239
2018,PERU,PAITA,LANGOSTINERA ULISES SA,LANGOSTINERA ULISES SA,SOUTH KOREA,SOUTH KOREA,Shrimp equivalents,131065,21.264
2013,PERU,PAITA,LANGOSTINERA ULISES SA,LANGOSTINERA ULISES SA,SPAIN,EUROPEAN UNION,Shrimp equivalents,1599403.04,234.479
2014,PERU,PAITA,LANGOSTINERA ULISES SA,LANGOSTINERA ULISES SA,SPAIN,EUROPEAN UNION,Shrimp equivalents,1563530.79,185.049
2015,PERU,PAITA,LANGOSTINERA ULISES SA,LANGOSTINERA ULISES SA,SPAIN,EUROPEAN UNION,Shrimp equivalents,1626672.13,268.0221
2016,PERU,PAITA,LANGOSTINERA ULISES SA,LANGOSTINERA ULISES SA,SPAIN,EUROPEAN UNION,Shrimp equivalents,765397.59,113.822
2017,PERU,PAITA,LANGOSTINERA ULISES SA,LANGOSTINERA ULISES SA,SPAIN,EUROPEAN UNION,Shrimp equivalents,1370824.58,203.108
2018,PERU,PAITA,LANGOSTINERA ULISES SA,LANGOSTINERA ULISES SA,SPAIN,EUROPEAN UNION,Shrimp equivalents,681075.28,109.2235
2014,PERU,PAITA,LANGOSTINERA ULISES SA,LANGOSTINERA ULISES SA,UNITED STATES,UNITED STATES,Shrimp equivalents,141002,18.63356
2018,PERU,PAITA,LANGOSTINERA VICTORIA SRL,LANGOSTINERA VICTORIA SRL,FRANCE,EUROPEAN UNION,Shrimp equivalents,131320,22
2018,PERU,PAITA,LANGOSTINERA VICTORIA SRL,LANGOSTINERA VICTORIA SRL,SOUTH KOREA,SOUTH KOREA,Shrimp equivalents,320019.7,50.268
2013,PERU,PAITA,LANGOSTINERA VICTORIA SRL,LANGOSTINERA VICTORIA SRL,SPAIN,EUROPEAN UNION,Shrimp equivalents,808190.02,92.93
2014,PERU,PAITA,LANGOSTINERA VICTORIA SRL,LANGOSTINERA VICTORIA SRL,SPAIN,EUROPEAN UNION,Shrimp equivalents,1123361.12,124.626
2015,PERU,PAITA,LANGOSTINERA VICTORIA SRL,LANGOSTINERA VICTORIA SRL,SPAIN,EUROPEAN UNION,Shrimp equivalents,1928111.95,270.026
2016,PERU,PAITA,LANGOSTINERA VICTORIA SRL,LANGOSTINERA VICTORIA SRL,SPAIN,EUROPEAN UNION,Shrimp equivalents,1488644.33,206.686
2017,PERU,PAITA,LANGOSTINERA VICTORIA SRL,LANGOSTINERA VICTORIA SRL,SPAIN,EUROPEAN UNION,Shrimp equivalents,1819275.69,248.912
2018,PERU,PAITA,LANGOSTINERA VICTORIA SRL,LANGOSTINERA VICTORIA SRL,SPAIN,EUROPEAN UNION,Shrimp equivalents,2163559.7,331.227
2013,PERU,PAITA,LANGOSTINERA VICTORIA SRL,LANGOSTINERA VICTORIA SRL,UNITED STATES,UNITED STATES,Shrimp equivalents,993694.7,112.31401
2014,PERU,PAITA,LANGOSTINERA VICTORIA SRL,LANGOSTINERA VICTORIA SRL,UNITED STATES,UNITED STATES,Shrimp equivalents,1012544.5,100.96078
2015,PERU,PAITA,LANGOSTINERA VICTORIA SRL,LANGOSTINERA VICTORIA SRL,UNITED STATES,UNITED STATES,Shrimp equivalents,185989.39,23.65962
2015,PERU,PAITA,MANGIARE FOODS SOCIEDAD ANONIMA CERRADA,MANGIARE FOODS SOCIEDAD ANONIMA CERRADA,UNITED STATES,UNITED STATES,Shrimp equivalents,44883.58,7.77283
2017,PERU,PAITA,MARINAZUL S A,MARINAZUL S A,CANADA,CANADA,Shrimp equivalents,134547.45,20.96364
2015,PERU,PAITA,MARINAZUL S A,MARINAZUL S A,CHILE,CHILE,Shrimp equivalents,79249.8,7.648
2016,PERU,PAITA,MARINAZUL S A,MARINAZUL S A,CHILE,CHILE,Shrimp equivalents,907510.98,96.714
2017,PERU,PAITA,MARINAZUL S A,MARINAZUL S A,CHILE,CHILE,Shrimp equivalents,1702181.53,183.305
2018,PERU,PAITA,MARINAZUL S A,MARINAZUL S A,CHILE,CHILE,Shrimp equivalents,459053.64,57.907
2016,PERU,PAITA,MARINAZUL S A,MARINAZUL S A,COLOMBIA,COLOMBIA,Shrimp equivalents,52206.25,9.49205
2015,PERU,PAITA,MARINAZUL S A,MARINAZUL S A,DENMARK,EUROPEAN UNION,Shrimp equivalents,127612,21
2014,PERU,PAITA,MARINAZUL S A,MARINAZUL S A,DOMINICAN REPUBLIC,DOMINICAN REPUBLIC,Shrimp equivalents,123655,9.072
2014,PERU,PAITA,MARINAZUL S A,MARINAZUL S A,FRANCE,EUROPEAN UNION,Shrimp equivalents,645544.92,76.6808
2015,PERU,PAITA,MARINAZUL S A,MARINAZUL S A,FRANCE,EUROPEAN UNION,Shrimp equivalents,745139.2,106.5
2016,PERU,PAITA,MARINAZUL S A,MARINAZUL S A,FRANCE,EUROPEAN UNION,Shrimp equivalents,6701825.24,882.89
2017,PERU,PAITA,MARINAZUL S A,MARINAZUL S A,FRANCE,EUROPEAN UNION,Shrimp equivalents,8985327.34,1252.288
2018,PERU,PAITA,MARINAZUL S A,MARINAZUL S A,FRANCE,EUROPEAN UNION,Shrimp equivalents,8413603.89,1229.506
2016,PERU,PAITA,MARINAZUL S A,MARINAZUL S A,GUATEMALA,GUATEMALA,Shrimp equivalents,532494.44,81.79283
2017,PERU,PAITA,MARINAZUL S A,MARINAZUL S A,GUATEMALA,GUATEMALA,Shrimp equivalents,458329,88.56818
2018,PERU,PAITA,MARINAZUL S A,MARINAZUL S A,GUATEMALA,GUATEMALA,Shrimp equivalents,1520800,256.6052
2015,PERU,PAITA,MARINAZUL S A,MARINAZUL S A,ITALY,EUROPEAN UNION,Shrimp equivalents,144415.31,23.61
2016,PERU,PAITA,MARINAZUL S A,MARINAZUL S A,ITALY,EUROPEAN UNION,Shrimp equivalents,263783.51,38.3025
2017,PERU,PAITA,MARINAZUL S A,MARINAZUL S A,ITALY,EUROPEAN UNION,Shrimp equivalents,130540.5,16.1775
2018,PERU,PAITA,MARINAZUL S A,MARINAZUL S A,ITALY,EUROPEAN UNION,Shrimp equivalents,390512,49.1025
2015,PERU,PAITA,MARINAZUL S A,MARINAZUL S A,JAMAICA,JAMAICA,Shrimp equivalents,104642.5,13.38636
2016,PERU,PAITA,MARINAZUL S A,MARINAZUL S A,JAMAICA,JAMAICA,Shrimp equivalents,845560.75,102.73201
2017,PERU,PAITA,MARINAZUL S A,MARINAZUL S A,JAMAICA,JAMAICA,Shrimp equivalents,489169.8,58.49782
2016,PERU,PAITA,MARINAZUL S A,MARINAZUL S A,JAPAN,JAPAN,Shrimp equivalents,2329571.43,246.51309
2017,PERU,PAITA,MARINAZUL S A,MARINAZUL S A,JAPAN,JAPAN,Shrimp equivalents,2911862.99,320.6064
2018,PERU,PAITA,MARINAZUL S A,MARINAZUL S A,JAPAN,JAPAN,Shrimp equivalents,1942826.4,226.7036
2018,PERU,PAITA,MARINAZUL S A,MARINAZUL S A,NORTH KOREA,NORTH KOREA,Shrimp equivalents,2203861.5,417.3028
2015,PERU,PAITA,MARINAZUL S A,MARINAZUL S A,PANAMA,PANAMA,Shrimp equivalents,146335.5,15.10909
2016,PERU,PAITA,MARINAZUL S A,MARINAZUL S A,PANAMA,PANAMA,Shrimp equivalents,1084798.14,125.35499
2017,PERU,PAITA,MARINAZUL S A,MARINAZUL S A,PANAMA,PANAMA,Shrimp equivalents,388689.8,32.82618
2018,PERU,PAITA,MARINAZUL S A,MARINAZUL S A,PANAMA,PANAMA,Shrimp equivalents,1360562.3,135.22774
2016,PERU,PAITA,MARINAZUL S A,MARINAZUL S A,PORTUGAL,EUROPEAN UNION,Shrimp equivalents,153206.41,20.904
2018,PERU,PAITA,MARINAZUL S A,MARINAZUL S A,PORTUGAL,EUROPEAN UNION,Shrimp equivalents,1113547.3,149.0719
2014,PERU,PAITA,MARINAZUL S A,MARINAZUL S A,RUSSIAN FEDERATION,RUSSIAN FEDERATION,Shrimp equivalents,257836.5,20.0718
2015,PERU,PAITA,MARINAZUL S A,MARINAZUL S A,RUSSIAN FEDERATION,RUSSIAN FEDERATION,Shrimp equivalents,149446.25,32.121
2016,PERU,PAITA,MARINAZUL S A,MARINAZUL S A,RUSSIAN FEDERATION,RUSSIAN FEDERATION,Shrimp equivalents,1239318.13,239.407
2017,PERU,PAITA,MARINAZUL S A,MARINAZUL S A,RUSSIAN FEDERATION,RUSSIAN FEDERATION,Shrimp equivalents,3273762.79,647.489
2018,PERU,PAITA,MARINAZUL S A,MARINAZUL S A,RUSSIAN FEDERATION,RUSSIAN FEDERATION,Shrimp equivalents,4695101.3,1066.329
2016,PERU,PAITA,MARINAZUL S A,MARINAZUL S A,SAUDI ARABIA,SAUDI ARABIA,Shrimp equivalents,332279.12,39.072
2017,PERU,PAITA,MARINAZUL S A,MARINAZUL S A,SAUDI ARABIA,SAUDI ARABIA,Shrimp equivalents,1601007.9,171.252
2013,PERU,PAITA,MARINAZUL S A,MARINAZUL S A,SOUTH KOREA,SOUTH KOREA,Shrimp equivalents,1734512.39,189
2014,PERU,PAITA,MARINAZUL S A,MARINAZUL S A,SOUTH KOREA,SOUTH KOREA,Shrimp equivalents,2210143.61,231
2016,PERU,PAITA,MARINAZUL S A,MARINAZUL S A,SOUTH KOREA,SOUTH KOREA,Shrimp equivalents,1546970.41,197.292
2017,PERU,PAITA,MARINAZUL S A,MARINAZUL S A,SOUTH KOREA,SOUTH KOREA,Shrimp equivalents,1878128.04,255.312
2018,PERU,PAITA,MARINAZUL S A,MARINAZUL S A,SOUTH KOREA,SOUTH KOREA,Shrimp equivalents,138479,17.28
2014,PERU,PAITA,MARINAZUL S A,MARINAZUL S A,SPAIN,EUROPEAN UNION,Shrimp equivalents,174098.7,17
2015,PERU,PAITA,MARINAZUL S A,MARINAZUL S A,SPAIN,EUROPEAN UNION,Shrimp equivalents,874247.11,120.716
2016,PERU,PAITA,MARINAZUL S A,MARINAZUL S A,SPAIN,EUROPEAN UNION,Shrimp equivalents,4031208.5,537.7462
2017,PERU,PAITA,MARINAZUL S A,MARINAZUL S A,SPAIN,EUROPEAN UNION,Shrimp equivalents,8957564.26,1191.3232
2018,PERU,PAITA,MARINAZUL S A,MARINAZUL S A,SPAIN,EUROPEAN UNION,Shrimp equivalents,9477915.79,1368.9932
2017,PERU,PAITA,MARINAZUL S A,MARINAZUL S A,UNITED ARAB EMIRATES,UNITED ARAB EMIRATES,Shrimp equivalents,384729.68,40.644
2018,PERU,PAITA,MARINAZUL S A,MARINAZUL S A,UNITED ARAB EMIRATES,UNITED ARAB EMIRATES,Shrimp equivalents,3345987.8,395.856
2017,PERU,PAITA,MARINAZUL S A,MARINAZUL S A,UNITED KINGDOM,EUROPEAN UNION,Shrimp equivalents,164820.5,17.298
2018,PERU,PAITA,MARINAZUL S A,MARINAZUL S A,UNITED KINGDOM,EUROPEAN UNION,Shrimp equivalents,150182,17.118
2013,PERU,PAITA,MARINAZUL S A,MARINAZUL S A,UNITED STATES,UNITED STATES,Shrimp equivalents,23577600.82,2008.21619
2014,PERU,PAITA,MARINAZUL S A,MARINAZUL S A,UNITED STATES,UNITED STATES,Shrimp equivalents,22621735.31,2068.48393
2015,PERU,PAITA,MARINAZUL S A,MARINAZUL S A,UNITED STATES,UNITED STATES,Shrimp equivalents,4177693.31,471.92741
2016,PERU,PAITA,MARINAZUL S A,MARINAZUL S A,UNITED STATES,UNITED STATES,Shrimp equivalents,26981802.79,3112.8448
2017,PERU,PAITA,MARINAZUL S A,MARINAZUL S A,UNITED STATES,UNITED STATES,Shrimp equivalents,25774755.59,3046.98152
2018,PERU,PAITA,MARINAZUL S A,MARINAZUL S A,UNITED STATES,UNITED STATES,Shrimp equivalents,17601124.52,2485.83097
2016,PERU,PAITA,MARINAZUL S A,MARINAZUL S A,VIETNAM,VIETNAM,Shrimp equivalents,1026175.41,146.14
2017,PERU,PAITA,MARINAZUL S A,MARINAZUL S A,VIETNAM,VIETNAM,Shrimp equivalents,13204557.1,2044.30922
2018,PERU,PAITA,MARINAZUL S A,MARINAZUL S A,VIETNAM,VIETNAM,Shrimp equivalents,18459020.14,3423.19229999999
2013,PERU,PAITA,M.V.P. ENTERPRISE S.R.LTDA.,M.V.P. ENTERPRISE S.R.LTDA.,CANADA,CANADA,Shrimp equivalents,31632.8,3.41101
2014,PERU,PAITA,M.V.P. ENTERPRISE S.R.LTDA.,M.V.P. ENTERPRISE S.R.LTDA.,CANADA,CANADA,Shrimp equivalents,20450,2.02755
2015,PERU,PAITA,M.V.P. ENTERPRISE S.R.LTDA.,M.V.P. ENTERPRISE S.R.LTDA.,CANADA,CANADA,Shrimp equivalents,59045.6,5.39231
2018,PERU,PAITA,M.V.P. ENTERPRISE S.R.LTDA.,M.V.P. ENTERPRISE S.R.LTDA.,CANADA,CANADA,Shrimp equivalents,7920,0.79832
2015,PERU,PAITA,NATURAL FARM S.A.C,NATURAL FARM S.A.C,FRANCE,EUROPEAN UNION,Shrimp equivalents,387570.8,50.128
2016,PERU,PAITA,NATURAL FARM S.A.C,NATURAL FARM S.A.C,FRANCE,EUROPEAN UNION,Shrimp equivalents,986256.48,86.622
2017,PERU,PAITA,NATURAL FARM S.A.C,NATURAL FARM S.A.C,FRANCE,EUROPEAN UNION,Shrimp equivalents,686405,47.16
2014,PERU,PAITA,NATURAL FARM S.A.C,NATURAL FARM S.A.C,GERMANY,EUROPEAN UNION,Shrimp equivalents,760376,52.72
2017,PERU,PAITA,NATURAL FARM S.A.C,NATURAL FARM S.A.C,NETHERLANDS,EUROPEAN UNION,Shrimp equivalents,461226.59,28.01
2018,PERU,PAITA,NATURAL FARM S.A.C,NATURAL FARM S.A.C,NETHERLANDS,EUROPEAN UNION,Shrimp equivalents,1397782,87.222
2015,PERU,PAITA,NATURAL FARM S.A.C,NATURAL FARM S.A.C,SPAIN,EUROPEAN UNION,Shrimp equivalents,51901.85,8.449
2013,PERU,PAITA,NATURAL FARM S.A.C,NATURAL FARM S.A.C,UNITED STATES,UNITED STATES,Shrimp equivalents,463131,40.48312
2014,PERU,PAITA,NATURAL FARM S.A.C,NATURAL FARM S.A.C,UNITED STATES,UNITED STATES,Shrimp equivalents,671454.1,74.5517
2015,PERU,PAITA,NATURAL FARM S.A.C,NATURAL FARM S.A.C,UNITED STATES,UNITED STATES,Shrimp equivalents,124542.5,18.309
2015,PERU,PAITA,PACIFIC FREEZING COMPANY E.I.R.L.,PACIFIC FREEZING COMPANY E.I.R.L.,THAILAND,THAILAND,Shrimp equivalents,246482.8,52.444
2016,PERU,PAITA,PACIFIC FREEZING COMPANY E.I.R.L.,PACIFIC FREEZING COMPANY E.I.R.L.,THAILAND,THAILAND,Shrimp equivalents,77043.72,19.908
2013,PERU,PAITA,PACIFICO AZUL SAC,PACIFICO AZUL SAC,UKRAINE,UKRAINE,Shrimp equivalents,841095.23,143.605
2014,PERU,PAITA,PACIFICO AZUL SAC,PACIFICO AZUL SAC,UKRAINE,UKRAINE,Shrimp equivalents,128050.2,19.84
2013,PERU,PAITA,PACIFICO AZUL SAC,PACIFICO AZUL SAC,UNITED STATES,UNITED STATES,Shrimp equivalents,5882662.56,603.18069
2014,PERU,PAITA,PACIFICO AZUL SAC,PACIFICO AZUL SAC,UNITED STATES,UNITED STATES,Shrimp equivalents,1433380.49,116.38725
2016,PERU,PAITA,PERUPEZ S.A.C.,PERUPEZ S.A.C.,BELGIUM,EUROPEAN UNION,Shrimp equivalents,110124.35,21.8112
2015,PERU,PAITA,PERUPEZ S.A.C.,PERUPEZ S.A.C.,NETHERLANDS,EUROPEAN UNION,Shrimp equivalents,139344,22.8816
2016,PERU,PAITA,PERUPEZ S.A.C.,PERUPEZ S.A.C.,SOUTH KOREA,SOUTH KOREA,Shrimp equivalents,1830.62,0.25
2015,PERU,PAITA,PERUPEZ S.A.C.,PERUPEZ S.A.C.,UNITED STATES,UNITED STATES,Shrimp equivalents,192522,35.5028
2016,PERU,PAITA,PERUPEZ S.A.C.,PERUPEZ S.A.C.,UNITED STATES,UNITED STATES,Shrimp equivalents,3406,0.58112
2016,PERU,PAITA,PESQUERA ABC SAC,PESQUERA ABC SAC,ITALY,EUROPEAN UNION,Shrimp equivalents,769.9,0.104
2016,PERU,PAITA,PESQUERA ABC SAC,PESQUERA ABC SAC,SAUDI ARABIA,SAUDI ARABIA,Shrimp equivalents,1039.5,0.136
2016,PERU,PAITA,PESQUERA ABC SAC,PESQUERA ABC SAC,UNITED STATES,UNITED STATES,Shrimp equivalents,153399.5,22.96819
2016,PERU,PAITA,PESQUERA EXALMAR SA,PESQUERA EXALMAR SA,SPAIN,EUROPEAN UNION,Shrimp equivalents,52793.25,18.38
2015,PERU,PAITA,PESQUERA SAN SIMONE SOCIEDAD ANONIMA CER,PESQUERA SAN SIMONE SOCIEDAD ANONIMA CER,SPAIN,EUROPEAN UNION,Shrimp equivalents,18823.97,4.00428
2015,PERU,PAITA,PESQUERA SAN SIMONE SOCIEDAD ANONIMA CER,PESQUERA SAN SIMONE SOCIEDAD ANONIMA CER,UNITED STATES,UNITED STATES,Shrimp equivalents,5131.85,0.8172
2014,PERU,PAITA,PRODUCTORA ANDINA DE CONGELADOS COMERCIA,PRODUCTORA ANDINA DE CONGELADOS COMERCIA,SPAIN,EUROPEAN UNION,Shrimp equivalents,4607.5,0.95
2016,PERU,PAITA,PRODUCTORA ANDINA DE CONGELADOS COMERCIA,PRODUCTORA ANDINA DE CONGELADOS COMERCIA,SPAIN,EUROPEAN UNION,Shrimp equivalents,2356.2,0.495
2015,PERU,PAITA,PRODUPESCA S A C,PRODUPESCA S A C,UNITED STATES,UNITED STATES,Shrimp equivalents,193102,36.12409
2016,PERU,PAITA,PROVEEDORA DE PRODUCTOS MARINOS SOCIEDAD,PROVEEDORA DE PRODUCTOS MARINOS SOCIEDAD,UNITED STATES,UNITED STATES,Shrimp equivalents,141229.7,16.438
2018,PERU,PAITA,PROVEEDORA DE PRODUCTOS MARINOS SOCIEDAD,PROVEEDORA DE PRODUCTOS MARINOS SOCIEDAD,UNITED STATES,UNITED STATES,Shrimp equivalents,1066707,105.9685
2018,PERU,PAITA,QUICORNAC S A C,QUICORNAC S A C,NETHERLANDS,EUROPEAN UNION,Shrimp equivalents,27000,27
2017,PERU,PAITA,SEAFROST S.A.C.,SEAFROST S.A.C.,CANADA,CANADA,Shrimp equivalents,313461.41,33.22564
2018,PERU,PAITA,SEAFROST S.A.C.,SEAFROST S.A.C.,CANADA,CANADA,Shrimp equivalents,4816917.4,459.55073
2016,PERU,PAITA,SEAFROST S.A.C.,SEAFROST S.A.C.,CHILE,CHILE,Shrimp equivalents,1,0.002
2018,PERU,PAITA,SEAFROST S.A.C.,SEAFROST S.A.C.,CHILE,CHILE,Shrimp equivalents,1,0.001
2017,PERU,PAITA,SEAFROST S.A.C.,SEAFROST S.A.C.,DENMARK,EUROPEAN UNION,Shrimp equivalents,298861.2,36.58
2018,PERU,PAITA,SEAFROST S.A.C.,SEAFROST S.A.C.,DENMARK,EUROPEAN UNION,Shrimp equivalents,733920.2,79.02
2018,PERU,PAITA,SEAFROST S.A.C.,SEAFROST S.A.C.,GERMANY,EUROPEAN UNION,Shrimp equivalents,397444,39.2062
2015,PERU,PAITA,SEAFROST S.A.C.,SEAFROST S.A.C.,ITALY,EUROPEAN UNION,Shrimp equivalents,38133.32,6.49
2016,PERU,PAITA,SEAFROST S.A.C.,SEAFROST S.A.C.,ITALY,EUROPEAN UNION,Shrimp equivalents,248181,36.36
2018,PERU,PAITA,SEAFROST S.A.C.,SEAFROST S.A.C.,ITALY,EUROPEAN UNION,Shrimp equivalents,1717970,158.72
2017,PERU,PAITA,SEAFROST S.A.C.,SEAFROST S.A.C.,MARTINIQUE,MARTINIQUE,Shrimp equivalents,149918.12,18.71
2015,PERU,PAITA,SEAFROST S.A.C.,SEAFROST S.A.C.,MEXICO,MEXICO,Shrimp equivalents,588,0.1
2013,PERU,PAITA,SEAFROST S.A.C.,SEAFROST S.A.C.,PANAMA,PANAMA,Shrimp equivalents,31887.39,4.97495
2016,PERU,PAITA,SEAFROST S.A.C.,SEAFROST S.A.C.,PANAMA,PANAMA,Shrimp equivalents,334473.86,47.17903
2017,PERU,PAITA,SEAFROST S.A.C.,SEAFROST S.A.C.,PANAMA,PANAMA,Shrimp equivalents,634901.99,85.22
2018,PERU,PAITA,SEAFROST S.A.C.,SEAFROST S.A.C.,PANAMA,PANAMA,Shrimp equivalents,146000,24
2017,PERU,PAITA,SEAFROST S.A.C.,SEAFROST S.A.C.,PORTUGAL,EUROPEAN UNION,Shrimp equivalents,292582,31.07
2018,PERU,PAITA,SEAFROST S.A.C.,SEAFROST S.A.C.,PORTUGAL,EUROPEAN UNION,Shrimp equivalents,1159460,109.2015
2018,PERU,PAITA,SEAFROST S.A.C.,SEAFROST S.A.C.,RUSSIAN FEDERATION,RUSSIAN FEDERATION,Shrimp equivalents,223553,19.96
2016,PERU,PAITA,SEAFROST S.A.C.,SEAFROST S.A.C.,SOUTH KOREA,SOUTH KOREA,Shrimp equivalents,154169,16.05717
2015,PERU,PAITA,SEAFROST S.A.C.,SEAFROST S.A.C.,SPAIN,EUROPEAN UNION,Shrimp equivalents,350121.5,53.16
2016,PERU,PAITA,SEAFROST S.A.C.,SEAFROST S.A.C.,SPAIN,EUROPEAN UNION,Shrimp equivalents,375919,54.8838
2018,PERU,PAITA,SEAFROST S.A.C.,SEAFROST S.A.C.,SPAIN,EUROPEAN UNION,Shrimp equivalents,111427,9.4992
2016,PERU,PAITA,SEAFROST S.A.C.,SEAFROST S.A.C.,UNITED STATES,UNITED STATES,Shrimp equivalents,385190.56,46.53132
2017,PERU,PAITA,SEAFROST S.A.C.,SEAFROST S.A.C.,UNITED STATES,UNITED STATES,Shrimp equivalents,6260130.23,671.50446
2018,PERU,PAITA,SEAFROST S.A.C.,SEAFROST S.A.C.,UNITED STATES,UNITED STATES,Shrimp equivalents,19542639.47,1856.0051
2018,PERU,PAITA,SPRING VALLEY FRUIT S A C,SPRING VALLEY FRUIT S A C,ITALY,EUROPEAN UNION,Shrimp equivalents,88247.92,7.47
2015,PERU,PAITA,TUMIMAR SRL,TUMIMAR SRL,SPAIN,EUROPEAN UNION,Shrimp equivalents,588686.1,97.049
2016,PERU,PAITA,TUMIMAR SRL,TUMIMAR SRL,SPAIN,EUROPEAN UNION,Shrimp equivalents,243779,39.604
2013,PERU,PAITA,TUMIMAR SRL,TUMIMAR SRL,UNITED STATES,UNITED STATES,Shrimp equivalents,1371722.08,166.00929
2014,PERU,PAITA,TUMIMAR SRL,TUMIMAR SRL,UNITED STATES,UNITED STATES,Shrimp equivalents,1613171.2,172.73158
2015,PERU,PAITA,TUMIMAR SRL,TUMIMAR SRL,UNITED STATES,UNITED STATES,Shrimp equivalents,1182890.9,170.6278
2016,PERU,PAITA,TUMIMAR SRL,TUMIMAR SRL,UNITED STATES,UNITED STATES,Shrimp equivalents,1041590.47,130.03959
2017,PERU,PAITA,TUMIMAR SRL,TUMIMAR SRL,UNITED STATES,UNITED STATES,Shrimp equivalents,1005018.7,127.21594
2018,PERU,PAITA,TUMIMAR SRL,TUMIMAR SRL,UNITED STATES,UNITED STATES,Shrimp equivalents,743060.3,117.872
2015,PERU,PAITA,VIEIRA PERU S.A.,VIEIRA PERU S.A.,SPAIN,EUROPEAN UNION,Shrimp equivalents,329983,47.99
2013,PERU,PAITA,VIRAZON S A,VIRAZON S A,UNITED STATES,UNITED STATES,Shrimp equivalents,8083373.3,727.71664
2014,PERU,PAITA,VIRAZON S A,VIRAZON S A,UNITED STATES,UNITED STATES,Shrimp equivalents,9778919.91,859.88866
2015,PERU,PAITA,VIRAZON S A,VIRAZON S A,UNITED STATES,UNITED STATES,Shrimp equivalents,7448070.62,857.67695
2016,PERU,PAITA,VIRAZON S A,VIRAZON S A,UNITED STATES,UNITED STATES,Shrimp equivalents,6940664.21,711.60405
2017,PERU,PAITA,VIRAZON S A,VIRAZON S A,UNITED STATES,UNITED STATES,Shrimp equivalents,4975555.89,524.31558
2018,PERU,PAITA,VIRAZON S A,VIRAZON S A,UNITED STATES,UNITED STATES,Shrimp equivalents,3110274.8,365.40785
2013,PERU,PAITA,ZAPATA CHAVEZ RUPERTO ENRIQUE,ZAPATA CHAVEZ RUPERTO ENRIQUE,FRANCE,EUROPEAN UNION,Shrimp equivalents,55244.4,4.39
2013,PERU,PAITA,ZAPATA CHAVEZ RUPERTO ENRIQUE,ZAPATA CHAVEZ RUPERTO ENRIQUE,SPAIN,EUROPEAN UNION,Shrimp equivalents,311737.3,24.258
2016,PERU,PAITA,ZAPATA CHAVEZ RUPERTO ENRIQUE,ZAPATA CHAVEZ RUPERTO ENRIQUE,SPAIN,EUROPEAN UNION,Shrimp equivalents,660516.45,98.895
2017,PERU,PAITA,ZAPATA CHAVEZ RUPERTO ENRIQUE,ZAPATA CHAVEZ RUPERTO ENRIQUE,SPAIN,EUROPEAN UNION,Shrimp equivalents,295491.11,37.91
2013,PERU,PAITA,ZAPATA CHAVEZ RUPERTO ENRIQUE,ZAPATA CHAVEZ RUPERTO ENRIQUE,UNITED STATES,UNITED STATES,Shrimp equivalents,427112.41,43.22735
2014,PERU,PAITA,ZAPATA CHAVEZ RUPERTO ENRIQUE,ZAPATA CHAVEZ RUPERTO ENRIQUE,UNITED STATES,UNITED STATES,Shrimp equivalents,1308961.8,150.7109
2015,PERU,PAITA,ZAPATA CHAVEZ RUPERTO ENRIQUE,ZAPATA CHAVEZ RUPERTO ENRIQUE,UNITED STATES,UNITED STATES,Shrimp equivalents,1005984.5,161.75262
2016,PERU,PAITA,ZAPATA CHAVEZ RUPERTO ENRIQUE,ZAPATA CHAVEZ RUPERTO ENRIQUE,UNITED STATES,UNITED STATES,Shrimp equivalents,645975.2,91.48148
2017,PERU,PAITA,ZAPATA CHAVEZ RUPERTO ENRIQUE,ZAPATA CHAVEZ RUPERTO ENRIQUE,UNITED STATES,UNITED STATES,Shrimp equivalents,126975.2,18.72296
2018,PERU,PISCO,POLARIS E.I.R.L.,POLARIS E.I.R.L.,UNKNOWN COUNTRY,UNKNOWN COUNTRY,Shrimp equivalents,7600.9,2.75
2014,PERU,PISCO,TRITON MARITIME SERVICE S A,TRITON MARITIME SERVICE S A,UNKNOWN COUNTRY,UNKNOWN COUNTRY,Shrimp equivalents,12464.44,2.73307
2018,PERU,PUERTO DEL CALLAO,ALTAMAR FOODS PERU S A C,ALTAMAR FOODS PERU S A C,CANADA,CANADA,Shrimp equivalents,1,0.001
2015,PERU,PUERTO DEL CALLAO,APOLO SERVICE E I R L,APOLO SERVICE E I R L,UNKNOWN COUNTRY,UNKNOWN COUNTRY,Shrimp equivalents,46573.14,14.27444
2017,PERU,PUERTO DEL CALLAO,AUSTRAL GROUP S.A.A,AUSTRAL GROUP S.A.A,FRANCE,EUROPEAN UNION,Shrimp equivalents,64,2.06
2013,PERU,PUERTO DEL CALLAO,CONSORCIO SANGUINETI SOCIEDAD ANONIMA CE,CONSORCIO SANGUINETI SOCIEDAD ANONIMA CE,BELGIUM,EUROPEAN UNION,Shrimp equivalents,1.95,0.0011
2013,PERU,PUERTO DEL CALLAO,CONSORCIO SANGUINETI SOCIEDAD ANONIMA CE,CONSORCIO SANGUINETI SOCIEDAD ANONIMA CE,SPAIN,EUROPEAN UNION,Shrimp equivalents,0.58,0.00127
2014,PERU,PUERTO DEL CALLAO,CONSORCIO SANGUINETI SOCIEDAD ANONIMA CE,CONSORCIO SANGUINETI SOCIEDAD ANONIMA CE,UNITED STATES,UNITED STATES,Shrimp equivalents,10.8,0.00738
2015,PERU,PUERTO DEL CALLAO,CONSORCIO SANGUINETI SOCIEDAD ANONIMA CE,CONSORCIO SANGUINETI SOCIEDAD ANONIMA CE,UNITED STATES,UNITED STATES,Shrimp equivalents,100.01,0.052
2014,PERU,PUERTO DEL CALLAO,CORPORACION REFRIGERADOS INY SA,CORPORACION REFRIGERADOS INY SA,ARGENTINA,ARGENTINA,Shrimp equivalents,111736.03,11.1
2013,PERU,PUERTO DEL CALLAO,CORPORACION REFRIGERADOS INY SA,CORPORACION REFRIGERADOS INY SA,CHILE,CHILE,Shrimp equivalents,385705,41.625
2014,PERU,PUERTO DEL CALLAO,CORPORACION REFRIGERADOS INY SA,CORPORACION REFRIGERADOS INY SA,CHILE,CHILE,Shrimp equivalents,505835,46.35
2016,PERU,PUERTO DEL CALLAO,CORPORACION REFRIGERADOS INY SA,CORPORACION REFRIGERADOS INY SA,CHILE,CHILE,Shrimp equivalents,116750.68,11.625
2016,PERU,PUERTO DEL CALLAO,CORPORACION REFRIGERADOS INY SA,CORPORACION REFRIGERADOS INY SA,CHINA (MAINLAND),CHINA (MAINLAND),Shrimp equivalents,16,0.016
2014,PERU,PUERTO DEL CALLAO,CORPORACION REFRIGERADOS INY SA,CORPORACION REFRIGERADOS INY SA,DENMARK,EUROPEAN UNION,Shrimp equivalents,2.88,0.016
2013,PERU,PUERTO DEL CALLAO,CORPORACION REFRIGERADOS INY SA,CORPORACION REFRIGERADOS INY SA,FRANCE,EUROPEAN UNION,Shrimp equivalents,1.02,0.002
2015,PERU,PUERTO DEL CALLAO,CORPORACION REFRIGERADOS INY SA,CORPORACION REFRIGERADOS INY SA,FRANCE,EUROPEAN UNION,Shrimp equivalents,17.8,0.074
2015,PERU,PUERTO DEL CALLAO,CORPORACION REFRIGERADOS INY SA,CORPORACION REFRIGERADOS INY SA,GERMANY,EUROPEAN UNION,Shrimp equivalents,4.8,0.012
2015,PERU,PUERTO DEL CALLAO,CORPORACION REFRIGERADOS INY SA,CORPORACION REFRIGERADOS INY SA,JAPAN,JAPAN,Shrimp equivalents,93.44,0.064
2016,PERU,PUERTO DEL CALLAO,CORPORACION REFRIGERADOS INY SA,CORPORACION REFRIGERADOS INY SA,JAPAN,JAPAN,Shrimp equivalents,49,0.007
2014,PERU,PUERTO DEL CALLAO,CORPORACION REFRIGERADOS INY SA,CORPORACION REFRIGERADOS INY SA,PANAMA,PANAMA,Shrimp equivalents,5,0.009
2015,PERU,PUERTO DEL CALLAO,CORPORACION REFRIGERADOS INY SA,CORPORACION REFRIGERADOS INY SA,SOUTH KOREA,SOUTH KOREA,Shrimp equivalents,4,0.01
2014,PERU,PUERTO DEL CALLAO,CORPORACION REFRIGERADOS INY SA,CORPORACION REFRIGERADOS INY SA,UNITED ARAB EMIRATES,UNITED ARAB EMIRATES,Shrimp equivalents,2.4,0.022
2014,PERU,PUERTO DEL CALLAO,CORPORACION REFRIGERADOS INY SA,CORPORACION REFRIGERADOS INY SA,UNITED STATES,UNITED STATES,Shrimp equivalents,1.5,0.008
2015,PERU,PUERTO DEL CALLAO,CORPORACION REFRIGERADOS INY SA,CORPORACION REFRIGERADOS INY SA,UNITED STATES,UNITED STATES,Shrimp equivalents,7.55,0.01038
2016,PERU,PUERTO DEL CALLAO,CORPORACION REFRIGERADOS INY SA,CORPORACION REFRIGERADOS INY SA,UNITED STATES,UNITED STATES,Shrimp equivalents,4.09,0.00272
2013,PERU,PUERTO DEL CALLAO,CRIADOR EL GUAMITO S.A.C.,CRIADOR EL GUAMITO S.A.C.,CHILE,CHILE,Shrimp equivalents,75390,12.28
2015,PERU,PUERTO DEL CALLAO,DEXIM SRL,DEXIM SRL,CANADA,CANADA,Shrimp equivalents,40.8,0.00408
2015,PERU,PUERTO DEL CALLAO,DON DELMAR FOODS SOCIEDAD ANONIMA CERRAD,DON DELMAR FOODS SOCIEDAD ANONIMA CERRAD,UNITED STATES,UNITED STATES,Shrimp equivalents,5,0.00204
2015,PERU,PUERTO DEL CALLAO,ECO - ACUICOLA SOCIEDAD ANONIMA CERRADA,ECO - ACUICOLA SOCIEDAD ANONIMA CERRADA,FRANCE,EUROPEAN UNION,Shrimp equivalents,2,0.004
2014,PERU,PUERTO DEL CALLAO,ECO - ACUICOLA SOCIEDAD ANONIMA CERRADA,ECO - ACUICOLA SOCIEDAD ANONIMA CERRADA,UNITED STATES,UNITED STATES,Shrimp equivalents,1,0.00227
2015,PERU,PUERTO DEL CALLAO,ECO - ACUICOLA SOCIEDAD ANONIMA CERRADA,ECO - ACUICOLA SOCIEDAD ANONIMA CERRADA,UNITED STATES,UNITED STATES,Shrimp equivalents,26,0.02847
2016,PERU,PUERTO DEL CALLAO,ECO - ACUICOLA SOCIEDAD ANONIMA CERRADA,ECO - ACUICOLA SOCIEDAD ANONIMA CERRADA,UNITED STATES,UNITED STATES,Shrimp equivalents,16,0.008
2015,PERU,PUERTO DEL CALLAO,GAM CORP S.A.,GAM CORP S.A.,UNITED STATES,UNITED STATES,Shrimp equivalents,10,0.00907
2015,PERU,PUERTO DEL CALLAO,GLOBAL TRADE LEADER S A C,GLOBAL TRADE LEADER S A C,UNKNOWN COUNTRY,UNKNOWN COUNTRY,Shrimp equivalents,12586.96,3.65
2016,PERU,PUERTO DEL CALLAO,ILLARI SOCIEDAD ANONIMA CERRADA,ILLARI SOCIEDAD ANONIMA CERRADA,SOUTH KOREA,SOUTH KOREA,Shrimp equivalents,0.22,0.0003
2015,PERU,PUERTO DEL CALLAO,INVERSIONES PRISCO S A C,INVERSIONES PRISCO S A C,CANADA,CANADA,Shrimp equivalents,1114802.02,90.12
2016,PERU,PUERTO DEL CALLAO,INVERSIONES PRISCO S A C,INVERSIONES PRISCO S A C,CANADA,CANADA,Shrimp equivalents,366287.43,33.54576
2017,PERU,PUERTO DEL CALLAO,INVERSIONES PRISCO S A C,INVERSIONES PRISCO S A C,CANADA,CANADA,Shrimp equivalents,228790.64,23.08464
2018,PERU,PUERTO DEL CALLAO,INVERSIONES PRISCO S A C,INVERSIONES PRISCO S A C,CANADA,CANADA,Shrimp equivalents,71.6,0.01792
2017,PERU,PUERTO DEL CALLAO,INVERSIONES PRISCO S A C,INVERSIONES PRISCO S A C,FRANCE,EUROPEAN UNION,Shrimp equivalents,5,0.005
2017,PERU,PUERTO DEL CALLAO,INVERSIONES PRISCO S A C,INVERSIONES PRISCO S A C,UNITED STATES,UNITED STATES,Shrimp equivalents,12.11,0.01918
2018,PERU,PUERTO DEL CALLAO,INVERSIONES PRISCO S A C,INVERSIONES PRISCO S A C,UNITED STATES,UNITED STATES,Shrimp equivalents,109.5,0.06081
2014,PERU,PUERTO DEL CALLAO,INVERSIONES PROPIURA SOCIEDAD ANONIMA,INVERSIONES PROPIURA SOCIEDAD ANONIMA,UNITED STATES,UNITED STATES,Shrimp equivalents,1,0.00272
2013,PERU,PUERTO DEL CALLAO,LA FRAGATA S A,LA FRAGATA S A,JAPAN,JAPAN,Shrimp equivalents,1,0.0144
2014,PERU,PUERTO DEL CALLAO,LA FRAGATA S A,LA FRAGATA S A,JAPAN,JAPAN,Shrimp equivalents,1,0.0054
2016,PERU,PUERTO DEL CALLAO,LA FRAGATA S A,LA FRAGATA S A,JAPAN,JAPAN,Shrimp equivalents,1,0.004
2013,PERU,PUERTO DEL CALLAO,LA FRAGATA S A,LA FRAGATA S A,UNITED STATES,UNITED STATES,Shrimp equivalents,793576,99.79031
2016,PERU,PUERTO DEL CALLAO,MALBOMIZ IMPORT EXPORT S.R.L.,MALBOMIZ IMPORT EXPORT S.R.L.,CURACAO,CURACAO,Shrimp equivalents,26226.9,2.829
2017,PERU,PUERTO DEL CALLAO,MALBOMIZ IMPORT EXPORT S.R.L.,MALBOMIZ IMPORT EXPORT S.R.L.,CURACAO,CURACAO,Shrimp equivalents,1402.5,0.165
2018,PERU,PUERTO DEL CALLAO,MARINAZUL S A,MARINAZUL S A,CANADA,CANADA,Shrimp equivalents,1,0.004
2013,PERU,PUERTO DEL CALLAO,MARINAZUL S A,MARINAZUL S A,JAPAN,JAPAN,Shrimp equivalents,20,0.07
2017,PERU,PUERTO DEL CALLAO,MARINAZUL S A,MARINAZUL S A,JAPAN,JAPAN,Shrimp equivalents,14,0.014
2018,PERU,PUERTO DEL CALLAO,MARINAZUL S A,MARINAZUL S A,JAPAN,JAPAN,Shrimp equivalents,8,0.004
2017,PERU,PUERTO DEL CALLAO,MARINAZUL S A,MARINAZUL S A,SPAIN,EUROPEAN UNION,Shrimp equivalents,3,0.003
2015,PERU,PUERTO DEL CALLAO,MARINAZUL S A,MARINAZUL S A,UNITED STATES,UNITED STATES,Shrimp equivalents,40,0.01818
2017,PERU,PUERTO DEL CALLAO,MARINAZUL S A,MARINAZUL S A,UNITED STATES,UNITED STATES,Shrimp equivalents,39.44,0.03773
2018,PERU,PUERTO DEL CALLAO,MONDO IMPRENDITORE S A C,MONDO IMPRENDITORE S A C,BELGIUM,EUROPEAN UNION,Shrimp equivalents,3.6,0.01555
2018,PERU,PUERTO DEL CALLAO,MONDO IMPRENDITORE S A C,MONDO IMPRENDITORE S A C,CHINA (HONG KONG),CHINA (HONG KONG),Shrimp equivalents,3,0.00378
2018,PERU,PUERTO DEL CALLAO,MONDO IMPRENDITORE S A C,MONDO IMPRENDITORE S A C,UNITED STATES,UNITED STATES,Shrimp equivalents,6.9,0.05043
2013,PERU,PUERTO DEL CALLAO,NEGOCIACIONES E INVERSIONES SION S A,NEGOCIACIONES E INVERSIONES SION S A,PANAMA,PANAMA,Shrimp equivalents,2,0.00091
2016,PERU,PUERTO DEL CALLAO,PERUVIAN ANDEAN TROUT S A C,PERUVIAN ANDEAN TROUT S A C,UNITED STATES,UNITED STATES,Shrimp equivalents,7,0.00064
2018,PERU,PUERTO DEL CALLAO,PESCANDINA SOCIEDAD ANONIMA CERRADA,PESCANDINA SOCIEDAD ANONIMA CERRADA,UNITED STATES,UNITED STATES,Shrimp equivalents,360,0.03628
2016,PERU,PUERTO DEL CALLAO,POLARIS E.I.R.L.,POLARIS E.I.R.L.,UNKNOWN COUNTRY,UNKNOWN COUNTRY,Shrimp equivalents,2559.44,0.85
2014,PERU,PUERTO DEL CALLAO,PROTEFISH S A C,PROTEFISH S A C,NORWAY,NORWAY,Shrimp equivalents,10,0.03
2016,PERU,PUERTO DEL CALLAO,PROVEEDORA DE PRODUCTOS MARINOS SOCIEDAD,PROVEEDORA DE PRODUCTOS MARINOS SOCIEDAD,UNITED STATES,UNITED STATES,Shrimp equivalents,11.37,0.01137
2018,PERU,PUERTO DEL CALLAO,PROVEEDORA DE PRODUCTOS MARINOS SOCIEDAD,PROVEEDORA DE PRODUCTOS MARINOS SOCIEDAD,UNITED STATES,UNITED STATES,Shrimp equivalents,56,0.0254
2018,PERU,PUERTO DEL CALLAO,PUERTOS DEL PACIFICO S A,PUERTOS DEL PACIFICO S A,CANADA,CANADA,Shrimp equivalents,1,0.0005
2015,PERU,PUERTO DEL CALLAO,SAKANA DEL PERU S.A,SAKANA DEL PERU S.A,JAPAN,JAPAN,Shrimp equivalents,41.2,0.0824
2018,PERU,PUERTO DEL CALLAO,SEAFROST S.A.C.,SEAFROST S.A.C.,CANADA,CANADA,Shrimp equivalents,169.16,0.01879
2017,PERU,PUERTO DEL CALLAO,SEAFROST S.A.C.,SEAFROST S.A.C.,UNITED STATES,UNITED STATES,Shrimp equivalents,72,0.0139
2018,PERU,PUERTO DEL CALLAO,SEAFROST S.A.C.,SEAFROST S.A.C.,UNITED STATES,UNITED STATES,Shrimp equivalents,58.65,0.00673
2017,PERU,PUERTO DEL CALLAO,SGS DEL PERU S.A.C.,SGS DEL PERU S.A.C.,SPAIN,EUROPEAN UNION,Shrimp equivalents,2,0.00095
2018,PERU,PUERTO DEL CALLAO,SPRING VALLEY FRUIT S A C,SPRING VALLEY FRUIT S A C,CHINA (HONG KONG),CHINA (HONG KONG),Shrimp equivalents,0.78,0.00248
2016,PERU,PUERTO DEL CALLAO,VINNCI S A C,VINNCI S A C,UNITED STATES,UNITED STATES,Shrimp equivalents,7,0.0105
2016,PERU,TUMBES,ACUACULTURA TECNICA INTEGRADA DEL PERU S,ACUACULTURA TECNICA INTEGRADA DEL PERU S,SPAIN,EUROPEAN UNION,Shrimp equivalents,48383.6,6.172
2016,PERU,TUMBES,CCORAL S A,CCORAL S A,SPAIN,EUROPEAN UNION,Shrimp equivalents,611438.84,95.708
2016,PERU,TUMBES,DEXIM SRL,DEXIM SRL,ECUADOR,ECUADOR,Shrimp equivalents,107392.77,18.18924
2016,PERU,TUMBES,INTRIAGO ALVAREZ JOSE GREGORIO,INTRIAGO ALVAREZ JOSE GREGORIO,COLOMBIA,COLOMBIA,Shrimp equivalents,3508,8.77
2016,PERU,TUMBES,LANGOSTINERASANMARTINSOCIEDADANONIMACERR,LANGOSTINERASANMARTINSOCIEDADANONIMACERR,SPAIN,EUROPEAN UNION,Shrimp equivalents,124076.35,13.417
2016,PERU,TUMBES,LANGOSTINERA ULISES SA,LANGOSTINERA ULISES SA,SPAIN,EUROPEAN UNION,Shrimp equivalents,320319.94,45.875
2016,PERU,TUMBES,MARINAZUL S A,MARINAZUL S A,UNITED STATES,UNITED STATES,Shrimp equivalents,155517,18.18181
2013,PERU,TUMBES,NATURAL FARM S.A.C,NATURAL FARM S.A.C,ECUADOR,ECUADOR,Shrimp equivalents,321739.19,41.71636
