YEAR,COUNTRY OF PRODUCTION,PORT OF EXPORT,EXPORTER,EXPORTER GROUP,IMPORTER,IMPORTER GROUP,COUNTRY,ECONOMIC BLOC,TYPE,FOB_USD,PALM_KERNEL_EQUIVALENT_TONNES
2018,COLOMBIA,ADUANAS DE BARRANQUI,CARGILL DE COLOMBIA LTDA,CARGILL,CARGILL AMERICAS INC,CARGILL,MEXICO,MEXICO,Palm kernel equivalents,2177675.25,2290.626
2018,COLOMBIA,ADUANAS DE BARRANQUI,CARGILL DE COLOMBIA LTDA,CARGILL,CARGILL BV,CARGILL,NETHERLANDS,EUROPEAN UNION,Palm kernel equivalents,8352783.26,9826.619
2018,COLOMBIA,ADUANAS DE BARRANQUI,CARGILL DE COLOMBIA LTDA,CARGILL,CARGILL DE MEXICO S A DE C V,CARGILL,MEXICO,MEXICO,Palm kernel equivalents,604006.62,516.189
2014,COLOMBIA,ADUANAS DE BARRANQUI,C I ACEPALMA S A,C I ACEPALMA S A,ADM INTERNATIONAL SARL,ADM,NETHERLANDS,EUROPEAN UNION,Palm kernel equivalents,1091332.25,899.86
2013,COLOMBIA,ADUANAS DE BARRANQUI,C I ACEPALMA S A,C I ACEPALMA S A,CARGILL BV,CARGILL,NETHERLANDS,EUROPEAN UNION,Palm kernel equivalents,9895200.06,12000.01
2014,COLOMBIA,ADUANAS DE BARRANQUI,C I ACEPALMA S A,C I ACEPALMA S A,CARGILL BV,CARGILL,NETHERLANDS,EUROPEAN UNION,Palm kernel equivalents,7000174.53,5037.038
2015,COLOMBIA,ADUANAS DE BARRANQUI,C I ACEPALMA S A,C I ACEPALMA S A,CARGILL BV,CARGILL,NETHERLANDS,EUROPEAN UNION,Palm kernel equivalents,1903809.69,2332.269
2016,COLOMBIA,ADUANAS DE BARRANQUI,C I ACEPALMA S A,C I ACEPALMA S A,CARGILL BV,CARGILL,NETHERLANDS,EUROPEAN UNION,Palm kernel equivalents,1053656,751.499
2018,COLOMBIA,ADUANAS DE BARRANQUI,C I ACEPALMA S A,C I ACEPALMA S A,CARGILL BV,CARGILL,NETHERLANDS,EUROPEAN UNION,Palm kernel equivalents,436510.38,430.246
2014,COLOMBIA,ADUANAS DE BARRANQUI,C I ACEPALMA S A,C I ACEPALMA S A,CARGILL REFINED OILS EUROPE B V,CARGILL,NETHERLANDS,EUROPEAN UNION,Palm kernel equivalents,2496595.25,2499.72
2013,COLOMBIA,ADUANAS DE BARRANQUI,C I ACEPALMA S A,C I ACEPALMA S A,ECUAQUIMICA C A,ECUAQUIMICA C A,MEXICO,MEXICO,Palm kernel equivalents,764233.5,1018.978
2014,COLOMBIA,ADUANAS DE BARRANQUI,C I ACEPALMA S A,C I ACEPALMA S A,INDUSTRIALIZADORA OLEOFINOS S A DE C V,INDUSTRIALIZADORA OLEOFINOS S A DE C V,MEXICO,MEXICO,Palm kernel equivalents,421679.25,514.243
2018,COLOMBIA,ADUANAS DE BARRANQUI,C I ACEPALMA S A,C I ACEPALMA S A,LA FABRIL C X A,LA FABRIL C X A,DOMINICAN REPUBLIC,DOMINICAN REPUBLIC,Palm kernel equivalents,318456.49,255.464
2013,COLOMBIA,ADUANAS DE BARRANQUI,C I ACEPALMA S A,C I ACEPALMA S A,WILMAR EUROPE TRADING B V,WILMAR EUROPE TRADING B V,NETHERLANDS,EUROPEAN UNION,Palm kernel equivalents,385991.84,496.772
2016,COLOMBIA,ADUANAS DE BARRANQUI,C I ACEPALMA S A,C I ACEPALMA S A,WILMAR EUROPE TRADING B V,WILMAR EUROPE TRADING B V,NETHERLANDS,EUROPEAN UNION,Palm kernel equivalents,394692.12,514.076
2014,COLOMBIA,ADUANAS DE BARRANQUI,C I BIOCOSTA S A,C I BIOCOSTA S A,ADM INTERNATIONAL SARL,ADM,GERMANY,EUROPEAN UNION,Palm kernel equivalents,3161086.38,3168.465
2017,COLOMBIA,ADUANAS DE BARRANQUI,C I BIOCOSTA S A,C I BIOCOSTA S A,BALTIMAR S A R L,BALTIMAR S A R L,MOROCCO,MOROCCO,Palm kernel equivalents,485406.66,507.217
2013,COLOMBIA,ADUANAS DE BARRANQUI,C I BIOCOSTA S A,C I BIOCOSTA S A,CARGILL AMERICAS INC,CARGILL,MEXICO,MEXICO,Palm kernel equivalents,806063.31,1095.33
2013,COLOMBIA,ADUANAS DE BARRANQUI,C I BIOCOSTA S A,C I BIOCOSTA S A,CARGILL AMERICAS INC,CARGILL,NETHERLANDS,EUROPEAN UNION,Palm kernel equivalents,1983188.44,2563.673
2013,COLOMBIA,ADUANAS DE BARRANQUI,C I BIOCOSTA S A,C I BIOCOSTA S A,CARGILL AMERICAS INC,CARGILL,UNITED KINGDOM,EUROPEAN UNION,Palm kernel equivalents,416291.25,517.132
2013,COLOMBIA,ADUANAS DE BARRANQUI,C I BIOCOSTA S A,C I BIOCOSTA S A,CARGILL BV,CARGILL,NETHERLANDS,EUROPEAN UNION,Palm kernel equivalents,9740438.69,12082.896
2014,COLOMBIA,ADUANAS DE BARRANQUI,C I BIOCOSTA S A,C I BIOCOSTA S A,CARGILL BV,CARGILL,NETHERLANDS,EUROPEAN UNION,Palm kernel equivalents,8424941.82,6842.458
2015,COLOMBIA,ADUANAS DE BARRANQUI,C I BIOCOSTA S A,C I BIOCOSTA S A,CARGILL BV,CARGILL,NETHERLANDS,EUROPEAN UNION,Palm kernel equivalents,20957018.65,24716.534
2016,COLOMBIA,ADUANAS DE BARRANQUI,C I BIOCOSTA S A,C I BIOCOSTA S A,CARGILL BV,CARGILL,NETHERLANDS,EUROPEAN UNION,Palm kernel equivalents,10614758.88,9776.369
2017,COLOMBIA,ADUANAS DE BARRANQUI,C I BIOCOSTA S A,C I BIOCOSTA S A,CARGILL BV,CARGILL,NETHERLANDS,EUROPEAN UNION,Palm kernel equivalents,1652584.15,1501.076
2013,COLOMBIA,ADUANAS DE BARRANQUI,C I BIOCOSTA S A,C I BIOCOSTA S A,CARGILL DE MEXICO S A DE C V,CARGILL,MEXICO,MEXICO,Palm kernel equivalents,3124522.94,4016.547
2014,COLOMBIA,ADUANAS DE BARRANQUI,C I BIOCOSTA S A,C I BIOCOSTA S A,CARGILL DE MEXICO S A DE C V,CARGILL,MEXICO,MEXICO,Palm kernel equivalents,8886473.25,8129.906
2015,COLOMBIA,ADUANAS DE BARRANQUI,C I BIOCOSTA S A,C I BIOCOSTA S A,CARGILL DE MEXICO S A DE C V,CARGILL,MEXICO,MEXICO,Palm kernel equivalents,2183589.59,2262.043
2016,COLOMBIA,ADUANAS DE BARRANQUI,C I BIOCOSTA S A,C I BIOCOSTA S A,CARGILL DE MEXICO S A DE C V,CARGILL,MEXICO,MEXICO,Palm kernel equivalents,3251839,2953.643
2017,COLOMBIA,ADUANAS DE BARRANQUI,C I BIOCOSTA S A,C I BIOCOSTA S A,CARGILL DE MEXICO S A DE C V,CARGILL,MEXICO,MEXICO,Palm kernel equivalents,6813510.62,5870.931
2017,COLOMBIA,ADUANAS DE BARRANQUI,C I BIOCOSTA S A,C I BIOCOSTA S A,EMC2 SRL-ADMNISTRATIVE OFFICE,EMC2 SRL-ADMNISTRATIVE OFFICE,ITALY,EUROPEAN UNION,Palm kernel equivalents,910791.06,981.985
2018,COLOMBIA,ADUANAS DE BARRANQUI,C I BIOCOSTA S A,C I BIOCOSTA S A,GOLDEN AGRI INTL PTE LTD,GOLDEN AGRI INTL PTE LTD,ITALY,EUROPEAN UNION,Palm kernel equivalents,1054317,1012.245
2015,COLOMBIA,ADUANAS DE BARRANQUI,C I BIOCOSTA S A,C I BIOCOSTA S A,INDUSTRIALIZADORA OLEOFINOS S A DE C V,INDUSTRIALIZADORA OLEOFINOS S A DE C V,MEXICO,MEXICO,Palm kernel equivalents,1838764.75,2262.287
2016,COLOMBIA,ADUANAS DE BARRANQUI,C I BIOCOSTA S A,C I BIOCOSTA S A,INDUSTRIALIZADORA OLEOFINOS S A DE C V,INDUSTRIALIZADORA OLEOFINOS S A DE C V,MEXICO,MEXICO,Palm kernel equivalents,5026139.69,4055.374
2017,COLOMBIA,ADUANAS DE BARRANQUI,C I BIOCOSTA S A,C I BIOCOSTA S A,INDUSTRIALIZADORA OLEOFINOS S A DE C V,INDUSTRIALIZADORA OLEOFINOS S A DE C V,MEXICO,MEXICO,Palm kernel equivalents,7506818.43,5927.547
2016,COLOMBIA,ADUANAS DE BARRANQUI,C I BIOCOSTA S A,C I BIOCOSTA S A,IOI LODERS CROKLAAN OILS SDN BHD,IOI LODERS CROKLAAN OILS SDN BHD,NETHERLANDS,EUROPEAN UNION,Palm kernel equivalents,1373330,1000
2015,COLOMBIA,ADUANAS DE BARRANQUI,C I BIOCOSTA S A,C I BIOCOSTA S A,KLK EMMERICH GMBH,KLK EMMERICH GMBH,GERMANY,EUROPEAN UNION,Palm kernel equivalents,1022170,1022.17
2014,COLOMBIA,ADUANAS DE BARRANQUI,C I BIOCOSTA S A,C I BIOCOSTA S A,KLK EMMERICH GMBH,KLK EMMERICH GMBH,NETHERLANDS,EUROPEAN UNION,Palm kernel equivalents,721726.12,713.57
2015,COLOMBIA,ADUANAS DE BARRANQUI,C I BIOCOSTA S A,C I BIOCOSTA S A,LIPIDOS SANTIGA S A,LIPIDOS SANTIGA S A,SPAIN,EUROPEAN UNION,Palm kernel equivalents,468842.09,593.471
2017,COLOMBIA,ADUANAS DE BARRANQUI,C I BIOCOSTA S A,C I BIOCOSTA S A,OLENEX SARL,OLENEX SARL,GERMANY,EUROPEAN UNION,Palm kernel equivalents,1242785.75,1000.23
2018,COLOMBIA,ADUANAS DE BARRANQUI,C I BIOCOSTA S A,C I BIOCOSTA S A,OLENEX S A R L,OLENEX S A R L,GERMANY,EUROPEAN UNION,Palm kernel equivalents,1241349.31,1000.001
2017,COLOMBIA,ADUANAS DE BARRANQUI,C I BIOCOSTA S A,C I BIOCOSTA S A,OLENEX SARL,OLENEX SARL,NETHERLANDS,EUROPEAN UNION,Palm kernel equivalents,2298749,2007.641
2018,COLOMBIA,ADUANAS DE BARRANQUI,C I BIOCOSTA S A,C I BIOCOSTA S A,OLENEX S A R L,OLENEX S A R L,NETHERLANDS,EUROPEAN UNION,Palm kernel equivalents,1380106.31,999.041
2018,COLOMBIA,ADUANAS DE BARRANQUI,C I BIOCOSTA S A,C I BIOCOSTA S A,OLISPED S R L,OLISPED S R L,ITALY,EUROPEAN UNION,Palm kernel equivalents,838707.5,1007.154
2013,COLOMBIA,ADUANAS DE BARRANQUI,C I BIOCOSTA S A,C I BIOCOSTA S A,TEAM FOODS MEXICO SA,TEAM FOODS MEXICO SA,MEXICO,MEXICO,Palm kernel equivalents,79303.43,102.718
2015,COLOMBIA,ADUANAS DE BARRANQUI,C I BIOCOSTA S A,C I BIOCOSTA S A,TEAM FOODS MEXICO SA,TEAM FOODS MEXICO SA,MEXICO,MEXICO,Palm kernel equivalents,539113.83,544.408
2016,COLOMBIA,ADUANAS DE BARRANQUI,C I BIOCOSTA S A,C I BIOCOSTA S A,TEAM FOODS MEXICO SA,TEAM FOODS MEXICO SA,MEXICO,MEXICO,Palm kernel equivalents,532642.59,400
2017,COLOMBIA,ADUANAS DE BARRANQUI,C I BIOCOSTA S A,C I BIOCOSTA S A,TEAM FOODS MEXICO SA,TEAM FOODS MEXICO SA,MEXICO,MEXICO,Palm kernel equivalents,698308.5,412.5
2017,COLOMBIA,ADUANAS DE BARRANQUI,C I BIOCOSTA S A,C I BIOCOSTA S A,WILMAR EUROPE TRADING B V,WILMAR EUROPE TRADING B V,GERMANY,EUROPEAN UNION,Palm kernel equivalents,476853,498.279
2018,COLOMBIA,ADUANAS DE BARRANQUI,C I BIOCOSTA S A,C I BIOCOSTA S A,WILMAR EUROPE TRADING B V,WILMAR EUROPE TRADING B V,GERMANY,EUROPEAN UNION,Palm kernel equivalents,3546404.93,3486.987
2016,COLOMBIA,ADUANAS DE BARRANQUI,C I BIOCOSTA S A,C I BIOCOSTA S A,WILMAR EUROPE TRADING B V,WILMAR EUROPE TRADING B V,NETHERLANDS,EUROPEAN UNION,Palm kernel equivalents,367931.19,297.92
2017,COLOMBIA,ADUANAS DE BARRANQUI,C I BIOCOSTA S A,C I BIOCOSTA S A,WILMAR EUROPE TRADING B V,WILMAR EUROPE TRADING B V,NETHERLANDS,EUROPEAN UNION,Palm kernel equivalents,650167.69,500.129
2018,COLOMBIA,ADUANAS DE BARRANQUI,C I BIOCOSTA S A,C I BIOCOSTA S A,WILMAR EUROPE TRADING B V,WILMAR EUROPE TRADING B V,NETHERLANDS,EUROPEAN UNION,Palm kernel equivalents,1968630.5,1738.213
2015,COLOMBIA,ADUANAS DE BARRANQUI,C I TEQUENDAMA S A S,C I TEQUENDAMA S A S,DAABON ORGANIC AUSTRALIA PTY LTD,DAABON ORGANIC AUSTRALIA PTY LTD,AUSTRALIA,AUSTRALIA,Palm kernel equivalents,1822.5,0.405
2017,COLOMBIA,ADUANAS DE BARRANQUI,GRASAS Y ACEITES VEGETALES LTDA,GRASAS Y ACEITES VEGETALES LTDA,ALMAD AGROINDUSTRIAL LTDA,ALMAD AGROINDUSTRIAL LTDA,BRAZIL,BRAZIL,Palm kernel equivalents,95190.32,85.2
2018,COLOMBIA,ADUANAS DE BARRANQUI,GRASAS Y ACEITES VEGETALES LTDA,GRASAS Y ACEITES VEGETALES LTDA,ALMAD AGROINDUSTRIAL LTDA,ALMAD AGROINDUSTRIA LTD,BRAZIL,BRAZIL,Palm kernel equivalents,43728.06,39.69
2018,COLOMBIA,ADUANAS DE BARRANQUI,GRASAS Y ACEITES VEGETALES LTDA,GRASAS Y ACEITES VEGETALES LTDA,AVEX SA,AVEX S A,ARGENTINA,ARGENTINA,Palm kernel equivalents,1024442.05,919.36
2017,COLOMBIA,ADUANAS DE BARRANQUI,GRASAS Y ACEITES VEGETALES LTDA,GRASAS Y ACEITES VEGETALES LTDA,BUNGE ARGENTINA SA,BUNGE,ARGENTINA,ARGENTINA,Palm kernel equivalents,128503.21,101.906
2018,COLOMBIA,ADUANAS DE BARRANQUI,GRASAS Y ACEITES VEGETALES LTDA,GRASAS Y ACEITES VEGETALES LTDA,BUNGE ARGENTINA SA,BUNGE,ARGENTINA,ARGENTINA,Palm kernel equivalents,180074.98,99.65
2017,COLOMBIA,ADUANAS DE BARRANQUI,GRASAS Y ACEITES VEGETALES LTDA,GRASAS Y ACEITES VEGETALES LTDA,CIA ARGENTINA DE LEVADURAS S A,CIA ARGENTINA DE LEVADURAS S A,ARGENTINA,ARGENTINA,Palm kernel equivalents,685699.65,622.03
2017,COLOMBIA,ADUANAS DE BARRANQUI,GRASAS Y ACEITES VEGETALES LTDA,GRASAS Y ACEITES VEGETALES LTDA,ENZUR S A,ENZUR S A,URUGUAY,URUGUAY,Palm kernel equivalents,296894.55,238.31
2018,COLOMBIA,ADUANAS DE BARRANQUI,GRASAS Y ACEITES VEGETALES LTDA,GRASAS Y ACEITES VEGETALES LTDA,ENZUR S A,ENZUR S A,URUGUAY,URUGUAY,Palm kernel equivalents,115548.2,86.23
2017,COLOMBIA,ADUANAS DE BARRANQUI,GRASAS Y ACEITES VEGETALES LTDA,GRASAS Y ACEITES VEGETALES LTDA,JOSE GUMA S A,JOSE GUMA S A,ARGENTINA,ARGENTINA,Palm kernel equivalents,204497.7,168.76
2018,COLOMBIA,ADUANAS DE BARRANQUI,GRASAS Y ACEITES VEGETALES LTDA,GRASAS Y ACEITES VEGETALES LTDA,JOSE GUMA S A,JOSE GUMA S A,ARGENTINA,ARGENTINA,Palm kernel equivalents,57894.95,43.33
2018,COLOMBIA,ADUANAS DE BARRANQUI,GRASAS Y ACEITES VEGETALES LTDA,GRASAS Y ACEITES VEGETALES LTDA,MAIAN IMP E EXP DE PRODS QUIMICOS LTD,MAIAN IMP E EXP DE PRODS QUIMICOS LTD,BRAZIL,BRAZIL,Palm kernel equivalents,24579.78,21.59
2017,COLOMBIA,ADUANAS DE BARRANQUI,GRASAS Y ACEITES VEGETALES LTDA,GRASAS Y ACEITES VEGETALES LTDA,MAIAN IMPORTACAO E EXPORTACAO DE PRODUTOS QUIMICOS LTDA,MAIAN IMPORTACAO E EXPORTACAO DE PRODUTOS QUIMICOS LTDA,BRAZIL,BRAZIL,Palm kernel equivalents,29540.37,21.49
2017,COLOMBIA,ADUANAS DE BARRANQUI,GRASAS Y ACEITES VEGETALES LTDA,GRASAS Y ACEITES VEGETALES LTDA,MAIAN IMPORTACION E EXPORTACION DE PRODUTOS QUIMICOS LTDA,MAIAN IMPORTACION E EXPORTACION DE PRODUTOS QUIMICOS LTDA,BRAZIL,BRAZIL,Palm kernel equivalents,30875.6,21.48
2017,COLOMBIA,ADUANAS DE BARRANQUI,GRASAS Y ACEITES VEGETALES LTDA,GRASAS Y ACEITES VEGETALES LTDA,M DIAS BRANCO INDUSTRIA E COMERCIO DE ALIMENTOS LTDA DIV GME,M DIAS BRANCO INDUSTRIA E COMERCIO DE ALIMENTOS LTDA DIV GME,BRAZIL,BRAZIL,Palm kernel equivalents,150759.25,107.54
2017,COLOMBIA,ADUANAS DE BARRANQUI,GRASAS Y ACEITES VEGETALES LTDA,GRASAS Y ACEITES VEGETALES LTDA,MIGUEL MARITANO IND DE JABONES S A,MIGUEL MARITANO IND DE JABONES S A,CHILE,CHILE,Palm kernel equivalents,116956.2,86.3
2018,COLOMBIA,ADUANAS DE BARRANQUI,GRASAS Y ACEITES VEGETALES LTDA,GRASAS Y ACEITES VEGETALES LTDA,MIGUEL MARITANO IND DE JABONES S A,MIGUEL MARITANO IND DE JABONES S A,CHILE,CHILE,Palm kernel equivalents,75998.03,63.86
2018,COLOMBIA,ADUANAS DE BARRANQUI,GRASAS Y ACEITES VEGETALES LTDA,GRASAS Y ACEITES VEGETALES LTDA,OLFAR S A ALIMENTO E ENERGIA,OLFAR S A ALIMENTO E ENERGIA,BRAZIL,BRAZIL,Palm kernel equivalents,231915.81,212.64
2017,COLOMBIA,ADUANAS DE BARRANQUI,GRASAS Y ACEITES VEGETALES LTDA,GRASAS Y ACEITES VEGETALES LTDA,QUIMICA AMPARO LTDA,QUIMICA AMPARO LTDA,BRAZIL,BRAZIL,Palm kernel equivalents,1585433.98,1381.49
2018,COLOMBIA,ADUANAS DE BARRANQUI,GRASAS Y ACEITES VEGETALES LTDA,GRASAS Y ACEITES VEGETALES LTDA,QUIMICA AMPARO LTD,QUIMICA AMPARO LTD,BRAZIL,BRAZIL,Palm kernel equivalents,1531244.28,1452.27
2017,COLOMBIA,ADUANAS DE BARRANQUI,GRASAS Y ACEITES VEGETALES LTDA,GRASAS Y ACEITES VEGETALES LTDA,RAZZO LTD,RAZZO LTD,BRAZIL,BRAZIL,Palm kernel equivalents,352555.57,340.69
2018,COLOMBIA,ADUANAS DE BARRANQUI,GRASAS Y ACEITES VEGETALES LTDA,GRASAS Y ACEITES VEGETALES LTDA,RAZZO LTD,RAZZO LTD,BRAZIL,BRAZIL,Palm kernel equivalents,486247.39,396.42
2017,COLOMBIA,ADUANAS DE BARRANQUI,GRASAS Y ACEITES VEGETALES LTDA,GRASAS Y ACEITES VEGETALES LTDA,REFINERIA DE GRASAS SUDAMERICANA S A,REFINERIA DE GRASAS SUDAMERICANA S A,ARGENTINA,ARGENTINA,Palm kernel equivalents,195878.3,172.58
2017,COLOMBIA,ADUANAS DE BARRANQUI,GRASAS Y ACEITES VEGETALES LTDA,GRASAS Y ACEITES VEGETALES LTDA,REFINERIA DEL CENTRO SA,REFINERIA DEL CENTRO SA,ARGENTINA,ARGENTINA,Palm kernel equivalents,565460.09,387.59
2018,COLOMBIA,ADUANAS DE BARRANQUI,GRASAS Y ACEITES VEGETALES LTDA,GRASAS Y ACEITES VEGETALES LTDA,REFINERIA DEL CENTRO S A,REFINERIA DEL CENTRO S A,ARGENTINA,ARGENTINA,Palm kernel equivalents,596484.75,532.97
2018,COLOMBIA,ADUANAS DE BARRANQUI,GRASAS Y ACEITES VEGETALES LTDA,GRASAS Y ACEITES VEGETALES LTDA,REFINERIAS DE GRASAS SUDAMERICANA S A,REFINERIAS DE GRASAS SUDAMERICANA S A,ARGENTINA,ARGENTINA,Palm kernel equivalents,405508.86,365.71
2017,COLOMBIA,ADUANAS DE BARRANQUI,GRASAS Y ACEITES VEGETALES LTDA,GRASAS Y ACEITES VEGETALES LTDA,RIS S A,RIS S A,ARGENTINA,ARGENTINA,Palm kernel equivalents,29534.6,21.54
2018,COLOMBIA,ADUANAS DE BARRANQUI,GRASAS Y ACEITES VEGETALES LTDA,GRASAS Y ACEITES VEGETALES LTDA,WATT S S A,WATT S S A,CHILE,CHILE,Palm kernel equivalents,43932.46,42.75
2015,COLOMBIA,ADUANAS DE BARRANQUI,GRASAS Y DERIVADOS S A,GRASAS Y DERIVADOS S A,ESPALSA S A,ESPALSA S A,DOMINICAN REPUBLIC,DOMINICAN REPUBLIC,Palm kernel equivalents,22375.76,13.598
2017,COLOMBIA,ADUANAS DE BARRANQUI,INDUSTRIAL AGRARIA LA PALMA LTDA INDUPALMA LTDA,INDUSTRIAL AGRARIA LA PALMA LTDA INDUPALMA LTDA,QUIMICA AMPARO LTDA,QUIMICA AMPARO LTDA,BRAZIL,BRAZIL,Palm kernel equivalents,551446.87,312.08
2016,COLOMBIA,ADUANAS DE BARRANQUI,INDUTRADE COLOMBIA S A S,INDUTRADE COLOMBIA S A S,CARGILL BV,CARGILL,NETHERLANDS,EUROPEAN UNION,Palm kernel equivalents,632297,501.823
2018,COLOMBIA,ADUANAS DE BARRANQUI,INDUTRADE SOC DE COMERCIALIZACION INTL S A S,INDUTRADE SOC DE COMERCIALIZACION INTL S A S,ADM AMERICAS S DE R L,ADM,GERMANY,EUROPEAN UNION,Palm kernel equivalents,667523.56,509.016
2016,COLOMBIA,ADUANAS DE BARRANQUI,INDUTRADE SOCIEDAD DE COMERCIALIZACION INTERNACIONAL S A S,INDUTRADE SOCIEDAD DE COMERCIALIZACION INTERNACIONAL S A S,CARGILL BV,CARGILL,NETHERLANDS,EUROPEAN UNION,Palm kernel equivalents,385602.56,301.252
2016,COLOMBIA,ADUANAS DE BARRANQUI,INDUTRADE SOCIEDAD DE COMERCIALIZACION INTERNACIONAL S A S,INDUTRADE SOCIEDAD DE COMERCIALIZACION INTERNACIONAL S A S,CARGILL DE MEXICO S A DE C V,CARGILL,MEXICO,MEXICO,Palm kernel equivalents,1175427.5,913.417
2016,COLOMBIA,ADUANAS DE BARRANQUI,INDUTRADE SOCIEDAD DE COMERCIALIZACION INTERNACIONAL S A S,INDUTRADE SOCIEDAD DE COMERCIALIZACION INTERNACIONAL S A S,INDUSTRIALIZADORA OLEOFINOS S A DE C V,INDUSTRIALIZADORA OLEOFINOS S A DE C V,MEXICO,MEXICO,Palm kernel equivalents,227154.05,158.809
2017,COLOMBIA,ADUANAS DE BARRANQUI,INDUTRADE SOCIEDAD DE COMERCIALIZACION INTERNACIONAL S A S,INDUTRADE SOCIEDAD DE COMERCIALIZACION INTERNACIONAL S A S,INDUSTRIALIZADORA OLEOFINOS S A DE C V,INDUSTRIALIZADORA OLEOFINOS S A DE C V,MEXICO,MEXICO,Palm kernel equivalents,463688.72,271.163
2016,COLOMBIA,ADUANAS DE BARRANQUI,INDUTRADE SOCIEDAD DE COMERCIALIZACION INTERNACIONAL S A S,INDUTRADE SOCIEDAD DE COMERCIALIZACION INTERNACIONAL S A S,TEAM FOODS MEXICO SA,TEAM FOODS MEXICO SA,MEXICO,MEXICO,Palm kernel equivalents,290627.69,203.185
2017,COLOMBIA,ADUANAS DE BARRANQUI,INDUTRADE SOCIEDAD DE COMERCIALIZACION INTERNACIONAL S A S,INDUTRADE SOCIEDAD DE COMERCIALIZACION INTERNACIONAL S A S,TEAM FOODS MEXICO SA,TEAM FOODS MEXICO SA,MEXICO,MEXICO,Palm kernel equivalents,335409.75,206.406
2013,COLOMBIA,ADUANAS DE BARRANQUI,SOC DE COMERCIALIZACION INTERNACIONAL MIRA LTDA,SOC DE COMERCIALIZACION INTERNACIONAL MIRA LTDA,CARGILL DE MEXICO S A DE C V,CARGILL,MEXICO,MEXICO,Palm kernel equivalents,958766,1001.5
2013,COLOMBIA,ADUANAS DE BARRANQUI,SOC DE COMERCIALIZACION INTERNACIONAL MIRA LTDA,SOC DE COMERCIALIZACION INTERNACIONAL MIRA LTDA,FABRICA DE JABON LA CORONA S A DE C V,FABRICA DE JABON LA CORONA S A DE C V,MEXICO,MEXICO,Palm kernel equivalents,86753.24,90.62
2015,COLOMBIA,ADUANAS DE BARRANQUI,SOC DE COMERCIALIZACION INTERNACIONAL MIRA LTDA,SOC DE COMERCIALIZACION INTERNACIONAL MIRA LTDA,IOI LODERS CROKLAAN OILS SDN BHD,IOI LODERS CROKLAAN OILS SDN BHD,NETHERLANDS,EUROPEAN UNION,Palm kernel equivalents,959028.06,1051.174
2014,COLOMBIA,ADUANAS DE BARRANQUI,SOC DE COMERCIALIZACION INTERNACIONAL MIRA LTDA,SOC DE COMERCIALIZACION INTERNACIONAL MIRA LTDA,KLK EMMERICH GMBH,KLK EMMERICH GMBH,NETHERLANDS,EUROPEAN UNION,Palm kernel equivalents,636096.06,641.2
2015,COLOMBIA,ADUANAS DE BARRANQUI,SOC DE COMERCIALIZACION INTERNACIONAL MIRA LTDA,SOC DE COMERCIALIZACION INTERNACIONAL MIRA LTDA,KLK EMMERICH GMBH,KLK EMMERICH GMBH,NETHERLANDS,EUROPEAN UNION,Palm kernel equivalents,889636.81,1003.38
2015,COLOMBIA,ADUANAS DE BARRANQUI,SOC DE COMERCIALIZACION INTERNACIONAL MIRA LTDA,SOC DE COMERCIALIZACION INTERNACIONAL MIRA LTDA,LIPIDOS SANTIGA S A,LIPIDOS SANTIGA S A,SPAIN,EUROPEAN UNION,Palm kernel equivalents,242694.06,256.849
2015,COLOMBIA,ADUANAS DE BARRANQUI,SOC DE COMERCIALIZACION INTERNACIONAL MIRA LTDA,SOC DE COMERCIALIZACION INTERNACIONAL MIRA LTDA,SIME DARBY UNIMILLS B V,SIME DARBY UNIMILLS B V,NETHERLANDS,EUROPEAN UNION,Palm kernel equivalents,1499749.69,2001.511
2013,COLOMBIA,ADUANAS DE BARRANQUI,SOC DE COMERCIALIZACION INTERNACIONAL MIRA LTDA,SOC DE COMERCIALIZACION INTERNACIONAL MIRA LTDA,THIN OIL PRODUCTS L L C,THIN OIL PRODUCTS L L C,BRAZIL,BRAZIL,Palm kernel equivalents,802141.19,954.93
2013,COLOMBIA,ADUANAS DE BARRANQUI,TEAM FOODS COLOMBIA S A,TEAM FOODS COLOMBIA S A,UNILEVER BRASIL INDUSTRIAL,UNILEVER,TRINIDAD AND TOBAGO,TRINIDAD AND TOBAGO,Palm kernel equivalents,356756.35,269.97
2014,COLOMBIA,ADUANAS DE BARRANQUI,TEAM FOODS COLOMBIA S A,TEAM FOODS COLOMBIA S A,UNILEVER BRASIL INDUSTRIAL,UNILEVER,TRINIDAD AND TOBAGO,TRINIDAD AND TOBAGO,Palm kernel equivalents,683115.18,414.12
2015,COLOMBIA,ADUANAS DE BARRANQUI,TEAM FOODS COLOMBIA S A,TEAM FOODS COLOMBIA S A,UNILEVER BRASIL INDUSTRIAL,UNILEVER,TRINIDAD AND TOBAGO,TRINIDAD AND TOBAGO,Palm kernel equivalents,431704.6,299.47
2016,COLOMBIA,ADUANAS DE BARRANQUI,TEAM FOODS COLOMBIA S A,TEAM FOODS COLOMBIA S A,UNILEVER BRASIL INDUSTRIAL,UNILEVER,TRINIDAD AND TOBAGO,TRINIDAD AND TOBAGO,Palm kernel equivalents,138039.92,106.49
2017,COLOMBIA,ADUANAS DE BARRANQUI,TEAM FOODS COLOMBIA S A,TEAM FOODS COLOMBIA S A,UNILEVER CARIBE S A,UNILEVER CARIBE S A,DOMINICAN REPUBLIC,DOMINICAN REPUBLIC,Palm kernel equivalents,35940.32,21.58
2018,COLOMBIA,ADUANAS DE BARRANQUI,TEAM FOODS COL S A Y PODRA UTILIZAR LAS SIGLAS ACEGRASAS S A,TEAM FOODS COL S A Y PODRA UTILIZAR LAS SIGLAS ACEGRASAS S A,UNILEVER CARIBE S A,UNILEVER CARIBE S A,DOMINICAN REPUBLIC,DOMINICAN REPUBLIC,Palm kernel equivalents,108764.8,60.35
2013,COLOMBIA,BOGOTA,BEL-STAR S A,BEL-STAR S A,CETCO S A,CETCO S A,PERU,PERU,Palm kernel equivalents,139.72,0.0303
2014,COLOMBIA,BOGOTA,BEL-STAR S A,BEL-STAR S A,CETCO S A,CETCO S A,PERU,PERU,Palm kernel equivalents,80.84,0.007
2015,COLOMBIA,BOGOTA,BEL-STAR S A,BEL-STAR S A,CETCO S A,CETCO S A,PERU,PERU,Palm kernel equivalents,30.57,0.0058
2018,COLOMBIA,BOGOTA,GREEN ANDINA COLOMBIA LTDA,GREEN ANDINA COLOMBIA LTDA,BOTANIKA LIVING INC,BOTANIKA LIVING INC,CANADA,CANADA,Palm kernel equivalents,20.1,0.005
2014,COLOMBIA,BOGOTA,TEAM FOODS COLOMBIA S A,TEAM FOODS COLOMBIA S A,PRODUCTOS ALIMENTICIOS PASCUAL S A,PRODUCTOS ALIMENTICIOS PASCUAL S A,PANAMA,PANAMA,Palm kernel equivalents,22,0.396
2015,COLOMBIA,BUENAVENTURA,TEAM FOODS COLOMBIA S A,TEAM FOODS COLOMBIA S A,CIA INTL DE ALIMENTOS S A,CIA INTL DE ALIMENTOS S A,BOLIVIA,BOLIVIA,Palm kernel equivalents,14148.38,7.9
2014,COLOMBIA,BUENAVENTURA,TEAM FOODS COLOMBIA S A,TEAM FOODS COLOMBIA S A,TEAM FOODS CHILE S A,TEAM FOODS CHILE S A,CHILE,CHILE,Palm kernel equivalents,381152.92,253.56
2015,COLOMBIA,BUENAVENTURA,TEAM FOODS COLOMBIA S A,TEAM FOODS COLOMBIA S A,TEAM FOODS CHILE S A,TEAM FOODS CHILE S A,CHILE,CHILE,Palm kernel equivalents,360836.62,306.47065
2013,COLOMBIA,BUENAVENTURA,TEAM FOODS COLOMBIA S A,TEAM FOODS COLOMBIA S A,TEAM FOODS MEXICO SA,TEAM FOODS MEXICO SA,MEXICO,MEXICO,Palm kernel equivalents,1124771.34,1078.75
2014,COLOMBIA,BUENAVENTURA,TEAM FOODS COLOMBIA S A,TEAM FOODS COLOMBIA S A,TEAM FOODS MEXICO SA,TEAM FOODS MEXICO SA,MEXICO,MEXICO,Palm kernel equivalents,1534248.15,1244.63
2018,COLOMBIA,ESPECIAL DE CARTAGENA,C I ACEPALMA S A,C I ACEPALMA S A,ENZUR S A,ENZUR S A,URUGUAY,URUGUAY,Palm kernel equivalents,23641.89,21.83
2015,COLOMBIA,ESPECIAL DE CARTAGENA,C I ACEPALMA S A,C I ACEPALMA S A,M DIAS BRANCO INDUSTRIA E COMERCIO DE ALIMENTOS LTDA DIV GME,M DIAS BRANCO INDUSTRIA E COMERCIO DE ALIMENTOS LTDA DIV GME,BRAZIL,BRAZIL,Palm kernel equivalents,55490.18,59.475
2017,COLOMBIA,ESPECIAL DE CARTAGENA,GRASAS Y ACEITES VEGETALES LTDA,GRASAS Y ACEITES VEGETALES LTDA,JOSE GUMA S A,JOSE GUMA S A,ARGENTINA,ARGENTINA,Palm kernel equivalents,56142.54,43.93
2015,COLOMBIA,ESPECIAL DE CARTAGENA,INDUTRADE COLOMBIA S A S,INDUTRADE COLOMBIA S A S,CLARIANT ARGENTINA S A,CLARIANT ARGENTINA S A,ARGENTINA,ARGENTINA,Palm kernel equivalents,21641.76,21.47
2018,COLOMBIA,ESPECIAL DE CARTAGENA,INDUTRADE COLOMBIA S A S,INDUTRADE COLOMBIA S A S,CLARIANT ARGENTINA S A,CLARIANT ARGENTINA S A,ARGENTINA,ARGENTINA,Palm kernel equivalents,46781.54,43.41
2014,COLOMBIA,ESPECIAL DE CARTAGENA,INDUTRADE COLOMBIA S A S,INDUTRADE COLOMBIA S A S,JOSE GUMA S A,JOSE GUMA S A,ARGENTINA,ARGENTINA,Palm kernel equivalents,45074.1,43.31
2015,COLOMBIA,ESPECIAL DE CARTAGENA,INDUTRADE COLOMBIA S A S,INDUTRADE COLOMBIA S A S,RAZZO LTD,RAZZO LTD,BRAZIL,BRAZIL,Palm kernel equivalents,135255.09,131.8
2015,COLOMBIA,ESPECIAL DE CARTAGENA,INDUTRADE COLOMBIA S A S,INDUTRADE COLOMBIA S A S,WATTS S A,WATTS S A,CHILE,CHILE,Palm kernel equivalents,195252.09,173.37
2014,COLOMBIA,ESPECIAL DE CARTAGENA,TEAM FOODS COLOMBIA S A,TEAM FOODS COLOMBIA S A,TEAM FOODS MEXICO SA,TEAM FOODS MEXICO SA,MEXICO,MEXICO,Palm kernel equivalents,238293.57,136.07
2013,COLOMBIA,ESPECIAL DE CARTAGENA,TEAM FOODS COLOMBIA S A,TEAM FOODS COLOMBIA S A,UNILEVER BRASIL INDUSTRIAL,UNILEVER,TRINIDAD AND TOBAGO,TRINIDAD AND TOBAGO,Palm kernel equivalents,25417.03,20.41
2016,COLOMBIA,IPIALES,AZUL K S A,AZUL K S A,SAN DANIEL EXTRACTORA SAN DANIEL CIA LTDA,SAN DANIEL EXTRACTORA SAN DANIEL CIA LTDA,ECUADOR,ECUADOR,Palm kernel equivalents,45000,30
2018,COLOMBIA,IPIALES,C I PRODMERCAR LTDA,C I PRODMERCAR LTDA,EXP IMP AYLEN E I R L,EXP IMP AYLEN E I R L,ECUADOR,ECUADOR,Palm kernel equivalents,104000,64
2017,COLOMBIA,IPIALES,HADA S A,HADA S A,SAN DANIEL EXTRACTORA SAN DANIEL CIA LTDA,SAN DANIEL EXTRACTORA SAN DANIEL CIA LTDA,ECUADOR,ECUADOR,Palm kernel equivalents,37327.5,30
2017,COLOMBIA,IPIALES,TEAM FOODS COLOMBIA S A,TEAM FOODS COLOMBIA S A,CIALZ INTL CIECOPALMA S A,CIALZ INTL CIECOPALMA S A,ECUADOR,ECUADOR,Palm kernel equivalents,42590.39,29.93
2016,COLOMBIA,SANTA MARTA,AGROPECUARIA SANTAMARIA S A,AGROPECUARIA SANTAMARIA S A,CARGILL AGRICOLA SA,CARGILL,BRAZIL,BRAZIL,Palm kernel equivalents,152943.36,111.255
2014,COLOMBIA,SANTA MARTA,C I ACEPALMA S A,C I ACEPALMA S A,AARHUSKARLSHAMN,AARHUSKARLSHAMN,NETHERLANDS,EUROPEAN UNION,Palm kernel equivalents,1597379.12,1150.021
2014,COLOMBIA,SANTA MARTA,C I ACEPALMA S A,C I ACEPALMA S A,ACEITERA GENERAL DEHEZA SA.,ACEITERA GENERAL DEHEZA SA.,ARGENTINA,ARGENTINA,Palm kernel equivalents,20751.48,21.24
2015,COLOMBIA,SANTA MARTA,C I ACEPALMA S A,C I ACEPALMA S A,ACEITERA GENERAL DEHEZA SA.,ACEITERA GENERAL DEHEZA SA.,ARGENTINA,ARGENTINA,Palm kernel equivalents,63524.33,63.95
2017,COLOMBIA,SANTA MARTA,C I ACEPALMA S A,C I ACEPALMA S A,ACEITERA GENERAL DEHEZA SA.,ACEITERA GENERAL DEHEZA SA.,ARGENTINA,ARGENTINA,Palm kernel equivalents,47308.86,43.03
2018,COLOMBIA,SANTA MARTA,C I ACEPALMA S A,C I ACEPALMA S A,ACEITERA GRAL DEHEZA S A,ACEITERA GRAL DEHEZA S A,ARGENTINA,ARGENTINA,Palm kernel equivalents,269532.58,234.86
2015,COLOMBIA,SANTA MARTA,C I ACEPALMA S A,C I ACEPALMA S A,ALICORP ARGENTINA S C A,ALICORP ARGENTINA S C A,ARGENTINA,ARGENTINA,Palm kernel equivalents,237417.6,230.63
2017,COLOMBIA,SANTA MARTA,C I ACEPALMA S A,C I ACEPALMA S A,ALICORP ARGENTINA S C A,ALICORP ARGENTINA S C A,ARGENTINA,ARGENTINA,Palm kernel equivalents,829273.39,659.37
2018,COLOMBIA,SANTA MARTA,C I ACEPALMA S A,C I ACEPALMA S A,ALICORP ARGENTINA S C A,ALICORP ARGENTINA S C A,ARGENTINA,ARGENTINA,Palm kernel equivalents,889993.19,697.755
2017,COLOMBIA,SANTA MARTA,C I ACEPALMA S A,C I ACEPALMA S A,ALMAD AGROINDUSTRIAL LTDA,ALMAD AGROINDUSTRIAL LTDA,BRAZIL,BRAZIL,Palm kernel equivalents,101307.52,88.375
2018,COLOMBIA,SANTA MARTA,C I ACEPALMA S A,C I ACEPALMA S A,ALMAD AGROINDUSTRIAL LTDA,ALMAD AGROINDUSTRIA LTD,BRAZIL,BRAZIL,Palm kernel equivalents,27121.04,18.73
2013,COLOMBIA,SANTA MARTA,C I ACEPALMA S A,C I ACEPALMA S A,CARGILL BV,CARGILL,NETHERLANDS,EUROPEAN UNION,Palm kernel equivalents,2769289.66,3351.751
2014,COLOMBIA,SANTA MARTA,C I ACEPALMA S A,C I ACEPALMA S A,CARGILL BV,CARGILL,NETHERLANDS,EUROPEAN UNION,Palm kernel equivalents,11730484.25,10969.362
2015,COLOMBIA,SANTA MARTA,C I ACEPALMA S A,C I ACEPALMA S A,CARGILL BV,CARGILL,NETHERLANDS,EUROPEAN UNION,Palm kernel equivalents,8991091.87,10109.069
2016,COLOMBIA,SANTA MARTA,C I ACEPALMA S A,C I ACEPALMA S A,CARGILL BV,CARGILL,NETHERLANDS,EUROPEAN UNION,Palm kernel equivalents,22633687.14,20903.291
2017,COLOMBIA,SANTA MARTA,C I ACEPALMA S A,C I ACEPALMA S A,CARGILL BV,CARGILL,NETHERLANDS,EUROPEAN UNION,Palm kernel equivalents,22435774.54,17297.863
2018,COLOMBIA,SANTA MARTA,C I ACEPALMA S A,C I ACEPALMA S A,CARGILL BV,CARGILL,NETHERLANDS,EUROPEAN UNION,Palm kernel equivalents,19004743.46,16680.343
2014,COLOMBIA,SANTA MARTA,C I ACEPALMA S A,C I ACEPALMA S A,CARGILL DE MEXICO S A DE C V,CARGILL,MEXICO,MEXICO,Palm kernel equivalents,387588.4,334.25
2014,COLOMBIA,SANTA MARTA,C I ACEPALMA S A,C I ACEPALMA S A,CARGILL REFINED OILS EUROPE B V,CARGILL,NETHERLANDS,EUROPEAN UNION,Palm kernel equivalents,406059.78,406.568
2015,COLOMBIA,SANTA MARTA,C I ACEPALMA S A,C I ACEPALMA S A,CIA ARGENTINA DE LEVADURAS S A,CIA ARGENTINA DE LEVADURAS S A,ARGENTINA,ARGENTINA,Palm kernel equivalents,1005622.01,1135.555
2016,COLOMBIA,SANTA MARTA,C I ACEPALMA S A,C I ACEPALMA S A,CIA ARGENTINA DE LEVADURAS S A,CIA ARGENTINA DE LEVADURAS S A,ARGENTINA,ARGENTINA,Palm kernel equivalents,1413591.22,1004.99
2017,COLOMBIA,SANTA MARTA,C I ACEPALMA S A,C I ACEPALMA S A,CIA ARGENTINA DE LEVADURAS S A,CIA ARGENTINA DE LEVADURAS S A,ARGENTINA,ARGENTINA,Palm kernel equivalents,1624381.14,1161.22
2018,COLOMBIA,SANTA MARTA,C I ACEPALMA S A,C I ACEPALMA S A,CIA ARGENTINA DE LEVADURAS S A I C,CIA ARGENTINA DE LEVADURAS S A I C,ARGENTINA,ARGENTINA,Palm kernel equivalents,466939.12,410.92
2014,COLOMBIA,SANTA MARTA,C I ACEPALMA S A,C I ACEPALMA S A,CLARIANT ARGENTINA S A,CLARIANT ARGENTINA S A,ARGENTINA,ARGENTINA,Palm kernel equivalents,96098.91,83.76
2015,COLOMBIA,SANTA MARTA,C I ACEPALMA S A,C I ACEPALMA S A,CLARIANT ARGENTINA S A,CLARIANT ARGENTINA S A,ARGENTINA,ARGENTINA,Palm kernel equivalents,198133.91,191.805
2016,COLOMBIA,SANTA MARTA,C I ACEPALMA S A,C I ACEPALMA S A,CLARIANT ARGENTINA S A,CLARIANT ARGENTINA S A,ARGENTINA,ARGENTINA,Palm kernel equivalents,289192.43,235.565
2017,COLOMBIA,SANTA MARTA,C I ACEPALMA S A,C I ACEPALMA S A,CLARIANT ARGENTINA S A,CLARIANT ARGENTINA S A,ARGENTINA,ARGENTINA,Palm kernel equivalents,235192.36,188.01
2018,COLOMBIA,SANTA MARTA,C I ACEPALMA S A,C I ACEPALMA S A,CLARIANT ARGENTINA S A,CLARIANT ARGENTINA S A,ARGENTINA,ARGENTINA,Palm kernel equivalents,48616.8,43.1
2018,COLOMBIA,SANTA MARTA,C I ACEPALMA S A,C I ACEPALMA S A,COMPANIA ARGENTINA DE LEVADURAS S A I C,COMPANIA ARGENTINA DE LEVADURAS S A I C,ARGENTINA,ARGENTINA,Palm kernel equivalents,336848.72,307.89
2017,COLOMBIA,SANTA MARTA,C I ACEPALMA S A,C I ACEPALMA S A,ECUAQUIMICA C A,ECUAQUIMICA C A,BRAZIL,BRAZIL,Palm kernel equivalents,2188431.61,1815.508
2013,COLOMBIA,SANTA MARTA,C I ACEPALMA S A,C I ACEPALMA S A,ECUAQUIMICA C A,ECUAQUIMICA C A,MEXICO,MEXICO,Palm kernel equivalents,3904718.1,4839.952
2014,COLOMBIA,SANTA MARTA,C I ACEPALMA S A,C I ACEPALMA S A,ECUAQUIMICA C A,ECUAQUIMICA C A,MEXICO,MEXICO,Palm kernel equivalents,4507420.62,3859.096
2015,COLOMBIA,SANTA MARTA,C I ACEPALMA S A,C I ACEPALMA S A,ECUAQUIMICA C A,ECUAQUIMICA C A,MEXICO,MEXICO,Palm kernel equivalents,2799590.74,2884.651
2017,COLOMBIA,SANTA MARTA,C I ACEPALMA S A,C I ACEPALMA S A,ECUAQUIMICA C A,ECUAQUIMICA C A,MEXICO,MEXICO,Palm kernel equivalents,131007.86,100.006
2014,COLOMBIA,SANTA MARTA,C I ACEPALMA S A,C I ACEPALMA S A,ECUAQUIMICA C A,ECUAQUIMICA C A,NETHERLANDS,EUROPEAN UNION,Palm kernel equivalents,1740548.12,1530.129
2017,COLOMBIA,SANTA MARTA,C I ACEPALMA S A,C I ACEPALMA S A,ECUAQUIMICA C A,ECUAQUIMICA C A,NETHERLANDS,EUROPEAN UNION,Palm kernel equivalents,6970610.57,6588.955
2016,COLOMBIA,SANTA MARTA,C I ACEPALMA S A,C I ACEPALMA S A,ENZUR S A,ENZUR S A,URUGUAY,URUGUAY,Palm kernel equivalents,185793.83,126.7
2017,COLOMBIA,SANTA MARTA,C I ACEPALMA S A,C I ACEPALMA S A,ENZUR S A,ENZUR S A,URUGUAY,URUGUAY,Palm kernel equivalents,875274.13,663.885
2018,COLOMBIA,SANTA MARTA,C I ACEPALMA S A,C I ACEPALMA S A,ENZUR S A,ENZUR S A,URUGUAY,URUGUAY,Palm kernel equivalents,909317.8,802.82
2017,COLOMBIA,SANTA MARTA,C I ACEPALMA S A,C I ACEPALMA S A,ICOFORT   AGROINDUSTRIAL LTDA,ICOFORT   AGROINDUSTRIAL LTDA,BRAZIL,BRAZIL,Palm kernel equivalents,28768.5,21.31
2018,COLOMBIA,SANTA MARTA,C I ACEPALMA S A,C I ACEPALMA S A,IND DE PRODS ALIMENTICIOS PIRAQUE S A,IND DE PRODS ALIMENTICIOS PIRAQUE S A,BRAZIL,BRAZIL,Palm kernel equivalents,40607.71,42.79
2017,COLOMBIA,SANTA MARTA,C I ACEPALMA S A,C I ACEPALMA S A,IND QUIMICA DEL CENTRO S A DE C V,IND QUIMICA DEL CENTRO S A DE C V,MEXICO,MEXICO,Palm kernel equivalents,246146.73,204.63
2018,COLOMBIA,SANTA MARTA,C I ACEPALMA S A,C I ACEPALMA S A,IND QUIMICA DEL CENTRO S A DE C V,IND QUIMICA DEL CENTRO S A DE C V,MEXICO,MEXICO,Palm kernel equivalents,601143.38,618.61
2018,COLOMBIA,SANTA MARTA,C I ACEPALMA S A,C I ACEPALMA S A,INDS XHARA LTD,INDS XHARA LTD,BRAZIL,BRAZIL,Palm kernel equivalents,2748311.13,3249.991
2015,COLOMBIA,SANTA MARTA,C I ACEPALMA S A,C I ACEPALMA S A,INDUSTRIALIZADORA OLEOFINOS S A DE C V,INDUSTRIALIZADORA OLEOFINOS S A DE C V,MEXICO,MEXICO,Palm kernel equivalents,1853353.5,2000.252
2015,COLOMBIA,SANTA MARTA,C I ACEPALMA S A,C I ACEPALMA S A,INDUSTRIA QUIMICA ANASTACIO S A,INDUSTRIA QUIMICA ANASTACIO S A,BRAZIL,BRAZIL,Palm kernel equivalents,61607.58,63.38
2015,COLOMBIA,SANTA MARTA,C I ACEPALMA S A,C I ACEPALMA S A,IOI LODERS CROKLAAN OILS SDN BHD,IOI LODERS CROKLAAN OILS SDN BHD,NETHERLANDS,EUROPEAN UNION,Palm kernel equivalents,3535005.44,4416.257
2014,COLOMBIA,SANTA MARTA,C I ACEPALMA S A,C I ACEPALMA S A,JOSE GUMA S A,JOSE GUMA S A,ARGENTINA,ARGENTINA,Palm kernel equivalents,243937.02,209.665
2015,COLOMBIA,SANTA MARTA,C I ACEPALMA S A,C I ACEPALMA S A,JOSE GUMA S A,JOSE GUMA S A,ARGENTINA,ARGENTINA,Palm kernel equivalents,250937.19,274.715
2017,COLOMBIA,SANTA MARTA,C I ACEPALMA S A,C I ACEPALMA S A,JOSE GUMA S A,JOSE GUMA S A,ARGENTINA,ARGENTINA,Palm kernel equivalents,227305.2,172.25
2018,COLOMBIA,SANTA MARTA,C I ACEPALMA S A,C I ACEPALMA S A,JOSE GUMA S A,JOSE GUMA S A,ARGENTINA,ARGENTINA,Palm kernel equivalents,264722.47,208.335
2013,COLOMBIA,SANTA MARTA,C I ACEPALMA S A,C I ACEPALMA S A,LA FABRIL C POR A,LA FABRIL C POR A,DOMINICAN REPUBLIC,DOMINICAN REPUBLIC,Palm kernel equivalents,206248.02,250.91
2014,COLOMBIA,SANTA MARTA,C I ACEPALMA S A,C I ACEPALMA S A,LA FABRIL C POR A,LA FABRIL C POR A,DOMINICAN REPUBLIC,DOMINICAN REPUBLIC,Palm kernel equivalents,748173.59,655.009
2016,COLOMBIA,SANTA MARTA,C I ACEPALMA S A,C I ACEPALMA S A,LA FABRIL C POR A,LA FABRIL C POR A,DOMINICAN REPUBLIC,DOMINICAN REPUBLIC,Palm kernel equivalents,826526.65,750.315
2017,COLOMBIA,SANTA MARTA,C I ACEPALMA S A,C I ACEPALMA S A,LA FABRIL C POR A,LA FABRIL C POR A,DOMINICAN REPUBLIC,DOMINICAN REPUBLIC,Palm kernel equivalents,914954.86,675.91
2017,COLOMBIA,SANTA MARTA,C I ACEPALMA S A,C I ACEPALMA S A,LA FABRIL S A,LA FABRIL S A,DOMINICAN REPUBLIC,DOMINICAN REPUBLIC,Palm kernel equivalents,108342.24,103.88
2013,COLOMBIA,SANTA MARTA,C I ACEPALMA S A,C I ACEPALMA S A,M DIAS BRANCO INDUSTRIA E COMERCIO DE ALIMENTOS LTDA DIV GME,M DIAS BRANCO INDUSTRIA E COMERCIO DE ALIMENTOS LTDA DIV GME,BRAZIL,BRAZIL,Palm kernel equivalents,435936.09,448.958
2014,COLOMBIA,SANTA MARTA,C I ACEPALMA S A,C I ACEPALMA S A,M DIAS BRANCO INDUSTRIA E COMERCIO DE ALIMENTOS LTDA DIV GME,M DIAS BRANCO INDUSTRIA E COMERCIO DE ALIMENTOS LTDA DIV GME,BRAZIL,BRAZIL,Palm kernel equivalents,617730.15,552.323
2015,COLOMBIA,SANTA MARTA,C I ACEPALMA S A,C I ACEPALMA S A,M DIAS BRANCO INDUSTRIA E COMERCIO DE ALIMENTOS LTDA DIV GME,M DIAS BRANCO INDUSTRIA E COMERCIO DE ALIMENTOS LTDA DIV GME,BRAZIL,BRAZIL,Palm kernel equivalents,801710.18,822.295
2016,COLOMBIA,SANTA MARTA,C I ACEPALMA S A,C I ACEPALMA S A,M DIAS BRANCO INDUSTRIA E COMERCIO DE ALIMENTOS LTDA DIV GME,M DIAS BRANCO INDUSTRIA E COMERCIO DE ALIMENTOS LTDA DIV GME,BRAZIL,BRAZIL,Palm kernel equivalents,657826.7,530.855
2017,COLOMBIA,SANTA MARTA,C I ACEPALMA S A,C I ACEPALMA S A,M DIAS BRANCO INDUSTRIA E COMERCIO DE ALIMENTOS LTDA DIV GME,M DIAS BRANCO INDUSTRIA E COMERCIO DE ALIMENTOS LTDA DIV GME,BRAZIL,BRAZIL,Palm kernel equivalents,1214397.1,886.7
2018,COLOMBIA,SANTA MARTA,C I ACEPALMA S A,C I ACEPALMA S A,M DIAS BRANCO S A E CIO DE ALIMENTOS,M DIAS BRANCO S A E CIO DE ALIMENTOS,BRAZIL,BRAZIL,Palm kernel equivalents,267692.32,191.83
2016,COLOMBIA,SANTA MARTA,C I ACEPALMA S A,C I ACEPALMA S A,MERCASID SA,MERCASID SA,DOMINICAN REPUBLIC,DOMINICAN REPUBLIC,Palm kernel equivalents,245392,200.32
2015,COLOMBIA,SANTA MARTA,C I ACEPALMA S A,C I ACEPALMA S A,MIGUEL MARITANO IND DE JABONES S A,MIGUEL MARITANO IND DE JABONES S A,CHILE,CHILE,Palm kernel equivalents,39262.82,43.285
2015,COLOMBIA,SANTA MARTA,C I ACEPALMA S A,C I ACEPALMA S A,OLFAR,OLFAR,BRAZIL,BRAZIL,Palm kernel equivalents,220858.31,196.24
2018,COLOMBIA,SANTA MARTA,C I ACEPALMA S A,C I ACEPALMA S A,PASTERNAK BAUM AND CO INC,PASTERNAK BAUM AND CO INC,BRAZIL,BRAZIL,Palm kernel equivalents,5895210.05,5774.789
2018,COLOMBIA,SANTA MARTA,C I ACEPALMA S A,C I ACEPALMA S A,PASTERNAK BAUM AND CO INC,PASTERNAK BAUM AND CO INC,MEXICO,MEXICO,Palm kernel equivalents,1226383.15,973.924
2015,COLOMBIA,SANTA MARTA,C I ACEPALMA S A,C I ACEPALMA S A,RAZZO LTD,RAZZO LTD,BRAZIL,BRAZIL,Palm kernel equivalents,19440.28,21.41
2017,COLOMBIA,SANTA MARTA,C I ACEPALMA S A,C I ACEPALMA S A,RAZZO LTD,RAZZO LTD,BRAZIL,BRAZIL,Palm kernel equivalents,507985.09,427.77
2018,COLOMBIA,SANTA MARTA,C I ACEPALMA S A,C I ACEPALMA S A,REFINERIA DEL CENTRO S A,REFINERIA DEL CENTRO S A,ARGENTINA,ARGENTINA,Palm kernel equivalents,356353.66,301.7
2016,COLOMBIA,SANTA MARTA,C I ACEPALMA S A,C I ACEPALMA S A,REFRICENTRO S A,REFRICENTRO S A,ARGENTINA,ARGENTINA,Palm kernel equivalents,731527.4,511.425
2017,COLOMBIA,SANTA MARTA,C I ACEPALMA S A,C I ACEPALMA S A,REFRICENTRO S A,REFRICENTRO S A,ARGENTINA,ARGENTINA,Palm kernel equivalents,985903.18,839.35
2014,COLOMBIA,SANTA MARTA,C I ACEPALMA S A,C I ACEPALMA S A,VAN WIJK Y OLTHUIS B V,VAN WIJK Y OLTHUIS B V,NETHERLANDS,EUROPEAN UNION,Palm kernel equivalents,858233.38,1000.272
2014,COLOMBIA,SANTA MARTA,C I ACEPALMA S A,C I ACEPALMA S A,WATTS S A,WATTS S A,CHILE,CHILE,Palm kernel equivalents,18777.5,21.46
2016,COLOMBIA,SANTA MARTA,C I ACEPALMA S A,C I ACEPALMA S A,WATTS S A,WATTS S A,CHILE,CHILE,Palm kernel equivalents,748688.1,552.815
2017,COLOMBIA,SANTA MARTA,C I ACEPALMA S A,C I ACEPALMA S A,WATTS S A,WATTS S A,CHILE,CHILE,Palm kernel equivalents,877053.63,627.855
2018,COLOMBIA,SANTA MARTA,C I ACEPALMA S A,C I ACEPALMA S A,WATT S S A,WATT S S A,CHILE,CHILE,Palm kernel equivalents,326641.41,267.87
2013,COLOMBIA,SANTA MARTA,C I ACEPALMA S A,C I ACEPALMA S A,WILMAR EUROPE TRADING B V,WILMAR EUROPE TRADING B V,NETHERLANDS,EUROPEAN UNION,Palm kernel equivalents,857544.31,1122.837
2015,COLOMBIA,SANTA MARTA,C I ACEPALMA S A,C I ACEPALMA S A,WILMAR EUROPE TRADING B V,WILMAR EUROPE TRADING B V,NETHERLANDS,EUROPEAN UNION,Palm kernel equivalents,5924006.42,6684.197
2016,COLOMBIA,SANTA MARTA,C I ACEPALMA S A,C I ACEPALMA S A,WILMAR EUROPE TRADING B V,WILMAR EUROPE TRADING B V,NETHERLANDS,EUROPEAN UNION,Palm kernel equivalents,2247681.44,2615.172
2017,COLOMBIA,SANTA MARTA,C I ACEPALMA S A,C I ACEPALMA S A,WILMAR EUROPE TRADING B V,WILMAR EUROPE TRADING B V,NETHERLANDS,EUROPEAN UNION,Palm kernel equivalents,193770,200.798
2016,COLOMBIA,SANTA MARTA,C I BIOCOSTA S A,C I BIOCOSTA S A,CIA ARGENTINA DE LEVADURAS S A,CIA ARGENTINA DE LEVADURAS S A,ARGENTINA,ARGENTINA,Palm kernel equivalents,139792.5,91.35
2017,COLOMBIA,SANTA MARTA,C I BIOCOSTA S A,C I BIOCOSTA S A,CIA ARGENTINA DE LEVADURAS S A,CIA ARGENTINA DE LEVADURAS S A,ARGENTINA,ARGENTINA,Palm kernel equivalents,420648.5,274.87
2018,COLOMBIA,SANTA MARTA,C I BIOCOSTA S A,C I BIOCOSTA S A,CIA ARGENTINA DE LEVADURAS S A I C,CIA ARGENTINA DE LEVADURAS S A I C,ARGENTINA,ARGENTINA,Palm kernel equivalents,693814.43,657.04
2018,COLOMBIA,SANTA MARTA,C I BIOCOSTA S A,C I BIOCOSTA S A,COMPANIA ARGENTINA DE LEVADURAS S A I C,COMPANIA ARGENTINA DE LEVADURAS S A I C,ARGENTINA,ARGENTINA,Palm kernel equivalents,1132118.47,1179.495
2018,COLOMBIA,SANTA MARTA,C I BIOCOSTA S A,C I BIOCOSTA S A,ENZUR S A,ENZUR S A,URUGUAY,URUGUAY,Palm kernel equivalents,83117.53,87.495
2018,COLOMBIA,SANTA MARTA,C I BIOCOSTA S A,C I BIOCOSTA S A,GOLDEN AGRI INTL PTE LTD,GOLDEN AGRI INTL PTE LTD,ITALY,EUROPEAN UNION,Palm kernel equivalents,3449439.75,3005.359
2018,COLOMBIA,SANTA MARTA,C I BIOCOSTA S A,C I BIOCOSTA S A,IND DE PRODS ALIMENTICIOS PIRAQUE S A,IND DE PRODS ALIMENTICIOS PIRAQUE S A,BRAZIL,BRAZIL,Palm kernel equivalents,235593.32,235.35
2018,COLOMBIA,SANTA MARTA,C I BIOCOSTA S A,C I BIOCOSTA S A,INDS XHARA LTD,INDS XHARA LTD,BRAZIL,BRAZIL,Palm kernel equivalents,431410.58,700.16
2015,COLOMBIA,SANTA MARTA,C I BIOCOSTA S A,C I BIOCOSTA S A,INGENIERIA E INVS BEJOS LTDA,INGENIERIA E INVS BEJOS LTDA,CHILE,CHILE,Palm kernel equivalents,20495.5,20.71
2018,COLOMBIA,SANTA MARTA,C I BIOCOSTA S A,C I BIOCOSTA S A,JOSE GUMA S A,JOSE GUMA S A,ARGENTINA,ARGENTINA,Palm kernel equivalents,104836.35,89.37
2015,COLOMBIA,SANTA MARTA,C I BIOCOSTA S A,C I BIOCOSTA S A,LIPIDOS SANTIGA S A,LIPIDOS SANTIGA S A,SPAIN,EUROPEAN UNION,Palm kernel equivalents,222601.5,220
2018,COLOMBIA,SANTA MARTA,C I BIOCOSTA S A,C I BIOCOSTA S A,M DIAS BRANCO S A E CIO DE ALIMENTOS,M DIAS BRANCO S A E CIO DE ALIMENTOS,BRAZIL,BRAZIL,Palm kernel equivalents,743318.59,683.819
2016,COLOMBIA,SANTA MARTA,C I BIOCOSTA S A,C I BIOCOSTA S A,MIGUEL MARITANO IND DE JABONES S A,MIGUEL MARITANO IND DE JABONES S A,CHILE,CHILE,Palm kernel equivalents,31963.76,21.337
2018,COLOMBIA,SANTA MARTA,C I BIOCOSTA S A,C I BIOCOSTA S A,OLISPED S R L,OLISPED S R L,ITALY,EUROPEAN UNION,Palm kernel equivalents,393993.19,473.123
2018,COLOMBIA,SANTA MARTA,C I BIOCOSTA S A,C I BIOCOSTA S A,QUIMICA AMPARO LTD,QUIMICA AMPARO LTD,BRAZIL,BRAZIL,Palm kernel equivalents,630994.24,693.29
2018,COLOMBIA,SANTA MARTA,C I BIOCOSTA S A,C I BIOCOSTA S A,RAZZO LTD,RAZZO LTD,BRAZIL,BRAZIL,Palm kernel equivalents,142231.12,132.02
2016,COLOMBIA,SANTA MARTA,C I BIOCOSTA S A,C I BIOCOSTA S A,REFINERIA DEL CENTRO SA,REFINERIA DEL CENTRO SA,ARGENTINA,ARGENTINA,Palm kernel equivalents,345029.44,227.71
2018,COLOMBIA,SANTA MARTA,C I BIOCOSTA S A,C I BIOCOSTA S A,REFINERIA DEL CENTRO S A,REFINERIA DEL CENTRO S A,ARGENTINA,ARGENTINA,Palm kernel equivalents,439413.77,430.99
2017,COLOMBIA,SANTA MARTA,C I BIOCOSTA S A,C I BIOCOSTA S A,REFRICENTRO S A,REFRICENTRO S A,ARGENTINA,ARGENTINA,Palm kernel equivalents,250679,233.87
2015,COLOMBIA,SANTA MARTA,C I BIOCOSTA S A,C I BIOCOSTA S A,STARCHEM LLC,STARCHEM LLC,UNITED STATES,UNITED STATES,Palm kernel equivalents,19736.11,19.76
2016,COLOMBIA,SANTA MARTA,C I BIOCOSTA S A,C I BIOCOSTA S A,STARCHEM LLC,STARCHEM LLC,UNITED STATES,UNITED STATES,Palm kernel equivalents,63342.39,39.825
2018,COLOMBIA,SANTA MARTA,C I BIOCOSTA S A,C I BIOCOSTA S A,WATT S S A,WATT S S A,CHILE,CHILE,Palm kernel equivalents,119551.41,149.675
2018,COLOMBIA,SANTA MARTA,C I BIOCOSTA S A,C I BIOCOSTA S A,WILMAR EUROPE TRADING B V,WILMAR EUROPE TRADING B V,GERMANY,EUROPEAN UNION,Palm kernel equivalents,2008981.07,2239.658
2017,COLOMBIA,SANTA MARTA,C I BIOCOSTA S A,C I BIOCOSTA S A,WILMAR EUROPE TRADING B V,WILMAR EUROPE TRADING B V,NETHERLANDS,EUROPEAN UNION,Palm kernel equivalents,1324746.12,966.968
2018,COLOMBIA,SANTA MARTA,C I BIOCOSTA S A,C I BIOCOSTA S A,WILMAR EUROPE TRADING B V,WILMAR EUROPE TRADING B V,NETHERLANDS,EUROPEAN UNION,Palm kernel equivalents,3893319.77,3793.508
2014,COLOMBIA,SANTA MARTA,C I TEQUENDAMA S A S,C I TEQUENDAMA S A S,CARGILL DE MEXICO S A DE C V,CARGILL,MEXICO,MEXICO,Palm kernel equivalents,166185.42,128.69
2018,COLOMBIA,SANTA MARTA,C I TEQUENDAMA S A S,C I TEQUENDAMA S A S,CARIBBEAN ECO SOAPS USUARIO INDL DE BIENES Y SERVS,CARIBBEAN ECO SOAPS USUARIO INDL DE BIENES Y SERVS,COLOMBIA,COLOMBIA,Palm kernel equivalents,958690.2,770.595
2013,COLOMBIA,SANTA MARTA,C I TEQUENDAMA S A S,C I TEQUENDAMA S A S,CARIBBEAN ECO SOAPS USUARIO INDL DE BIENES Y SERVS,CARIBBEAN ECO SOAPS USUARIO INDL DE BIENES Y SERVS,ZONA FRANCA BARRANQUILLA,ZONA FRANCA BARRANQUILLA,Palm kernel equivalents,18238.01,18.18391
2014,COLOMBIA,SANTA MARTA,C I TEQUENDAMA S A S,C I TEQUENDAMA S A S,CARIBBEAN ECO SOAPS USUARIO INDL DE BIENES Y SERVS,CARIBBEAN ECO SOAPS USUARIO INDL DE BIENES Y SERVS,ZONA FRANCA BARRANQUILLA,ZONA FRANCA BARRANQUILLA,Palm kernel equivalents,33433.24,28.89066
2015,COLOMBIA,SANTA MARTA,C I TEQUENDAMA S A S,C I TEQUENDAMA S A S,CARIBBEAN ECO SOAPS USUARIO INDL DE BIENES Y SERVS,CARIBBEAN ECO SOAPS USUARIO INDL DE BIENES Y SERVS,ZONA FRANCA BARRANQUILLA,ZONA FRANCA BARRANQUILLA,Palm kernel equivalents,168689.5,139.79367
2013,COLOMBIA,SANTA MARTA,C I TEQUENDAMA S A S,C I TEQUENDAMA S A S,CARIBBEAN ECO SOAPS USUARIO INDL DE BIENES Y SERVS,CARIBBEAN ECO SOAPS USUARIO INDL DE BIENES Y SERVS,ZONA FRANCA CARTAGENA,ZONA FRANCA CARTAGENA,Palm kernel equivalents,42436.84,40.555
2014,COLOMBIA,SANTA MARTA,C I TEQUENDAMA S A S,C I TEQUENDAMA S A S,DAABON EUROPA GMBH,DAABON EUROPA GMBH,BELGIUM,EUROPEAN UNION,Palm kernel equivalents,0,0.002
2015,COLOMBIA,SANTA MARTA,C I TEQUENDAMA S A S,C I TEQUENDAMA S A S,DAABON EUROPA GMBH,DAABON EUROPA GMBH,NETHERLANDS,EUROPEAN UNION,Palm kernel equivalents,0,0.0024
2017,COLOMBIA,SANTA MARTA,C I TEQUENDAMA S A S,C I TEQUENDAMA S A S,DAABON EUROPA GMBH,DAABON EUROPA GMBH,NETHERLANDS,EUROPEAN UNION,Palm kernel equivalents,1,0.002
2018,COLOMBIA,SANTA MARTA,C I TEQUENDAMA S A S,C I TEQUENDAMA S A S,DAABON EUROPA GMBH,DAABON EUROPA GMBH,NETHERLANDS,EUROPEAN UNION,Palm kernel equivalents,1,0.002
2013,COLOMBIA,SANTA MARTA,C I TEQUENDAMA S A S,C I TEQUENDAMA S A S,DAABON INTL INC,DAABON INTL INC,AUSTRALIA,AUSTRALIA,Palm kernel equivalents,9685.95,9.195
2014,COLOMBIA,SANTA MARTA,C I TEQUENDAMA S A S,C I TEQUENDAMA S A S,DAABON INTL INC,DAABON INTL INC,AUSTRALIA,AUSTRALIA,Palm kernel equivalents,7065,4.5
2015,COLOMBIA,SANTA MARTA,C I TEQUENDAMA S A S,C I TEQUENDAMA S A S,DAABON INTL INC,DAABON INTL INC,AUSTRALIA,AUSTRALIA,Palm kernel equivalents,864.3,1.005
2016,COLOMBIA,SANTA MARTA,C I TEQUENDAMA S A S,C I TEQUENDAMA S A S,DAABON INTL INC,DAABON INTL INC,AUSTRALIA,AUSTRALIA,Palm kernel equivalents,984.9,1.005
2014,COLOMBIA,SANTA MARTA,C I TEQUENDAMA S A S,C I TEQUENDAMA S A S,DAABON INTL INC,DAABON INTL INC,BELGIUM,EUROPEAN UNION,Palm kernel equivalents,5072,3.8
2015,COLOMBIA,SANTA MARTA,C I TEQUENDAMA S A S,C I TEQUENDAMA S A S,DAABON INTL INC,DAABON INTL INC,BELGIUM,EUROPEAN UNION,Palm kernel equivalents,6134,7.4
2016,COLOMBIA,SANTA MARTA,C I TEQUENDAMA S A S,C I TEQUENDAMA S A S,DAABON INTL INC,DAABON INTL INC,BELGIUM,EUROPEAN UNION,Palm kernel equivalents,4806,5.4
2013,COLOMBIA,SANTA MARTA,C I TEQUENDAMA S A S,C I TEQUENDAMA S A S,DAABON INTL INC,DAABON INTL INC,CANADA,CANADA,Palm kernel equivalents,625.5,0.45
2014,COLOMBIA,SANTA MARTA,C I TEQUENDAMA S A S,C I TEQUENDAMA S A S,DAABON INTL INC,DAABON INTL INC,CANADA,CANADA,Palm kernel equivalents,10332,3.6
2015,COLOMBIA,SANTA MARTA,C I TEQUENDAMA S A S,C I TEQUENDAMA S A S,DAABON INTL INC,DAABON INTL INC,CANADA,CANADA,Palm kernel equivalents,20805,8.16
2013,COLOMBIA,SANTA MARTA,C I TEQUENDAMA S A S,C I TEQUENDAMA S A S,DAABON INTL INC,DAABON INTL INC,ISRAEL,ISRAEL,Palm kernel equivalents,1609.2,1.08
2014,COLOMBIA,SANTA MARTA,C I TEQUENDAMA S A S,C I TEQUENDAMA S A S,DAABON INTL INC,DAABON INTL INC,ISRAEL,ISRAEL,Palm kernel equivalents,2764.8,2.16
2015,COLOMBIA,SANTA MARTA,C I TEQUENDAMA S A S,C I TEQUENDAMA S A S,DAABON INTL INC,DAABON INTL INC,ISRAEL,ISRAEL,Palm kernel equivalents,2980.8,3.24
2014,COLOMBIA,SANTA MARTA,C I TEQUENDAMA S A S,C I TEQUENDAMA S A S,DAABON INTL INC,DAABON INTL INC,JAPAN,JAPAN,Palm kernel equivalents,150,0.1
2016,COLOMBIA,SANTA MARTA,C I TEQUENDAMA S A S,C I TEQUENDAMA S A S,DAABON INTL INC,DAABON INTL INC,JAPAN,JAPAN,Palm kernel equivalents,1064,0.95
2017,COLOMBIA,SANTA MARTA,C I TEQUENDAMA S A S,C I TEQUENDAMA S A S,DAABON INTL INC,DAABON INTL INC,JAPAN,JAPAN,Palm kernel equivalents,1453.5,0.95
2013,COLOMBIA,SANTA MARTA,C I TEQUENDAMA S A S,C I TEQUENDAMA S A S,DAABON INTL INC,DAABON INTL INC,NETHERLANDS,EUROPEAN UNION,Palm kernel equivalents,201732.3,172.16
2014,COLOMBIA,SANTA MARTA,C I TEQUENDAMA S A S,C I TEQUENDAMA S A S,DAABON INTL INC,DAABON INTL INC,NETHERLANDS,EUROPEAN UNION,Palm kernel equivalents,118035.1,84.01
2015,COLOMBIA,SANTA MARTA,C I TEQUENDAMA S A S,C I TEQUENDAMA S A S,DAABON INTL INC,DAABON INTL INC,NETHERLANDS,EUROPEAN UNION,Palm kernel equivalents,638052.28,775.278
2016,COLOMBIA,SANTA MARTA,C I TEQUENDAMA S A S,C I TEQUENDAMA S A S,DAABON INTL INC,DAABON INTL INC,NETHERLANDS,EUROPEAN UNION,Palm kernel equivalents,607905.75,603.68
2013,COLOMBIA,SANTA MARTA,C I TEQUENDAMA S A S,C I TEQUENDAMA S A S,DAABON INTL INC,DAABON INTL INC,UNITED STATES,UNITED STATES,Palm kernel equivalents,431562.75,241.575
2014,COLOMBIA,SANTA MARTA,C I TEQUENDAMA S A S,C I TEQUENDAMA S A S,DAABON INTL INC,DAABON INTL INC,UNITED STATES,UNITED STATES,Palm kernel equivalents,903922.2,514.9
2015,COLOMBIA,SANTA MARTA,C I TEQUENDAMA S A S,C I TEQUENDAMA S A S,DAABON INTL INC,DAABON INTL INC,UNITED STATES,UNITED STATES,Palm kernel equivalents,1263681.55,658.985
2016,COLOMBIA,SANTA MARTA,C I TEQUENDAMA S A S,C I TEQUENDAMA S A S,DAABON INTL INC,DAABON INTL INC,UNITED STATES,UNITED STATES,Palm kernel equivalents,322398.4,203.68
2013,COLOMBIA,SANTA MARTA,C I TEQUENDAMA S A S,C I TEQUENDAMA S A S,DAABON ORGANIC JAPAN CO LTD,DAABON ORGANIC JAPAN CO LTD,JAPAN,JAPAN,Palm kernel equivalents,0,0.018
2014,COLOMBIA,SANTA MARTA,C I TEQUENDAMA S A S,C I TEQUENDAMA S A S,DAABON ORGANIC JAPAN CO LTD,DAABON ORGANIC JAPAN CO LTD,JAPAN,JAPAN,Palm kernel equivalents,0,0.01
2013,COLOMBIA,SANTA MARTA,C I TEQUENDAMA S A S,C I TEQUENDAMA S A S,DAABON ORGANIC U S A,DAABON ORGANIC U S A,UNITED STATES,UNITED STATES,Palm kernel equivalents,0,0.00326
2018,COLOMBIA,SANTA MARTA,C I TEQUENDAMA S A S,C I TEQUENDAMA S A S,GLOBAL ORGANIC INC,GLOBAL ORGANIC INC,AUSTRALIA,AUSTRALIA,Palm kernel equivalents,6480,4.5
2018,COLOMBIA,SANTA MARTA,C I TEQUENDAMA S A S,C I TEQUENDAMA S A S,GLOBAL ORGANIC INC,GLOBAL ORGANIC INC,CANADA,CANADA,Palm kernel equivalents,17442,8.1
2018,COLOMBIA,SANTA MARTA,C I TEQUENDAMA S A S,C I TEQUENDAMA S A S,GLOBAL ORGANIC INC,GLOBAL ORGANIC INC,NETHERLANDS,EUROPEAN UNION,Palm kernel equivalents,698535.47,1033.001
2018,COLOMBIA,SANTA MARTA,C I TEQUENDAMA S A S,C I TEQUENDAMA S A S,GLOBAL ORGANIC INC,GLOBAL ORGANIC INC,UNITED STATES,UNITED STATES,Palm kernel equivalents,757000.5,397.71
2016,COLOMBIA,SANTA MARTA,C I TEQUENDAMA S A S,C I TEQUENDAMA S A S,GLOBAL ORGANICS,GLOBAL ORGANICS,AUSTRALIA,AUSTRALIA,Palm kernel equivalents,6210,4.5
2016,COLOMBIA,SANTA MARTA,C I TEQUENDAMA S A S,C I TEQUENDAMA S A S,GLOBAL ORGANICS,GLOBAL ORGANICS,BELGIUM,EUROPEAN UNION,Palm kernel equivalents,13554,9.9
2017,COLOMBIA,SANTA MARTA,C I TEQUENDAMA S A S,C I TEQUENDAMA S A S,GLOBAL ORGANICS,GLOBAL ORGANICS,BELGIUM,EUROPEAN UNION,Palm kernel equivalents,38078,26.36
2016,COLOMBIA,SANTA MARTA,C I TEQUENDAMA S A S,C I TEQUENDAMA S A S,GLOBAL ORGANICS,GLOBAL ORGANICS,CANADA,CANADA,Palm kernel equivalents,11394,5.4
2017,COLOMBIA,SANTA MARTA,C I TEQUENDAMA S A S,C I TEQUENDAMA S A S,GLOBAL ORGANICS,GLOBAL ORGANICS,CANADA,CANADA,Palm kernel equivalents,17442,8.1
2018,COLOMBIA,SANTA MARTA,C I TEQUENDAMA S A S,C I TEQUENDAMA S A S,GLOBAL ORGANICS,GLOBAL ORGANICS,CANADA,CANADA,Palm kernel equivalents,7236,2.7
2017,COLOMBIA,SANTA MARTA,C I TEQUENDAMA S A S,C I TEQUENDAMA S A S,GLOBAL ORGANICS,GLOBAL ORGANICS,GERMANY,EUROPEAN UNION,Palm kernel equivalents,21.15,0.015
2016,COLOMBIA,SANTA MARTA,C I TEQUENDAMA S A S,C I TEQUENDAMA S A S,GLOBAL ORGANICS,GLOBAL ORGANICS,ISRAEL,ISRAEL,Palm kernel equivalents,1522.8,1.08
2017,COLOMBIA,SANTA MARTA,C I TEQUENDAMA S A S,C I TEQUENDAMA S A S,GLOBAL ORGANICS,GLOBAL ORGANICS,ISRAEL,ISRAEL,Palm kernel equivalents,761.4,0.54
2018,COLOMBIA,SANTA MARTA,C I TEQUENDAMA S A S,C I TEQUENDAMA S A S,GLOBAL ORGANICS,GLOBAL ORGANICS,ISRAEL,ISRAEL,Palm kernel equivalents,1522.8,1.08
2017,COLOMBIA,SANTA MARTA,C I TEQUENDAMA S A S,C I TEQUENDAMA S A S,GLOBAL ORGANICS,GLOBAL ORGANICS,JAPAN,JAPAN,Palm kernel equivalents,214.5,0.15
2016,COLOMBIA,SANTA MARTA,C I TEQUENDAMA S A S,C I TEQUENDAMA S A S,GLOBAL ORGANICS,GLOBAL ORGANICS,NETHERLANDS,EUROPEAN UNION,Palm kernel equivalents,994104.5,1004.35
2017,COLOMBIA,SANTA MARTA,C I TEQUENDAMA S A S,C I TEQUENDAMA S A S,GLOBAL ORGANICS,GLOBAL ORGANICS,NETHERLANDS,EUROPEAN UNION,Palm kernel equivalents,3063968.49,3134.831
2018,COLOMBIA,SANTA MARTA,C I TEQUENDAMA S A S,C I TEQUENDAMA S A S,GLOBAL ORGANICS,GLOBAL ORGANICS,NETHERLANDS,EUROPEAN UNION,Palm kernel equivalents,7335.9,5.13
2016,COLOMBIA,SANTA MARTA,C I TEQUENDAMA S A S,C I TEQUENDAMA S A S,GLOBAL ORGANICS,GLOBAL ORGANICS,UNITED STATES,UNITED STATES,Palm kernel equivalents,1016845.52,599.632
2017,COLOMBIA,SANTA MARTA,C I TEQUENDAMA S A S,C I TEQUENDAMA S A S,GLOBAL ORGANICS,GLOBAL ORGANICS,UNITED STATES,UNITED STATES,Palm kernel equivalents,1411384.3,838.39
2018,COLOMBIA,SANTA MARTA,C I TEQUENDAMA S A S,C I TEQUENDAMA S A S,GLOBAL ORGANICS,GLOBAL ORGANICS,UNITED STATES,UNITED STATES,Palm kernel equivalents,805721.3,457.61
2018,COLOMBIA,SANTA MARTA,C I TEQUENDAMA S A S,C I TEQUENDAMA S A S,PASTERNAK BAUM AND CO INC,PASTERNAK BAUM AND CO INC,BRAZIL,BRAZIL,Palm kernel equivalents,369304.84,314.302
2016,COLOMBIA,SANTA MARTA,C I TEQUENDAMA S A S,C I TEQUENDAMA S A S,PASTERNAK BAUM Y CO INC,PASTERNAK BAUM Y CO INC,ARGENTINA,ARGENTINA,Palm kernel equivalents,371518.75,293.69
2014,COLOMBIA,SANTA MARTA,C I TEQUENDAMA S A S,C I TEQUENDAMA S A S,PASTERNAK BAUM Y CO INC,PASTERNAK BAUM Y CO INC,MEXICO,MEXICO,Palm kernel equivalents,759743.69,583.668
2014,COLOMBIA,SANTA MARTA,C I TEQUENDAMA S A S,C I TEQUENDAMA S A S,PASTERNAK BAUM Y CO INC,PASTERNAK BAUM Y CO INC,NETHERLANDS,EUROPEAN UNION,Palm kernel equivalents,455396.09,493.28
2015,COLOMBIA,SANTA MARTA,C I TEQUENDAMA S A S,C I TEQUENDAMA S A S,PASTERNAK BAUM Y CO INC,PASTERNAK BAUM Y CO INC,NETHERLANDS,EUROPEAN UNION,Palm kernel equivalents,462244.53,500.909
2017,COLOMBIA,SANTA MARTA,C I TEQUENDAMA S A S,C I TEQUENDAMA S A S,PASTERNAK BAUM Y CO INC,PASTERNAK BAUM Y CO INC,NETHERLANDS,EUROPEAN UNION,Palm kernel equivalents,1184250.88,901.119
2018,COLOMBIA,SANTA MARTA,C I TEQUENDAMA S A S,C I TEQUENDAMA S A S,QUIMICA AMPARO LTD,QUIMICA AMPARO LTD,BRAZIL,BRAZIL,Palm kernel equivalents,79834.3,87.73
2016,COLOMBIA,SANTA MARTA,INDUTRADE COLOMBIA S A S,INDUTRADE COLOMBIA S A S,ACEITERA GENERAL DEHEZA SA.,ACEITERA GENERAL DEHEZA SA.,ARGENTINA,ARGENTINA,Palm kernel equivalents,21743.25,21.14
2018,COLOMBIA,SANTA MARTA,INDUTRADE COLOMBIA S A S,INDUTRADE COLOMBIA S A S,ALMAD AGROINDUSTRIAL LTDA,ALMAD AGROINDUSTRIA LTD,BRAZIL,BRAZIL,Palm kernel equivalents,211182.82,176.6
2015,COLOMBIA,SANTA MARTA,INDUTRADE COLOMBIA S A S,INDUTRADE COLOMBIA S A S,AVEX SA,AVEX S A,ARGENTINA,ARGENTINA,Palm kernel equivalents,19264.36,21.88
2016,COLOMBIA,SANTA MARTA,INDUTRADE COLOMBIA S A S,INDUTRADE COLOMBIA S A S,AVEX SA,AVEX S A,ARGENTINA,ARGENTINA,Palm kernel equivalents,1613871.02,1370.28
2017,COLOMBIA,SANTA MARTA,INDUTRADE COLOMBIA S A S,INDUTRADE COLOMBIA S A S,AVEX SA,AVEX S A,ARGENTINA,ARGENTINA,Palm kernel equivalents,1323514.57,839.05
2018,COLOMBIA,SANTA MARTA,INDUTRADE COLOMBIA S A S,INDUTRADE COLOMBIA S A S,AVEX SA,AVEX S A,ARGENTINA,ARGENTINA,Palm kernel equivalents,1909973.56,1588.84
2016,COLOMBIA,SANTA MARTA,INDUTRADE COLOMBIA S A S,INDUTRADE COLOMBIA S A S,AVEX SA,AVEX S A,CHILE,CHILE,Palm kernel equivalents,361231.74,260.64
2016,COLOMBIA,SANTA MARTA,INDUTRADE COLOMBIA S A S,INDUTRADE COLOMBIA S A S,CAMILO FERRON CHILE S A,CAMILO FERRON CHILE S A,CHILE,CHILE,Palm kernel equivalents,241512.21,213.13
2017,COLOMBIA,SANTA MARTA,INDUTRADE COLOMBIA S A S,INDUTRADE COLOMBIA S A S,CAMILO FERRON CHILE S A,CAMILO FERRON CHILE S A,CHILE,CHILE,Palm kernel equivalents,2650338.73,1903.025
2018,COLOMBIA,SANTA MARTA,INDUTRADE COLOMBIA S A S,INDUTRADE COLOMBIA S A S,CAMILO FERRON CHILE S A,CAMILO FERRON CHILE S A,CHILE,CHILE,Palm kernel equivalents,655369.58,456.425
2016,COLOMBIA,SANTA MARTA,INDUTRADE COLOMBIA S A S,INDUTRADE COLOMBIA S A S,CARGILL BV,CARGILL,GERMANY,EUROPEAN UNION,Palm kernel equivalents,658550.5,509.714
2015,COLOMBIA,SANTA MARTA,INDUTRADE COLOMBIA S A S,INDUTRADE COLOMBIA S A S,CIA ARGENTINA DE LEVADURAS S A,CIA ARGENTINA DE LEVADURAS S A,ARGENTINA,ARGENTINA,Palm kernel equivalents,397367.29,511.545
2016,COLOMBIA,SANTA MARTA,INDUTRADE COLOMBIA S A S,INDUTRADE COLOMBIA S A S,CIA ARGENTINA DE LEVADURAS S A,CIA ARGENTINA DE LEVADURAS S A,ARGENTINA,ARGENTINA,Palm kernel equivalents,359969.29,322.34
2013,COLOMBIA,SANTA MARTA,INDUTRADE COLOMBIA S A S,INDUTRADE COLOMBIA S A S,CLARIANT ARGENTINA S A,CLARIANT ARGENTINA S A,ARGENTINA,ARGENTINA,Palm kernel equivalents,43956.21,43.521
2014,COLOMBIA,SANTA MARTA,INDUTRADE COLOMBIA S A S,INDUTRADE COLOMBIA S A S,CLARIANT ARGENTINA S A,CLARIANT ARGENTINA S A,ARGENTINA,ARGENTINA,Palm kernel equivalents,179503.16,127.05
2015,COLOMBIA,SANTA MARTA,INDUTRADE COLOMBIA S A S,INDUTRADE COLOMBIA S A S,CLARIANT ARGENTINA S A,CLARIANT ARGENTINA S A,ARGENTINA,ARGENTINA,Palm kernel equivalents,205453,219.395
2016,COLOMBIA,SANTA MARTA,INDUTRADE COLOMBIA S A S,INDUTRADE COLOMBIA S A S,CLARIANT ARGENTINA S A,CLARIANT ARGENTINA S A,ARGENTINA,ARGENTINA,Palm kernel equivalents,275320.77,196.37
2017,COLOMBIA,SANTA MARTA,INDUTRADE COLOMBIA S A S,INDUTRADE COLOMBIA S A S,CLARIANT ARGENTINA S A,CLARIANT ARGENTINA S A,ARGENTINA,ARGENTINA,Palm kernel equivalents,430121.54,282.88
2018,COLOMBIA,SANTA MARTA,INDUTRADE COLOMBIA S A S,INDUTRADE COLOMBIA S A S,CLARIANT ARGENTINA S A,CLARIANT ARGENTINA S A,ARGENTINA,ARGENTINA,Palm kernel equivalents,93889.9,88.35
2013,COLOMBIA,SANTA MARTA,INDUTRADE COLOMBIA S A S,INDUTRADE COLOMBIA S A S,ENZUR S A,ENZUR S A,URUGUAY,URUGUAY,Palm kernel equivalents,81454.66,83.117
2014,COLOMBIA,SANTA MARTA,INDUTRADE COLOMBIA S A S,INDUTRADE COLOMBIA S A S,ENZUR S A,ENZUR S A,URUGUAY,URUGUAY,Palm kernel equivalents,222146.82,190.178
2015,COLOMBIA,SANTA MARTA,INDUTRADE COLOMBIA S A S,INDUTRADE COLOMBIA S A S,ENZUR S A,ENZUR S A,URUGUAY,URUGUAY,Palm kernel equivalents,161849.78,171.341
2016,COLOMBIA,SANTA MARTA,INDUTRADE COLOMBIA S A S,INDUTRADE COLOMBIA S A S,ENZUR S A,ENZUR S A,URUGUAY,URUGUAY,Palm kernel equivalents,89948.26,66.06
2017,COLOMBIA,SANTA MARTA,INDUTRADE COLOMBIA S A S,INDUTRADE COLOMBIA S A S,ENZUR S A,ENZUR S A,URUGUAY,URUGUAY,Palm kernel equivalents,366541.22,280.67
2018,COLOMBIA,SANTA MARTA,INDUTRADE COLOMBIA S A S,INDUTRADE COLOMBIA S A S,ENZUR S A,ENZUR S A,URUGUAY,URUGUAY,Palm kernel equivalents,557459.89,560.67
2016,COLOMBIA,SANTA MARTA,INDUTRADE COLOMBIA S A S,INDUTRADE COLOMBIA S A S,ESPALSA S A,ESPALSA S A,DOMINICAN REPUBLIC,DOMINICAN REPUBLIC,Palm kernel equivalents,21488.78,21.47
2017,COLOMBIA,SANTA MARTA,INDUTRADE COLOMBIA S A S,INDUTRADE COLOMBIA S A S,INDIOQUIMICA S A,INDIOQUIMICA S A,ARGENTINA,ARGENTINA,Palm kernel equivalents,41613.8,30.688
2018,COLOMBIA,SANTA MARTA,INDUTRADE COLOMBIA S A S,INDUTRADE COLOMBIA S A S,INDIOQUIMICA S A,INDIOQUIMICA S A,ARGENTINA,ARGENTINA,Palm kernel equivalents,34171.18,30
2013,COLOMBIA,SANTA MARTA,INDUTRADE COLOMBIA S A S,INDUTRADE COLOMBIA S A S,JOSE GUMA S A,JOSE GUMA S A,ARGENTINA,ARGENTINA,Palm kernel equivalents,304288.41,306.977
2014,COLOMBIA,SANTA MARTA,INDUTRADE COLOMBIA S A S,INDUTRADE COLOMBIA S A S,JOSE GUMA S A,JOSE GUMA S A,ARGENTINA,ARGENTINA,Palm kernel equivalents,170985.4,127.74
2015,COLOMBIA,SANTA MARTA,INDUTRADE COLOMBIA S A S,INDUTRADE COLOMBIA S A S,JOSE GUMA S A,JOSE GUMA S A,ARGENTINA,ARGENTINA,Palm kernel equivalents,308586.34,304.145
2017,COLOMBIA,SANTA MARTA,INDUTRADE COLOMBIA S A S,INDUTRADE COLOMBIA S A S,JOSE GUMA S A,JOSE GUMA S A,ARGENTINA,ARGENTINA,Palm kernel equivalents,85357.8,44.08
2018,COLOMBIA,SANTA MARTA,INDUTRADE COLOMBIA S A S,INDUTRADE COLOMBIA S A S,MAIAN IMP E EXP DE PRODS QUIMICOS LTD,MAIAN IMP E EXP DE PRODS QUIMICOS LTD,BRAZIL,BRAZIL,Palm kernel equivalents,43993.4,43.39
2014,COLOMBIA,SANTA MARTA,INDUTRADE COLOMBIA S A S,INDUTRADE COLOMBIA S A S,MEMPHIS S P A,MEMPHIS S P A,BRAZIL,BRAZIL,Palm kernel equivalents,87745.2,81.868
2015,COLOMBIA,SANTA MARTA,INDUTRADE COLOMBIA S A S,INDUTRADE COLOMBIA S A S,MEMPHIS S P A,MEMPHIS S P A,BRAZIL,BRAZIL,Palm kernel equivalents,31448.36,42.15
2014,COLOMBIA,SANTA MARTA,INDUTRADE COLOMBIA S A S,INDUTRADE COLOMBIA S A S,MIGUEL MARITANO IND DE JABONES S A,MIGUEL MARITANO IND DE JABONES S A,CHILE,CHILE,Palm kernel equivalents,78273.99,62.786
2015,COLOMBIA,SANTA MARTA,INDUTRADE COLOMBIA S A S,INDUTRADE COLOMBIA S A S,MIGUEL MARITANO IND DE JABONES S A,MIGUEL MARITANO IND DE JABONES S A,CHILE,CHILE,Palm kernel equivalents,45257.99,41.27
2018,COLOMBIA,SANTA MARTA,INDUTRADE COLOMBIA S A S,INDUTRADE COLOMBIA S A S,MIGUEL MARITANO IND DE JABONES S A,MIGUEL MARITANO IND DE JABONES S A,CHILE,CHILE,Palm kernel equivalents,42004.92,42.13
2018,COLOMBIA,SANTA MARTA,INDUTRADE COLOMBIA S A S,INDUTRADE COLOMBIA S A S,QUALICOCO LTD,QUALICOCO LTD,BRAZIL,BRAZIL,Palm kernel equivalents,17756,15
2018,COLOMBIA,SANTA MARTA,INDUTRADE COLOMBIA S A S,INDUTRADE COLOMBIA S A S,QUIMICA AMPARO LTD,QUIMICA AMPARO LTD,BRAZIL,BRAZIL,Palm kernel equivalents,456362.59,470.63
2018,COLOMBIA,SANTA MARTA,INDUTRADE COLOMBIA S A S,INDUTRADE COLOMBIA S A S,QUIMICA RHENIUM S A,QUIMICA RHENIUM S A,CHILE,CHILE,Palm kernel equivalents,22852.15,21.61
2013,COLOMBIA,SANTA MARTA,INDUTRADE COLOMBIA S A S,INDUTRADE COLOMBIA S A S,RAZZO LTD,RAZZO LTD,BRAZIL,BRAZIL,Palm kernel equivalents,1297352.11,1355.01
2014,COLOMBIA,SANTA MARTA,INDUTRADE COLOMBIA S A S,INDUTRADE COLOMBIA S A S,RAZZO LTD,RAZZO LTD,BRAZIL,BRAZIL,Palm kernel equivalents,758672.66,643.07
2015,COLOMBIA,SANTA MARTA,INDUTRADE COLOMBIA S A S,INDUTRADE COLOMBIA S A S,RAZZO LTD,RAZZO LTD,BRAZIL,BRAZIL,Palm kernel equivalents,205098.62,218.76
2015,COLOMBIA,SANTA MARTA,INDUTRADE COLOMBIA S A S,INDUTRADE COLOMBIA S A S,RAZZO LTD,RAZZO LTD,CHILE,CHILE,Palm kernel equivalents,129074.25,129.758
2015,COLOMBIA,SANTA MARTA,INDUTRADE COLOMBIA S A S,INDUTRADE COLOMBIA S A S,REFINERIA DE GRASAS SUDAMERICANA S A,REFINERIA DE GRASAS SUDAMERICANA S A,ARGENTINA,ARGENTINA,Palm kernel equivalents,97115.35,124.27
2016,COLOMBIA,SANTA MARTA,INDUTRADE COLOMBIA S A S,INDUTRADE COLOMBIA S A S,REFINERIA DE GRASAS SUDAMERICANA S A,REFINERIA DE GRASAS SUDAMERICANA S A,ARGENTINA,ARGENTINA,Palm kernel equivalents,428795.14,324.29
2017,COLOMBIA,SANTA MARTA,INDUTRADE COLOMBIA S A S,INDUTRADE COLOMBIA S A S,REFINERIA DE GRASAS SUDAMERICANA S A,REFINERIA DE GRASAS SUDAMERICANA S A,ARGENTINA,ARGENTINA,Palm kernel equivalents,206505.56,173.11
2018,COLOMBIA,SANTA MARTA,INDUTRADE COLOMBIA S A S,INDUTRADE COLOMBIA S A S,REFINERIA DE GRASAS SUDAMERICANA S A,REFINERIA DE GRASAS SUDAMERICANA S A,ARGENTINA,ARGENTINA,Palm kernel equivalents,151772.14,129.65
2018,COLOMBIA,SANTA MARTA,INDUTRADE COLOMBIA S A S,INDUTRADE COLOMBIA S A S,REFINERIAS DE GRASAS SUDAMERICANA S A,REFINERIAS DE GRASAS SUDAMERICANA S A,ARGENTINA,ARGENTINA,Palm kernel equivalents,128540.04,147.34
2015,COLOMBIA,SANTA MARTA,INDUTRADE COLOMBIA S A S,INDUTRADE COLOMBIA S A S,SULFAQUIM S R L,SULFAQUIM S R L,URUGUAY,URUGUAY,Palm kernel equivalents,18437,16.95
2013,COLOMBIA,SANTA MARTA,INDUTRADE COLOMBIA S A S,INDUTRADE COLOMBIA S A S,TRIANGULO ALIMENTOS LTDA,TRIANGULO ALIMENTOS LTDA,BRAZIL,BRAZIL,Palm kernel equivalents,943100.47,1039.24
2014,COLOMBIA,SANTA MARTA,INDUTRADE COLOMBIA S A S,INDUTRADE COLOMBIA S A S,TRIANGULO ALIMENTOS LTDA,TRIANGULO ALIMENTOS LTDA,BRAZIL,BRAZIL,Palm kernel equivalents,953262.37,743.08
2013,COLOMBIA,SANTA MARTA,INDUTRADE COLOMBIA S A S,INDUTRADE COLOMBIA S A S,WATTS S A,WATTS S A,CHILE,CHILE,Palm kernel equivalents,2076264.69,2112.05
2014,COLOMBIA,SANTA MARTA,INDUTRADE COLOMBIA S A S,INDUTRADE COLOMBIA S A S,WATTS S A,WATTS S A,CHILE,CHILE,Palm kernel equivalents,4176910.1,3340.256
2015,COLOMBIA,SANTA MARTA,INDUTRADE COLOMBIA S A S,INDUTRADE COLOMBIA S A S,WATTS S A,WATTS S A,CHILE,CHILE,Palm kernel equivalents,3209799.34,3037.82
2016,COLOMBIA,SANTA MARTA,INDUTRADE COLOMBIA S A S,INDUTRADE COLOMBIA S A S,WATTS S A,WATTS S A,CHILE,CHILE,Palm kernel equivalents,811324.7,575.865
2017,COLOMBIA,SANTA MARTA,INDUTRADE COLOMBIA S A S,INDUTRADE COLOMBIA S A S,WATTS S A,WATTS S A,CHILE,CHILE,Palm kernel equivalents,1803405.54,1228.29
2018,COLOMBIA,SANTA MARTA,INDUTRADE COLOMBIA S A S,INDUTRADE COLOMBIA S A S,WATT S S A,WATT S S A,CHILE,CHILE,Palm kernel equivalents,739255.06,540.35
2015,COLOMBIA,SANTA MARTA,INDUTRADE COLOMBIA S A S,INDUTRADE COLOMBIA S A S,WATT S,WATT S,CHILE,CHILE,Palm kernel equivalents,62589.04,63.655
2016,COLOMBIA,SANTA MARTA,INDUTRADE SOCIEDAD DE COMERCIALIZACION INTERNACIONAL S A S,INDUTRADE SOCIEDAD DE COMERCIALIZACION INTERNACIONAL S A S,INDUSTRIALIZADORA OLEOFINOS S A DE C V,INDUSTRIALIZADORA OLEOFINOS S A DE C V,MEXICO,MEXICO,Palm kernel equivalents,387591.12,487.536
2016,COLOMBIA,SANTA MARTA,SOC DE COMERCIALIZACION INTERNACIONAL MIRA LTDA,SOC DE COMERCIALIZACION INTERNACIONAL MIRA LTDA,INTER-CONTINENTAL OILS & FATS PTE LTD,INTER-CONTINENTAL OILS & FATS PTE LTD,NETHERLANDS,EUROPEAN UNION,Palm kernel equivalents,955481.59,999.186
2014,COLOMBIA,SANTA MARTA,SOC DE COMERCIALIZACION INTERNACIONAL MIRA LTDA,SOC DE COMERCIALIZACION INTERNACIONAL MIRA LTDA,KLK EMMERICH GMBH,KLK EMMERICH GMBH,NETHERLANDS,EUROPEAN UNION,Palm kernel equivalents,1209838.12,1007.359
2016,COLOMBIA,SANTA MARTA,SOC DE COMERCIALIZACION INTERNACIONAL MIRA LTDA,SOC DE COMERCIALIZACION INTERNACIONAL MIRA LTDA,KLK EMMERICH GMBH,KLK EMMERICH GMBH,NETHERLANDS,EUROPEAN UNION,Palm kernel equivalents,1027801.69,1000.06
2015,COLOMBIA,SANTA MARTA,SOC DE COMERCIALIZACION INTERNACIONAL MIRA LTDA,SOC DE COMERCIALIZACION INTERNACIONAL MIRA LTDA,LIPIDOS SANTIGA S A,LIPIDOS SANTIGA S A,SPAIN,EUROPEAN UNION,Palm kernel equivalents,378996.62,407.44
2016,COLOMBIA,SANTA MARTA,SOC DE COMERCIALIZACION INTERNACIONAL MIRA LTDA,SOC DE COMERCIALIZACION INTERNACIONAL MIRA LTDA,LIPIDOS SANTIGA S A,LIPIDOS SANTIGA S A,SPAIN,EUROPEAN UNION,Palm kernel equivalents,2554245.5,2630.09
2016,COLOMBIA,SANTA MARTA,SOC DE COMERCIALIZACION INTERNACIONAL MIRA LTDA,SOC DE COMERCIALIZACION INTERNACIONAL MIRA LTDA,SIME DARBY UNIMILLS B V,SIME DARBY UNIMILLS B V,NETHERLANDS,EUROPEAN UNION,Palm kernel equivalents,865795.75,1000.307
2017,COLOMBIA,TUMACO,SOC DE COMERCIALIZACION INTERNACIONAL MIRA LTDA,SOC DE COMERCIALIZACION INTERNACIONAL MIRA LTDA,E M C CORP,E M C CORP,ITALY,EUROPEAN UNION,Palm kernel equivalents,133965.59,80.22
2014,COLOMBIA,TUMACO,SOC DE COMERCIALIZACION INTERNACIONAL MIRA LTDA,SOC DE COMERCIALIZACION INTERNACIONAL MIRA LTDA,KLK EMMERICH GMBH,KLK EMMERICH GMBH,NETHERLANDS,EUROPEAN UNION,Palm kernel equivalents,100491.26,97.093
2017,COLOMBIA,TUMACO,SOC DE COMERCIALIZACION INTERNACIONAL MIRA LTDA,SOC DE COMERCIALIZACION INTERNACIONAL MIRA LTDA,LIPIDOS DE SANTIGA SA,LIPIDOS DE SANTIGA SA,SPAIN,EUROPEAN UNION,Palm kernel equivalents,144365,111.05
2015,COLOMBIA,TUMACO,SOC DE COMERCIALIZACION INTERNACIONAL MIRA LTDA,SOC DE COMERCIALIZACION INTERNACIONAL MIRA LTDA,LIPIDOS SANTIGA S A,LIPIDOS SANTIGA S A,SPAIN,EUROPEAN UNION,Palm kernel equivalents,355209.92,379.075
2016,COLOMBIA,TUMACO,SOC DE COMERCIALIZACION INTERNACIONAL MIRA LTDA,SOC DE COMERCIALIZACION INTERNACIONAL MIRA LTDA,LIPIDOS SANTIGA S A,LIPIDOS SANTIGA S A,SPAIN,EUROPEAN UNION,Palm kernel equivalents,427699.2,375.36
2017,COLOMBIA,TUMACO,SOC DE COMERCIALIZACION INTERNACIONAL MIRA LTDA,SOC DE COMERCIALIZACION INTERNACIONAL MIRA LTDA,LOUIS DREYFUS COMMODITIES ESPANA SA,LOUIS DREYFUS,SPAIN,EUROPEAN UNION,Palm kernel equivalents,127099.1,132.81
2018,COLOMBIA,TUMACO,SOC DE COMERCIALIZACION INTL MIRA LTDA,SOC DE COMERCIALIZACION INTL MIRA LTDA,LES HUILERIES DU SOUSS BELHASSAN,LES HUILERIES DU SOUSS BELHASSAN,MOROCCO,MOROCCO,Palm kernel equivalents,145483.14,200.39
2018,COLOMBIA,TUMACO,SOC DE COMERCIALIZACION INTL MIRA LTDA,SOC DE COMERCIALIZACION INTL MIRA LTDA,LIPIDOS SANTIGA S A,LIPIDOS SANTIGA S A,SPAIN,EUROPEAN UNION,Palm kernel equivalents,425864.69,443.17
